i_mean,q_mean,i_std,q_std,i_var,q_var,iq_cov,amplitude_mean,amplitude_std,amplitude_var,phase_mean,phase_std,real_kurtosis_like,imag_kurtosis_like,papr_db,snr_db,channel_type,modulation
-0.0036675644563707393,0.027904075455573125,0.7077600384449351,0.70653171164302,0.5009242720195759,0.49918705955721554,0.012006412415969957,1.000170496211292,0.023714943418042547,0.0005623985413209596,0.04435270643374632,1.7598530483920305,1.004565393938419,1.010821437353862,0.7894488895849278,29.418716023046116,Rayleigh,QPSK
-0.00799567777353109,-0.0045442664485030645,0.7111953135878584,0.7097216733039202,0.5057987740693323,0.5037048535573165,0.005044434261350451,1.0020310278717293,0.0743103494110191,0.005522028029587748,-0.015886605225896477,1.7654644574724536,1.0438363423680443,1.043121662228692,1.9222731009015768,19.567337601318073,AWGN,QPSK
-0.005260975463346392,-0.002598638834051494,0.7246238664754626,0.726739066834373,0.5250797478658491,0.5281496712632952,-0.0024110613408418525,1.0125265492168534,0.167492796999664,0.028053837046770648,-0.008039500067734557,1.7669737527282356,1.210745265406091,1.2089717265978919,3.9302087718361007,12.473993178677578,Rayleigh,QPSK
0.005983836821310882,0.010407534974346589,0.7104401330371786,0.7097229484633748,0.504725182629884,0.5037066635755462,-0.009727562836939206,1.002717608361527,0.055976487693634565,0.0031333671745156218,0.036668618450057845,1.751142449412155,1.024954993846629,1.0266048848050509,1.574811267999624,21.954930336219324,Rayleigh,QPSK
0.01015297797225002,0.0014745600887319812,0.7074273031047263,0.7077406300255886,0.5004533891780263,0.5008967993890171,-0.00812679853183844,1.0004402628985198,0.023973448390748293,0.0005747262277438718,0.017119846866527313,1.7462842205339266,1.0053242026796603,1.0045658765620264,0.8739414869708485,29.429989336608305,Rayleigh,QPSK
0.010460792615133949,0.0005771856422643562,0.7330252819338956,0.7296072915664692,0.5373260639542671,0.5323267999069589,0.016653487534365748,1.0168345738909865,0.18923550017521656,0.03581007452656439,-0.018393441770926378,1.759022757811565,1.2656534052556876,1.2600880244148387,4.04628319361744,11.449599668126138,Rayleigh,QPSK
0.00857635706075277,0.0017510934722383253,0.7103790382129007,0.7099260397477813,0.5046383779322858,0.5039949819119683,0.0032319275004688555,1.0023169701886396,0.06380181302205978,0.004070671344901877,0.0006910485473250699,1.7491958382330588,1.0342095331789674,1.032410059362518,1.8083602824474967,20.80407226628192,Rayleigh,QPSK
0.008259549324304708,0.012788338622162745,0.7121514413618922,0.7127157737082808,0.5071596754338207,0.5079637740925933,0.0019462420147644815,1.0038154845204497,0.08780480808671577,0.007709684323144987,0.022118854092632007,1.749759160369228,1.0613805723932537,1.0631761387038674,2.118429455550142,17.986919821174816,Rayleigh,QPSK
-0.00575306678427252,0.005047703773197401,0.7434069992355318,0.7365844844351733,0.552653966512378,0.5425567027106301,0.0012104812995131805,1.024439943014287,0.2139907695922852,0.04579204947069849,-0.0015089844385219647,1.7750632699214317,1.3289914275277384,1.3272205148272989,4.503032467785965,10.231271120317405,AWGN,QPSK
0.001877373739435499,0.0033022353375587402,0.7082300151964057,0.707666517132327,0.5015897544251011,0.5007918994701981,0.0013245525718649685,1.000532253537833,0.03648688553695543,0.0013312928161868872,0.003604991950280014,1.7554016738919238,1.0107893077678813,1.0107474776296903,1.004937214091878,25.690227480029236,AWGN,QPSK
0.006894134054488745,-0.012240623331147484,0.7099489013289819,0.7097394193366199,0.5040274424982285,0.5037300433602824,0.004681541465517144,1.001409366756591,0.07165282949451629,0.005134127974570224,-0.03297186096382429,1.7502465396774491,1.0411738228499008,1.042369754843853,2.001860904581288,19.81365551006673,AWGN,QPSK
-0.0025399171515058,-0.003647699474515623,0.710802069594933,0.7117424495773854,0.50523958214044,0.5065773145304171,-0.00577853909309523,1.0020608881068822,0.0878101935306838,0.007710630087896142,-0.0018180108736943566,1.760800908071854,1.0617143009800294,1.0616075723809675,2.5226068284611407,18.00101028107102,AWGN,QPSK
0.01139037108873282,-0.0017733242978100153,0.7162748242671934,0.7148293992338882,0.5130496238789987,0.5109810700090816,-0.005576268961354904,1.007405885044183,0.09642075450353423,0.009296961899030816,0.008709053204543142,1.7496029463361018,1.072559506496012,1.0719797939938251,2.5917932191014175,17.37181506512922,AWGN,QPSK
-0.003137825705359065,0.004857574159026073,0.710368387639133,0.7096939332739186,0.5046232461570216,0.5036654789258053,0.006895161351705334,1.0019376112925176,0.0666572586980443,0.004443190137138002,0.001916974835213921,1.7605908484988213,1.035073116029857,1.035772159100738,2.139782930524055,20.418674511761026,Rayleigh,QPSK
0.00043805448692892384,-0.0033578678308058096,0.713530493080801,0.713567966076557,0.509125764556131,0.5091792422106344,-0.011035663735284315,1.004827934523813,0.09293705361951168,0.00863729593547599,0.009911319216122953,1.7573539892388952,1.0681515809019468,1.0679947781655488,2.5992096101857296,17.668628432379172,AWGN,QPSK
-0.0003860872235754124,-0.003148854883776724,0.7076668784294878,0.7077714433939115,0.5007924108261355,0.5009404160839009,0.006291967881205884,1.0004112572023849,0.030334925798548823,0.000920207723203463,-0.01860497890452877,1.7568529778171622,1.0074038877896332,1.0073316967110195,0.922906209450921,27.364846322388953,Rayleigh,QPSK
-0.002119202565528715,0.0018680023857644912,0.7110951519134352,0.7122546030306084,0.5056563150747915,0.5073066195382896,0.008904977470660881,1.003769726520542,0.07360197814178801,0.005417251186384241,-0.012851044104465326,1.759013172132027,1.0435619484603278,1.0427176940163558,2.232693961535613,19.632051643351964,AWGN,QPSK
0.004592817953558098,-0.000870778369430118,0.7481054214954477,0.7426485720427356,0.5596617216708814,0.5515269015571143,-0.004008941967479109,1.0283185912794153,0.2318865030329224,0.05377135028883753,0.011123734093638519,1.77130998269701,1.3733374919429393,1.383704809614004,4.811292327796417,9.585792835870635,Rayleigh,QPSK
-0.0038855413707722278,-0.016426581303018727,0.7112644186712597,0.7119951383751647,0.505897073267765,0.50693707706987,0.0009647088545464379,1.0031955946327638,0.08196144979256509,0.006717679252099168,-0.041981250440053935,1.7597183271681154,1.05254211145259,1.054783081253292,2.1655436082306996,18.8528362801262,Rayleigh,QPSK
-0.00614226447331544,0.00965701611527015,0.7134966579258059,0.7127773152866002,0.5090774808712945,0.5080515011871733,0.0038981803749045868,1.0044800595061913,0.0909932826422741,0.008279777486016781,0.01151554625884112,1.764835641709406,1.0650225098348756,1.0629378232872932,2.351339950866613,17.830360197627293,Rayleigh,QPSK
-0.0029512015593162796,-0.0004242259898130986,0.7403187691103312,0.7377889138408494,0.5480718798970359,0.5443324813864604,0.0034336849925481368,1.0229829553687668,0.21428747949148644,0.045919123866814224,0.005546530709189963,1.774284063361622,1.3432392793441676,1.3301431441665563,4.936490047392469,10.241460806483245,AWGN,QPSK
-0.003159463836132633,-0.004528646624531626,0.7101029381898396,0.7109525808824125,0.5042461828258431,0.5054535722633634,-0.009598203210702328,1.0022536458278588,0.07223486253848085,0.005217875365953224,0.006803037510049131,1.7615600396760274,1.0408284964764896,1.0423214852388039,2.1230283139524038,19.755142610617845,AWGN,QPSK
0.004156994707545948,0.00552824641953621,0.796099208875848,0.7957495408262233,0.633773950372751,0.6332173317251453,-0.0077701448568517194,1.0685422275548866,0.3539161371616321,0.12525663214341118,0.015516047667265878,1.7880825974910122,1.7480406916873146,1.7621027937899587,6.815432908441812,5.734267813116885,AWGN,QPSK
-0.00016251369965333143,-0.0025872075154132587,0.7082476040411764,0.7092771325091015,0.501614668630067,0.5030740507003335,0.007788587357682749,1.0015263088165434,0.04050298917537423,0.0016404921321404825,-0.01925298973217602,1.7566649376122678,1.0129854141605552,1.0131495196347777,1.362864881604674,24.79282406049898,AWGN,QPSK
-0.0033624464051888203,0.0016409209276347352,0.8087069302947442,0.8011791444987191,0.6540068991067481,0.6418880215796994,-0.0020470899485450344,1.08086207283531,0.35727594217904285,0.12764609885992276,0.014783030625226037,1.7936047133883501,1.7861723242230427,1.7678074175630019,6.158138391941854,5.459499792671678,AWGN,QPSK
-0.013956894968232499,0.022631908840405328,0.7094655367347074,0.7094836512517539,0.5033413478142664,0.5033670513935203,0.0029745427818931433,1.0016781860022184,0.0636883749989493,0.004056209110006791,0.049208359423720385,1.7706826104337363,1.0341428694856925,1.0364582067415062,1.5844865677475215,20.821410689206402,Rayleigh,QPSK
0.0021816376282613272,0.011005262491540855,0.7103254918069157,0.710531417557548,0.5045623043107367,0.5048548953363386,0.005909251182345129,1.0028644898131618,0.06169189625964628,0.0038058900641109584,0.01298214793366496,1.7542070819690834,1.031387688713703,1.0304949654179394,1.819880235080347,21.2041752561215,AWGN,QPSK
0.006843113258749184,-0.007522875852874917,0.73317657702232,0.7268430859170569,0.5375478930941658,0.5283008715454303,-0.0059495210002937764,1.017643519699894,0.1742235727810023,0.03035385331257721,-0.018180235788012134,1.7599065357632306,1.2239070313013067,1.2287276080820924,4.200658175225976,12.11366216661457,Rayleigh,QPSK
-0.0021897492014930713,-0.006885912281795415,0.7076448714491854,0.7078769315781183,0.5007612640883341,0.5010897502604519,-0.0004071891659100906,1.0001409006590762,0.04026666074006897,0.0016214039671558114,-0.01395865654049568,1.7589520919457136,1.0130169051862736,1.0132399097409335,1.0659682203730538,24.905453901758356,Rayleigh,QPSK
-0.015173303645135125,-0.002291936857311429,0.7644812786547176,0.7722045118905805,0.584431625413552,0.5962998081841696,0.006848817294370899,1.0499142470469636,0.28044070596758,0.07864698956359464,-0.022690649417780342,1.7938412360696039,1.5376744777836189,1.5290519868341317,5.492469339522684,7.797562910539527,AWGN,QPSK
-0.005194096172951521,-0.0015611800099380538,0.7082538569973156,0.7094023939513996,0.501623525951574,0.5032517565439768,0.005059116838198371,1.0017504703554638,0.03742584075521918,0.0014006935562350252,-0.011614276987640972,1.761955962746064,1.0114550234549498,1.0112512760512757,1.1072045014689962,25.454121347195418,Rayleigh,QPSK
-0.02520049011433553,-0.011133849428452023,0.7076727370853084,0.7079913041376663,0.5008007028138121,0.5012516867345536,-0.002166237416678023,1.0009620922525937,0.02977090403017641,0.0008863067267739741,-0.021267746299518085,1.7810682878735988,1.0118551753785556,1.008125388451242,0.7906479731542381,27.449672534613093,AWGN,QPSK
-0.00021099831754588374,0.004687421052161544,0.7097011201304932,0.7084059884134831,0.5036756799144768,0.501839044420084,-0.008240011088253561,1.0013747215650677,0.05277696260163506,0.0027854077814543853,0.022393011925715644,1.7586862250054194,1.0220057541805045,1.0219349967279936,1.4819607419638714,22.684590852380705,Rayleigh,QPSK
-0.0025678068232598355,-0.0010570748430344303,0.7155826183493066,0.7128460514770936,0.5120584836836494,0.5081494931064832,0.0028984941780935995,1.0051587420659887,0.09935588094097612,0.009871591077557421,-0.011581930036269915,1.7605501227640943,1.076568834949082,1.077619255925059,2.655933323142735,17.052814936001724,AWGN,QPSK
0.001301642184482091,0.0026223678180722974,0.713291335544125,0.7111050984250739,0.5087845293623217,0.505670461006134,-0.009298111114863124,1.003444900280448,0.08695914877094339,0.007561893554967065,0.020797776611498744,1.7584651013248658,1.0589169085449024,1.0575235157302603,2.2361511047619507,18.25728637748133,Rayleigh,QPSK
0.006383623901035201,-0.009522451106802278,0.7609218648982148,0.7636594758765685,0.5790020844801771,0.5831757950960752,0.002119152472292763,1.0411511926398311,0.2798454955329837,0.07831350137010122,-0.00939319428067494,1.771940369062837,1.5296534236321073,1.5266801158583965,5.451450456227799,7.992022867128807,Rayleigh,QPSK
0.0013837180113570686,0.0029297274788835192,0.7103513051455427,0.7125682341799425,0.5045989767219758,0.5077534883623215,0.006121377507861339,1.0028682808981801,0.08135216181062128,0.0066181742312615074,-0.003340489332578208,1.756006697409095,1.0511272233232976,1.0524700669109188,2.7630360737691726,18.753472220692096,Rayleigh,QPSK
0.011717634127810624,0.005426463795417147,0.7201331687543836,0.7224196210983408,0.5185917807402295,0.5218901089478702,-0.0002560764116726197,1.0101674187000742,0.14216337553605296,0.02021042534380482,0.002310196059598323,1.7476633246174407,1.1548603942279074,1.158034911251225,3.554782971612505,13.919116680754394,AWGN,QPSK
-0.002398362610449826,0.0018498738534129778,0.7431019291252309,0.7379630228721581,0.5522004770696396,0.5445894231266134,0.007537051440157089,1.0217999112816891,0.22961710667428478,0.05272401567746987,-0.01318651727498022,1.7775761846182478,1.3817188625065102,1.3788042874829534,5.204834288081552,9.7258649614818,Rayleigh,QPSK
-0.00042895234087598073,-0.016597364334747892,0.7107856248048561,0.7124657310982165,0.5052162044292297,0.5076074179893162,-0.0002552769362910094,1.0033215798471995,0.08028129504708434,0.006445086334437008,-0.03549893516947025,1.7572992270002499,1.0498059022577377,1.0527250066802611,2.1519689350048656,18.944469373521905,Rayleigh,QPSK
0.0023765393568619952,0.0013798300113089922,0.7150534345601461,0.715034318476723,0.5113014142762612,0.5112740765994719,0.006529222328438291,1.0062261471592115,0.10045886481061077,0.010091983519036571,-0.011486706080818785,1.75709316226843,1.076369360972187,1.0783494297550174,2.7910539249886543,16.933355294632072,Rayleigh,QPSK
0.023963847178193335,-0.0028052958177193334,0.7185211243718991,0.7176095234798743,0.516272606168658,0.5149634281890123,-0.011123992048549572,1.0088430395091141,0.11854911070053147,0.014053891647886863,0.0070847814314385195,1.7378467865096527,1.112221916447355,1.108803423282478,3.005596968224176,15.487156356854282,Rayleigh,QPSK
0.006733979244454663,0.004113590720005939,0.71282484357729,0.7112991098237433,0.5081192576209881,0.5059464236360497,0.0007426042324386404,1.0031232383884852,0.08872270265897472,0.00787171796711284,0.005447917705135948,1.7509982136535645,1.0621541771530323,1.0617347707328644,2.280097704506478,18.10667545932233,AWGN,QPSK
-0.021994854932636636,-0.013004583270278227,0.7152347329751809,0.7138088232962262,0.5115607232540783,0.5095230362155431,-0.0020826771210493656,1.0056613774844683,0.10189134475118201,0.010381846135204226,-0.019171249868367147,1.7819369464998822,1.0873513517933728,1.0818601938347694,2.6650068351267837,16.71797014326688,AWGN,QPSK
0.01600277363266749,-0.0007983780542845427,0.7386929922481615,0.7358784832057877,0.5456673367965424,0.5415171420452508,0.014025525111174017,1.0219839450440953,0.20734035083735344,0.042990021085356815,-0.019995039474108023,1.7557189787653351,1.3113649163556598,1.3137399300470318,4.504898603757378,10.44746376881858,AWGN,QPSK
0.019089101274625053,0.0043707227535456274,0.7103508762292535,0.7114406923913748,0.5045983673596682,0.5061478587903186,-0.0014679356383127992,1.0028611645162964,0.07347930225489345,0.00539920785986599,0.010230502063215616,1.737798821092904,1.045984075694155,1.0423498636665234,2.0974820927962496,19.73449576541396,Rayleigh,QPSK
0.0005124203420857361,0.0034121399972367713,0.7080603980189712,0.7071458928313473,0.5013495272427839,0.5000553137482434,0.0005040658375456278,1.0003528871522074,0.026661722210658184,0.0007108474312383039,0.00506872637610225,1.756098951813941,1.0057267527657814,1.0057508880939827,0.7993811627711799,28.40895567566268,Rayleigh,QPSK
0.0016632765702412338,-0.007870435509173554,0.7157294805491858,0.7148951739243352,0.5122686893272074,0.5110751097003055,0.0039951449349599315,1.0057731841391628,0.10876033899421181,0.01182881133813587,-0.016484557177396577,1.7577970754384025,1.0924271829784598,1.0897740798166846,3.0650880756403964,16.166124000831182,Rayleigh,QPSK
-0.025014552200417504,0.013761118707716229,0.7089962091408627,0.7101722182512796,0.5026756245761139,0.5043445795759431,-0.004689883844686894,1.0020987286919922,0.06027800855888857,0.003633438315825443,0.03847375895082939,1.7803781478307614,1.0350405344042501,1.0290400147190548,1.7063707666760566,21.40825226001913,Rayleigh,QPSK
-0.0004911214160973116,0.009589203066348011,0.7896759670826293,0.7950459136522378,0.6235881329878858,0.6320980048151215,0.0017773339911174484,1.0663956428204453,0.3443525298183093,0.1185786647922696,0.026485717171132607,1.7906177494595876,1.7400466443498257,1.702964570253705,6.485572549100374,6.054136277003018,Rayleigh,QPSK
-0.002542648541924978,0.001508536522565796,0.71039323321106,0.7105883109846849,0.5046585457920635,0.5049357477080673,0.009946822712844612,1.002818164667514,0.06291870037641387,0.003958762857056942,-0.01481923844782382,1.7600926960930054,1.0306300325968731,1.0314670149976286,1.8554057326325866,21.088468433576946,AWGN,QPSK
0.012515793279282655,0.007239851756049687,0.707469552208775,0.7086469771444439,0.5005131673024847,0.502180538215958,0.0064147755597437385,1.0004451095118971,0.04485921206430588,0.0020123489070303664,0.006566775945511585,1.744118148876663,1.016960781436174,1.0171562678324355,1.2195672980315813,24.004240346415493,Rayleigh,QPSK
-0.006593997789889397,0.013829792048906938,0.7085230420053396,0.7087529905150729,0.5020049010525002,0.502330801564059,-0.008787307640303305,1.0010549234719208,0.04959321288397002,0.00245948676415477,0.043009276056910885,1.7628852283051395,1.0203161103023197,1.0211264399755189,1.4553525034723722,23.03777286130339,Rayleigh,QPSK
0.008679060400165334,0.003511240318798504,0.7077199472769118,0.7077319324774537,0.5008675237736347,0.500884488248271,-0.002552311587444117,1.0003640824136626,0.03333720949003866,0.0011113695365827236,0.013540109191297122,1.7479966603191035,1.0094473685292258,1.0088369024341464,1.0139774246056068,26.60557938779128,AWGN,QPSK
-0.005427446217564958,-0.0010965449330749301,0.7090135097850275,0.7097050147032357,0.5027001570576833,0.50368120789492,0.008047678286248201,1.00149103256239,0.058546872102236074,0.0034277362329555887,-0.011033000927688733,1.7615956482830435,1.0271355754056515,1.026691537364137,1.5931348713440332,21.61074452027408,Rayleigh,QPSK
-0.012767313261020178,-0.006600284389279545,0.7139658107882273,0.7150576185397247,0.5097471789744908,0.5113073978317025,-0.009813260360485609,1.0049590526727625,0.10638819154013945,0.0113184472991814,0.005725247763514354,1.7712221786127933,1.0906494372419762,1.0859861529777974,2.7160301817173726,16.39332560453039,AWGN,QPSK
0.005392477291316146,-0.008030801575882922,0.7210723006866478,0.7212339823959013,0.5199452628175355,0.5201784573626512,0.012728780066337275,1.009839546317911,0.14297336625368628,0.020441383457910717,-0.03304180350601165,1.7550236425852759,1.156645351896171,1.1518985372100174,3.3875826728262135,14.053549902812192,Rayleigh,QPSK
-0.019345770210975846,0.020303981816798673,0.7194307334385208,0.7174592815257607,0.517580580215888,0.5147478206474607,0.012282262700693668,1.0065114170629628,0.14159688798814773,0.020049678687928053,0.028655210941470714,1.783130605672588,1.15829121409177,1.1570736108382986,3.578134669500275,13.928224628134293,AWGN,QPSK
0.004628897228181685,-0.0033004827334624895,0.8083018875732063,0.808408049287574,0.6533519414544082,0.6535235741529408,-0.010793844870220686,1.0846497390984544,0.3611686295303437,0.13044277895682663,-0.009011515477045455,1.787870802798528,1.7661286433348589,1.780191425666968,6.404131456745036,5.4536831397831484,Rayleigh,QPSK
-0.0014232418276308543,0.002633838985656634,0.71410245682233,0.7151788339572009,0.5099423188396877,0.5114807645403816,-0.0030811291614571013,1.006247423894828,0.09433010129430319,0.008898168010193502,0.011400335898008915,1.7598173084996558,1.0700459754674638,1.0700598952828495,2.357359458276579,17.41178112906408,Rayleigh,QPSK
-0.017432338345154823,0.00936948453663327,0.7213294141239528,0.7237898894199788,0.520316123680405,0.5238718040265851,0.006874509901399252,1.0116264873028855,0.1455728393446983,0.021191451554877342,0.0075538827705876775,1.7765142062226915,1.1587184522061378,1.1570087035307213,3.7033841017295845,13.74118923958222,Rayleigh,QPSK
-0.006417433896710566,0.0015517317704043987,0.7095910575007773,0.7109600046774612,0.5035194688850715,0.5054641282509758,-0.011372135159407083,1.002217427284635,0.06773047255350326,0.004587416912320858,0.019178724735439957,1.763312545630126,1.035938053361943,1.036299739043577,1.9143277709487205,20.30959275084579,AWGN,QPSK
-0.0027157817996785022,0.01597877319307567,0.7225263911243719,0.7168720060437375,0.5220443858712088,0.5139054730491723,-0.013197908039213559,1.0078230492009403,0.14319656798694383,0.020505257083239425,0.04594514182773583,1.7668716456711406,1.1611507670245405,1.157487462084127,4.060508560437325,13.81040730469292,AWGN,QPSK
0.011416383338738685,0.003027184368986846,0.7079684716976817,0.7089801718044602,0.5012193569179512,0.5026528840118819,-0.006691468575824084,1.0006716789695753,0.05165200375382209,0.0026679294917848514,0.016173717571087595,1.7454454726244049,1.0223887528439715,1.0208100177064265,1.5049324405911553,22.746420287773546,AWGN,QPSK
-0.0013288642819507502,0.013468181019304108,0.709784997213023,0.7078909601467226,0.503794742268691,0.5011096114574488,-0.005480905370330629,1.0011656838932188,0.05248604482157239,0.0027547849010121058,0.04146997616972981,1.7582233907844462,1.0214412586426729,1.0234893936488145,1.4144352778830993,22.56278094870186,Rayleigh,QPSK
0.008814066154649206,-0.00011607708910397029,0.7327337554651298,0.7319562720768535,0.5368987563980325,0.5357599842326448,0.004512566266473535,1.0193560917716442,0.18343827309148422,0.03364960003478594,-0.011752548848857644,1.7582169513412698,1.247892555981984,1.2457791108806628,4.310442150634075,11.657468227672723,Rayleigh,QPSK
-0.011260695506775225,-0.006255215129747712,0.7167658525268509,0.7158860157879228,0.5137532873485433,0.512492787600706,0.0009708392646909093,1.0067985828837438,0.11299831605891393,0.012768619432150205,-0.011311118964602412,1.7703256047896547,1.101396537973609,1.1047199868239617,3.102139612593141,15.680000525119246,AWGN,QPSK
-0.0024114186876559407,0.007160868821602339,0.7324875390605667,0.7340493581957094,0.5365379948790052,0.5388284602675328,-0.0010097778820045492,1.0170499660902796,0.2025658278305265,0.04103291460466651,0.013158462550517284,1.7674200619524159,1.3002148599076693,1.2906188993834775,4.363694790135504,10.66612318779047,AWGN,QPSK
-0.014169653117207926,-0.008997335262640955,0.7730863625400999,0.7706211549403154,0.5976625239454828,0.5938569644415456,0.008736415451635338,1.048228268678576,0.3049896985824834,0.0930187162414341,-0.02715214884925502,1.7981555521733428,1.6240170573592172,1.5961690191709428,6.579616065968269,7.090562019034409,Rayleigh,QPSK
0.002608717420203889,-0.0019788480410309166,0.707095136294072,0.7076708100933051,0.4999835317707321,0.5007979754581148,-0.005652308650810737,1.0000551862883094,0.02611231228463123,0.0006818528528501031,0.0021076708601020545,1.7536795732194457,1.0056405353705022,1.005433510031297,0.8016961375752247,28.58405347355983,Rayleigh,QPSK
-0.008154930083891829,0.015685685297846575,0.81020009817792,0.808262243387676,0.6564241990875113,0.6532878540860788,0.01098765547483978,1.0830914337017545,0.37005073033761754,0.13693754302340413,0.014337126016450343,1.8039453897227915,1.8379705124725232,1.8330951820837458,6.760173540090757,5.112812613449847,Rayleigh,QPSK
-0.0030714946526028382,0.01319899505078993,0.7750493584043506,0.7776817240859197,0.6007015079629955,0.6047888639772485,0.004415650922559829,1.0524885619148392,0.31295662084133846,0.09794184652842927,0.03339082372082527,1.7837519528376462,1.638744064417834,1.6379752188229446,6.162689637209321,6.924836618129255,Rayleigh,QPSK
-0.010548261707317203,-0.0023484967146991066,0.7072756813941772,0.7077395381644638,0.5002388894915977,0.5008952538812484,0.010606711903630033,1.0003359226930644,0.024061720730791283,0.000578966404526591,-0.021982594615611944,1.766283407652076,1.0055593414068444,1.0047048629648412,0.670189942499809,29.268410005694456,Rayleigh,QPSK
0.00019348434002325213,0.007961090108957937,0.7096583796435553,0.7096117310083183,0.5036150157983165,0.5035488087846219,-0.0011037474617551512,1.0023021105907786,0.051163659760829656,0.0026177200801219395,0.019240268373163352,1.756352321815708,1.020721282879418,1.0207516367089011,1.4467824010489023,22.849421383492185,Rayleigh,QPSK
-0.020714386296573836,-0.004164817792830792,0.7283392962036263,0.7307928354151859,0.5304781303943936,0.534058168294167,-0.004752355775432579,1.0137372363823993,0.19318267460418642,0.03731954576722697,-0.0005725165505072126,1.7884773026813867,1.2752626704384755,1.2716078248614104,4.5482939743064925,11.304769326858828,AWGN,QPSK
0.002410115070024059,0.008661876036999581,0.7874860252391073,0.7754951367756198,0.6201342399468879,0.6013927071626373,0.002580853027785448,1.0582084325232,0.3190653494152072,0.10180269719744826,0.0008154162660370121,1.7822333965200807,1.6545278377114785,1.6544022266788054,5.760760525619846,6.70635244682478,AWGN,QPSK
0.0019291025202512445,0.01345646184289098,0.7121635447708481,0.7101570910756133,0.5071769145005798,0.504323094004977,-0.0021738109714352152,1.0035806475515956,0.06716167186230215,0.004510690167339548,0.030912394426905045,1.7556722708305177,1.0359945638241754,1.036959380268116,1.7179462652885544,20.371831954200907,Rayleigh,QPSK
0.015746905478059698,-0.0031856392812720947,0.7201062014741934,0.7220461131786526,0.5185529414015915,0.5213505895563997,-0.005591376571311203,1.0101177083804538,0.14079722832491082,0.01982385950397707,0.004349785879268789,1.7459752197539684,1.1518069055590348,1.1498661498718428,3.8966010894181053,14.038933843996702,Rayleigh,QPSK
-0.002803575596231346,0.0016595553333839824,0.7567858470962128,0.760679105444609,0.5727248183651323,0.5786327014600107,0.007935278947629937,1.0379494608865663,0.2720828010559611,0.07402905063045773,-0.014910526897451253,1.776702772677067,1.5052505605692508,1.4846582867406897,5.216910586524466,8.271301433543726,AWGN,QPSK
0.011232788171453439,-0.007416143327441439,0.7239966095778996,0.7273015827796286,0.5241710906802935,0.528967592313753,0.009753533861096186,1.0141878943101166,0.15729835581091214,0.02474277274081632,-0.024243525621871737,1.7512373662188108,1.1909509224784895,1.1873468882868317,4.245276483969388,12.858724342217924,AWGN,QPSK
0.005586220795109904,0.0019431867373879285,0.7070063932393034,0.7079086826375668,0.49985804008124846,0.5011347029536553,-0.007674360646463463,1.0002317831114456,0.023750893163624644,0.0005641049260699119,0.016154483527299264,1.7505518050471665,1.004845850010355,1.0043412197328627,0.789792244079641,29.4712970263465,AWGN,QPSK
-0.0009342873389193575,0.005197583628795053,0.7079805304160354,0.7073871198655624,0.5012364314481708,0.5003965373516955,-0.006753906055002656,1.0004181570933013,0.028711801168146887,0.0008243675263192009,0.022951379715429356,1.7574590358387467,1.006661027139809,1.0067595383500842,1.0038749191301526,27.869599931073566,AWGN,QPSK
0.0020005776684847184,0.008875061403764995,0.7421301855394468,0.7400066119022989,0.5507572122888137,0.5476097856591197,-0.002141096742854861,1.023584777451827,0.22521982670882962,0.05072397034275524,0.013153658782686867,1.7730354571407627,1.354963737180144,1.3694397011386532,5.418658813826461,9.864735437433884,Rayleigh,QPSK
0.015844007257050763,0.003073520837592796,0.7121216609952292,0.711118676022479,0.5071172600586042,0.5056897713879634,-0.008685570842082045,1.0032872058383688,0.08051268933470543,0.0064822931439067885,0.02308208062452801,1.742864457369346,1.0536536996179686,1.0487276558428158,2.0884049672370733,18.935869789778536,Rayleigh,QPSK
-0.012334465742535411,-0.00013261397629165392,0.7314036342340771,0.7342047808756536,0.5349512761708155,0.5390566602606665,-0.0032631464690672835,1.0185020878599165,0.19186867927854642,0.03681359008809371,-0.0008819902062765422,1.7815882929306481,1.2647269406342088,1.2741530074070915,4.328457104098863,11.108374549653306,AWGN,QPSK
0.000740290154308477,-0.004090411542218052,0.7074663906213572,0.7084952950022414,0.5005086938588108,0.5019655830403131,0.006992097142163869,1.0008916743064071,0.026597231046446942,0.0007074126993380811,-0.020041123690911475,1.7551156971407245,1.0056195914922816,1.005770772438422,0.81084909295647,28.515846709112548,Rayleigh,QPSK
-0.016307498110218678,-0.0030659355828771325,0.7327214841464296,0.7360330617437948,0.5368807733297464,0.5417446679799448,-0.005201655974156016,1.0171569958261717,0.21045764801304234,0.04429242160718163,0.0021772417143805607,1.7823888310459193,1.3192508463140815,1.3218063632044303,4.593850072975105,10.56718362064807,AWGN,QPSK
-0.002780960272444776,-0.005596903052222291,0.7213093269266305,0.7226891932252184,0.5202871451113488,0.522279670004517,0.005848203552220554,1.0108709729351109,0.14403385107987995,0.020745750256901035,-0.02138812918558032,1.7625420246410886,1.1595319795220216,1.1549125477046778,3.5334750462654396,13.802325552709434,Rayleigh,QPSK
0.0074896492175383226,0.0018410060144687086,0.7547676040360022,0.7535696480215985,0.5696741361022474,0.5678672144193959,0.001750637466159774,1.0341687319138522,0.260951851117951,0.06809586860188527,-0.015044076308832673,1.7717206397166694,1.4752390055459448,1.4682004873348806,5.448931056726867,8.44785303360613,Rayleigh,QPSK
-0.008285970069715142,-0.005706670350064652,0.7074869414851309,0.7071039647382198,0.500537772371985,0.4999960169485096,0.005196177705439662,0.9999907035443847,0.025565710077791754,0.0006536055317817028,-0.0200274052307751,1.76439794752382,1.00565063665752,1.0055037886899376,0.7858841614475003,28.866779990556395,Rayleigh,QPSK
0.01092398985823134,-0.009350330227631392,0.7116974723636457,0.7135931606150254,0.5065132921688021,0.5092151988765415,-0.010806810124908391,1.0028948998967213,0.10068303251430788,0.010137073036277177,-0.006549812212311813,1.748736923926468,1.079386195108139,1.0778327831691141,2.604369162935218,17.030712993001835,Rayleigh,QPSK
0.001951254495598304,-0.019720263205367926,0.7999149440018736,0.7914650333991234,0.6398639176375206,0.6264168990934756,0.004345474112767691,1.0684129142526126,0.35378999076320855,0.1251673575642312,-0.03494239353618799,1.7931496674738547,1.7711981965167172,1.7819396484623613,6.110430187122516,5.631828826341563,Rayleigh,QPSK
-0.007457159971199734,0.016561660812844006,0.7070186404483242,0.7079480435194083,0.4998753579413967,0.5011904323229581,-0.005627423180221568,0.999986237245296,0.03772550103133612,0.001423213428065343,0.045084941353458724,1.762484019511215,1.0111938514151406,1.0135797770050154,1.1336686083544332,25.41994299078512,AWGN,QPSK
0.001331554204448513,0.002074359905347922,0.7377055376818343,0.7374960462907123,0.5442094603264443,0.5439004182944325,0.0031214866447280736,1.0219376107027098,0.20918765369335238,0.04375947445772992,-0.006244351827906677,1.7665814441261958,1.3203290953146751,1.3189577553590324,5.537062211572711,10.489179395695025,AWGN,QPSK
0.0014507489960020245,-0.003513157460435146,0.7090151877236123,0.7091449409642299,0.5027025364227492,0.5028865472951611,0.010023026192600974,1.0010904723285652,0.05849270791194094,0.003421396878871638,-0.022874641215057185,1.7556096859944226,1.0273657224734827,1.0270541920924865,1.5734900486718075,21.649827395647442,Rayleigh,QPSK
-0.019209433816373543,-0.002539903937819243,0.7072675518430831,0.7086503608185185,0.5002273898901082,0.5021853338882164,0.006805495324760577,1.0008162382832535,0.03398579742247843,0.0011550344264417416,-0.016973958182020785,1.7744640358816022,1.0121888906354628,1.0094393720274204,1.0118854562473787,26.20079026579488,AWGN,QPSK
-0.0006712118280741094,-0.004791006382894537,0.7118741600070435,0.7089761865665344,0.5067648196857337,0.5026472331184254,0.001256233534055961,1.0023095542345297,0.06936147750600638,0.0048110145618162296,-0.011353636363644051,1.7594625986877368,1.0370817596316626,1.0369591970597223,2.0332090312790134,20.34052828198621,AWGN,QPSK
0.009950943905188955,0.0027757127132078314,0.7079920330657108,0.7096561150868163,0.5012527188845185,0.5036118016801127,-0.02219103232196908,1.0015067629144887,0.04422047339008815,0.0019554502668434944,0.04104220992475351,1.7464566114158924,1.0160039136501748,1.0157943986125102,1.2381415209633801,24.145424797613554,AWGN,QPSK
-0.0019780485178460794,-0.00666085730796733,0.7082837890941404,0.7073890028491138,0.5016659258935526,0.5003992013518636,-0.0029740323656305824,1.0005686088460868,0.031238852943711537,0.000975865933238835,-0.009526424401297046,1.7587545810503578,1.0078077423044522,1.0082539830537973,0.9505391368962407,27.03017274548736,AWGN,QPSK
0.008003576825389458,-0.0008202362024435603,0.7074739067338135,0.707460502270698,0.5005193287092046,0.5005003622731083,-0.006530007634235626,1.0002228526638686,0.025271842447542495,0.0006386660206934106,0.007140831551689453,1.7482621227099568,1.0056167470986936,1.005163132147798,0.7118982018110921,28.93267882792007,Rayleigh,QPSK
0.010814279490907831,0.0026873843013350135,0.7180717487784465,0.7194530285615097,0.5156270363937364,0.5176126603063286,0.0007617289318318544,1.0069421410828525,0.13939652752789905,0.019431391886836315,0.010952981626711964,1.751523127825145,1.1507820103173987,1.1441163878221159,3.414962645734461,14.196555734893696,Rayleigh,QPSK
-0.009635508225705877,0.007676340893092494,0.7134440537652428,0.713698853088786,0.5090024178529826,0.5093660529002486,-0.011134582811547115,1.0049385341040102,0.09283739900702155,0.008618782654388925,0.025711521294221853,1.7674816834432907,1.068446475964278,1.0712569236048157,2.5368397997020233,17.47144656251359,AWGN,QPSK
0.004077190331239119,0.010168042804893432,0.709063232923647,0.709901083654786,0.5027706682841342,0.5039595485742394,-0.0013817140343654207,1.0019653807266065,0.05399634486925344,0.0029156052592393526,0.028101473120356133,1.7523112918982346,1.0232647051419077,1.0237250347011972,1.6259313465425658,22.4227731168176,Rayleigh,QPSK
-0.007404278959387336,0.0022681700155426795,0.7107785740281887,0.7086722761006453,0.5052061812975452,0.5022163949136692,-0.002616053717807896,1.002226780115647,0.054991139034986404,0.0030240253723652056,0.010831638124391191,1.7651403653262578,1.024541221473564,1.024553653222315,1.6228700216478948,22.06088296464824,AWGN,QPSK
0.0031459363700246288,0.002734815127108019,0.710809752127539,0.7114426975866357,0.5052505037196134,0.5061507119493491,-0.008959478456527635,1.0026776229141396,0.07782143859912015,0.006056176305636628,0.0215243519778405,1.7534573538897733,1.0476545303654123,1.0484226663589507,2.071353579025597,19.163521877545392,AWGN,QPSK
0.02471495627440534,0.007853804944907518,0.7170312919158863,0.7209068156371529,0.5141338735865649,0.5197066368320999,-0.007507305440119518,1.00942427213018,0.12480248622875872,0.015575660568879511,0.020350339267269906,1.7377319273290497,1.121403775605108,1.116034146045419,3.3470215837546355,15.120309936913799,Rayleigh,QPSK
0.0060027430986077605,0.0054009531840023585,0.7460184028090865,0.7456406098875581,0.5565434573298205,0.5559799191134897,0.00045379677249837816,1.0283490110584173,0.23470596736872523,0.05508689111848911,0.004588709228019425,1.7642089858487817,1.3848776438176673,1.3804522089259283,5.102421985050544,9.5835118765151,Rayleigh,QPSK
-0.004640555090011829,-0.006784306768444503,0.7926263079572157,0.798392055948318,0.628256464065887,0.637429875001382,0.00047869092959387945,1.0686715523972403,0.3517030192278897,0.12369501373401336,-0.0111221477826568,1.797358476107218,1.760470964611893,1.7607554267892607,7.1749709527623775,5.65410259604807,Rayleigh,QPSK
-0.004814188251326517,0.002751001036749954,0.7350179414077608,0.7340988771396983,0.5402513741913024,0.5389011614177659,-0.008863023310054676,1.0220370386334283,0.18607410267338137,0.034623571685704076,0.013051669648739012,1.7734345775364462,1.2555436565342855,1.24361133053432,4.248304221202663,11.420184550141203,Rayleigh,QPSK
-0.005718876978629412,-0.0042456095451593595,0.7078316215348812,0.7084753977023331,0.5010256044446993,0.5019373891494792,0.0005166483156056825,1.0011248424393897,0.027618367062383437,0.0007627741991925463,-0.009958536677590477,1.7617734527016455,1.0063133828520399,1.006355129293021,0.7834978473613786,28.14383242487008,AWGN,QPSK
0.004010550101751148,-0.00548051282032631,0.7171926092728232,0.7189724455408272,0.5143652387955605,0.5169213774469577,-0.0025107688799014477,1.0067514348743785,0.13335773376070464,0.01778428515379098,-0.007652596720491843,1.757443404639456,1.1361545838745906,1.1432195755062702,3.4755093696739703,14.352692791139344,AWGN,QPSK
-0.007947893644564503,0.0006524944484731062,0.7078718398444305,0.7079526581707376,0.501082541644739,0.5011969662110132,-0.007973502658677382,1.000803097193488,0.02713417155662886,0.0007362632660645666,0.01477693631418564,1.763868538990112,1.0062369742257176,1.0059523060412754,0.9741202827071987,28.348070705969494,AWGN,QPSK
-0.0031316004138935076,0.00738365072355884,0.7587300900552406,0.7599989464649711,0.5756713495552336,0.577598398627866,0.007927210975489145,1.037235292965976,0.2783469425519977,0.0774770204280451,-0.0009108760500976663,1.78283242830438,1.5202404241956766,1.5182456863826743,6.112331500131626,7.928081559770851,Rayleigh,QPSK
0.006160040001953899,-0.009605011181169066,0.7394126500869409,0.739175616753191,0.5467310671085929,0.5463805924024603,-0.005551991862845095,1.0221290469075657,0.22021369919126357,0.048494073311500324,-0.00366981691242718,1.7663772852869368,1.33146258920375,1.3586445986706794,5.325986479635465,9.887267709330404,Rayleigh,QPSK
0.0023210148596125137,-0.012172175544428515,0.7076459848057541,0.7069535146952879,0.5007628398117057,0.4997832719400207,-0.005272024016618139,0.9997078208027802,0.03583202122328151,0.0012839337449456964,-0.020898103517878373,1.7547239735467561,1.0104341878896737,1.0115644284871552,1.0446421442892064,25.78836035348899,Rayleigh,QPSK
0.022210578940064417,-0.0039044650515383176,0.7258941647138598,0.7215460618268972,0.5269223383656322,0.5206287193379046,-0.005388152334979209,1.0114728737093182,0.15805770502554353,0.024982238117941726,-0.004898735995372608,1.7428513360499347,1.1887446034874927,1.1916492127018596,3.969357725744398,12.880182771016916,AWGN,QPSK
-0.0012909964604679923,0.0030731009623829594,0.7097434453148509,0.7090449784043289,0.5037357581673947,0.5027447814003952,0.002829873389002366,1.0017870236920308,0.05398526976350327,0.0029144093514382203,0.0030299449522369435,1.7581007204371581,1.0229420040840629,1.0232795358434545,1.410014938091211,22.272564763146185,AWGN,QPSK
-0.0037665815308038967,-0.016775687384511694,0.7078630562019987,0.7084868171444189,0.5010701063356341,0.5019535700674292,-0.006313151734301461,1.0011360183829239,0.03234130367038675,0.0010459599231001716,-0.028776441796300806,1.7591994406146128,1.008240700649085,1.0103749298123041,0.8806163180934411,27.023324266534054,Rayleigh,QPSK
-0.0015696827556711066,-0.00366614563474565,0.7081940928219386,0.707338182984376,0.5015388731078885,0.5003273051076386,0.012588260185699057,1.000520312443048,0.029003226237115706,0.0008411871321613169,-0.027698063621168546,1.758126417018535,1.0065531354652997,1.006744709956487,0.7845092910613022,27.903306729803912,Rayleigh,QPSK
-0.0018582131847729674,0.0036120087465495417,0.7079164274691231,0.7089896943970464,0.5011456682806462,0.5026663867612172,-0.0023552703844391,1.0009764671711343,0.04329742226604294,0.0018746667748840312,0.013763460056667651,1.758334849401797,1.0151872684424945,1.0146093209595297,1.2423466544710045,24.302816340739952,Rayleigh,QPSK
0.0023968748051524996,0.0033854201860641702,0.7116230010285254,0.7129267079475934,0.5064072955928446,0.5082644909049931,-0.007119926286248633,1.0029575502091483,0.09362235339367114,0.008765145054969446,0.017797215089387586,1.7561558125318988,1.0674786744052362,1.0670441008953748,2.283016514034885,17.67576966852782,AWGN,QPSK
-0.00775457832931381,-0.004056583390730632,0.7539577677298721,0.7543689325170007,0.5684523155202118,0.5690724863468392,-8.83912152717135e-05,1.0319381325705763,0.2696387987061098,0.07270508176767398,0.00590321348428207,1.781546132572046,1.5029697018050805,1.4855806602722108,5.037006688142517,8.264283108098134,Rayleigh,QPSK
-0.003477724347471453,-0.010716793656773088,0.7080068593458562,0.7077634428678633,0.5012737128807829,0.5009290910601711,-0.009591286136255848,1.0002662249088676,0.04239371982305326,0.0017972274804355388,-0.004788547058139987,1.7600111086662606,1.014714782441293,1.015154607865212,1.2803424788112485,24.36128804943886,AWGN,QPSK
0.011780210776339894,-0.007260089717251665,0.70791965930795,0.7067992367959247,0.501150244034684,0.4995651611353016,-0.016491778675033986,0.9996665591706414,0.03966935737510688,0.0015736579145539465,0.008704852161048578,1.7452253909215376,1.0133189220368892,1.0130689860499438,1.1435004161773263,25.144239330753187,AWGN,QPSK
0.0023329991885549313,0.0190803713505027,0.7117008713019867,0.7122592884123989,0.506518130212007,0.5073132939297369,0.010336016451278185,1.0040959042587205,0.0774102231536181,0.005992342648692953,0.025720613795110356,1.7540972163005157,1.0460243373818399,1.049099458090682,2.0351633168498426,19.306544141158312,AWGN,QPSK
0.02555186443463797,-0.009897651422753185,0.7225689131550234,0.7201988549973369,0.5221058342580317,0.5186863907394751,-0.004071701475226917,1.0105860985551993,0.1423334945972316,0.02025882368426016,-0.01476366486264307,1.7360756245340665,1.158297198779552,1.1506844574144286,3.6495688813115845,14.06690271948089,AWGN,QPSK
-0.0015287784245352988,0.006618006438691053,0.7125029859337744,0.7120151886634756,0.5076605049645443,0.5069656288874846,0.009399926135822865,1.0038437832088436,0.08348609427730645,0.006969927937679301,0.0004769847453835493,1.7603164363185997,1.0547875594838496,1.0551651304733,2.550179339892918,18.509885308789144,AWGN,QPSK
-0.00016342124572536081,-0.001328555879915635,0.7078279612034122,0.7087421826313084,0.5010204226613792,0.5023154814409909,0.001118853504122207,1.0005376683667773,0.0475612242144039,0.0022620700487727997,-0.004256776711719059,1.7568272559163587,1.0176207878890784,1.0183692908976967,1.4826606772743518,23.448182097724388,Rayleigh,QPSK
0.00711366265275981,0.0008834883959011002,0.7072077845042116,0.7076780337570853,0.5001428504633555,0.5008081994622944,-0.002896536234592223,1.0001356500455534,0.027039160151372203,0.0007311161816915545,0.004643810324507075,1.7492455705063548,1.0062236353282508,1.0058545810467525,0.7707118119952086,28.38952023360921,Rayleigh,QPSK
0.00920545095934016,0.002413876952434779,0.7297124684103433,0.7245462681270589,0.5324802865535163,0.524967294656848,-0.013369838984545267,1.014480673219477,0.16842539002130053,0.0283671120038272,0.03357497216380378,1.7600051587810142,1.2134445899904436,1.2163492702144563,3.733915216457601,12.38515718120644,AWGN,QPSK
-0.0016028276003532238,-0.02342291689557643,0.7075872763696666,0.706898841174636,0.5006797536802429,0.4997059716540432,0.0006920357114869269,1.000200028682774,0.023169593209154103,0.00053683004947768,-0.053221179192663594,1.7573457714951317,1.0041982740102495,1.0087297629102439,0.7857492471139725,29.69971060212185,Rayleigh,QPSK
0.013724887800629118,-0.015049660081502632,0.734881200556852,0.748821585408867,0.5400503789318802,0.5607337667742491,0.0021362067078359993,1.0258379150854973,0.2210329896030867,0.04885558249287824,-0.02509001522695398,1.7541713606069185,1.3503191446683418,1.3483765738482507,4.817272776399836,9.923720891437483,AWGN,QPSK
0.00472902723280716,-0.005455275474983454,0.712028222981782,0.7149053529995669,0.5069841903225943,0.5110896637474354,0.006859072826508545,1.0049296509167958,0.09078752396311762,0.008242374507353658,-0.017702123716908272,1.7526796648173846,1.0646636251550021,1.0629060246519477,2.372168065586173,17.85419370897757,Rayleigh,QPSK
-0.009470176085043849,-0.008201664130386685,0.7066223638753891,0.7070848359045103,0.49931516512884283,0.4999689651661082,-0.0052045595617791025,0.9990142678862827,0.03757092471812627,0.001411574384175112,-0.010391901353619584,1.7657719399640175,1.0118227347348998,1.0120589358747423,1.0999633238787376,25.477387442017157,Rayleigh,QPSK
0.015462449678260414,-0.010618790320103419,0.7956297220446703,0.8042588751305983,0.6330266546008794,0.6468323382263355,0.005269837388628972,1.0728026508839057,0.3595904769895815,0.12930531114159474,-0.03547335052628566,1.7794484228093939,1.7962715101592397,1.7805049128686607,6.589765834583684,5.555612894187016,AWGN,QPSK
-0.018994014354954503,-0.0040564769971180486,0.707525883766797,0.7076046330281551,0.5005928761999873,0.5007043166829102,-0.005450816994552442,1.000287912356702,0.033143820885844874,0.001098512862912967,-0.00041304121913757896,1.7752497714947941,1.0115697323896058,1.0087378953825807,0.9430727595487534,26.523893613960034,AWGN,QPSK
0.006578118340950745,0.007968688847010855,0.7075479843822039,0.7073607271680474,0.5006241502033194,0.5003591983397088,0.006183679202462237,1.000228411935148,0.025164342700888506,0.0006332441435677607,0.007232047364299518,1.7497229653615076,1.0054531734424386,1.0055998730018199,0.7531255448563787,28.82926390625464,Rayleigh,QPSK
-0.015077472902465824,-0.013372011437321193,0.7072323548509519,0.707110763946187,0.5001776037480228,0.5000056324885602,-0.0030089335333506155,0.9999958791970169,0.024446241113369346,0.0005976187045729896,-0.02573106198739033,1.7714400311608938,1.0065985084199143,1.0060173683821687,0.9097050248245581,29.225118383424743,AWGN,QPSK
0.003264801729818646,0.0037149875747021542,0.7077507099914812,0.7080106534622337,0.5009110674934457,0.5012790854160192,-0.0015855640783098714,1.0006607080344554,0.02987909584412928,0.0008927603684626636,0.012017384451411896,1.7531788656552343,1.0072753735984117,1.0073851592266658,0.9914179742193786,27.467743490500542,Rayleigh,QPSK
0.0010482396210867463,0.003946080236776288,0.7114746675880611,0.7109362306017795,0.506196202619542,0.5054303239822665,-0.007383538455103903,1.0028755072105064,0.0767066750329855,0.0058839139946160425,0.022624523345911415,1.757307201754648,1.0462886608301203,1.045564370630484,2.138669427760456,19.34716933671399,Rayleigh,QPSK
-0.0028565887546380727,0.0032657258603372335,0.7651403719728388,0.7628653677610793,0.5854397888227341,0.5819635693292466,0.007960136105351085,1.0433284585405291,0.2808699179622699,0.07888791081613222,-0.0017876081126054085,1.7839694625033964,1.5274616581883127,1.5286079055587751,6.047494831251706,7.859054701102467,Rayleigh,QPSK
-0.004101746662489765,-0.0025332207437832994,0.7327226336428739,0.7316901309615286,0.5368824578525492,0.5353704477464988,-0.004343497240064635,1.0173407888703796,0.19311619930151333,0.03729386643266182,-0.0037664731775428617,1.771254678222729,1.270843663419025,1.2751299200446948,4.660540041024721,11.160775674572392,Rayleigh,QPSK
0.007034967493782562,0.0011752912762442367,0.7082540611129664,0.707647887293304,0.5016238150830096,0.5007655323906766,0.010292334101837863,1.0004390136181642,0.03952214039779699,0.0015619995816231768,-0.012086345260847238,1.7504305938966784,1.0132832101052938,1.0122846610523595,1.3504737011338195,24.973456337277767,Rayleigh,QPSK
0.004565236628123775,0.0008959628038634973,0.7122171590879176,0.7129823969674405,0.5072532816992642,0.5083438983854369,0.0025548849172448004,1.0035351421158398,0.09239070709794966,0.008536042758059127,0.003215554378312803,1.7524628160606648,1.0659062378747146,1.067883341294203,2.425970395940552,17.572719605229715,AWGN,QPSK
0.014284867451185164,0.003514786129843526,0.7413585340036404,0.7425045417489353,0.5496124759400268,0.5513129945177964,0.0020069758357585178,1.0252645287223647,0.2235498328363657,0.04997452776116705,0.008391707729802687,1.7540139367245877,1.368950400366912,1.3409123001940786,5.866936138832446,9.985227394602354,Rayleigh,QPSK
0.014213051094721547,0.004657399303563112,0.7516596416426211,0.7535487729795962,0.5649922168743136,0.567835753259055,-6.775198776846484e-05,1.0372584961729276,0.23905330878308118,0.05714648444013915,0.008553409654398233,1.763438836220063,1.4040145740202892,1.397803505000202,5.311500029614145,9.218126651443434,Rayleigh,QPSK
0.005022401379673385,-0.00597915625518247,0.7090943834687521,0.7098030543137652,0.5028148446669296,0.5038203759131499,-0.002932299130850947,1.0015527806649267,0.05990177749929954,0.0035882229475755886,-0.008340833648774786,1.751463142660381,1.0283989313600828,1.0291943523420015,1.6364923751469513,21.561119764953443,Rayleigh,QPSK
-0.028177436945039262,0.0035221476542913136,0.7066692233453494,0.7072593085443315,0.4993813912235193,0.5002157295226058,-0.002013985319652476,0.9996216677853788,0.03405900052839245,0.001160015516993037,0.011217327972794884,1.7842562144917962,1.0157171618861764,1.0094531363368167,1.1264388584822278,26.303171742883467,AWGN,QPSK
-0.004687339957357058,0.006280447387036765,0.7084856559590403,0.709052124322034,0.5019519246997117,0.5027549150055892,0.00307389060171031,1.0008279677934582,0.055782020068967444,0.0031116337629746864,0.010062203519595244,1.7615037256299435,1.0247122437626837,1.0248925597453376,1.5492158823826432,22.022992949244205,AWGN,QPSK
0.004127877091727473,-0.001791243879589259,0.7102300112999645,0.7094165523071813,0.5044266689511477,0.5032718446874076,-0.0057157773355172945,1.001903904938672,0.06250861405531603,0.0039073268311164535,0.005528026735065722,1.7531983937969489,1.0306427578900306,1.0316217605804026,1.8157110706513304,21.080977692140074,AWGN,QPSK
-0.0033365386327617957,0.005128253156612158,0.7110573879952399,0.7101798807547726,0.5056026090226131,0.504355463028863,-0.012156058786041172,1.0026829187063169,0.06798873477675565,0.004622468056544024,0.028349315368861483,1.7616420590281543,1.03683052565001,1.0378321283467797,1.9429270101215903,20.364741748951058,Rayleigh,QPSK
0.007960906508787608,-0.002831384908161865,0.708406134184214,0.7080408770743275,0.5018392509498226,0.501321883608183,0.005018680432966488,1.001248484820534,0.02709241546134299,0.0007339989755300167,-0.013628184080140915,1.7487626051313914,1.006350437569575,1.0058706510294428,0.7910050814534266,28.443060211643648,Rayleigh,QPSK
-0.001310281786802472,0.006099224188887464,0.709298433695378,0.7091091431033563,0.5031042680427166,0.5028357768327761,0.0028282431583540046,1.0016884982520502,0.05098151350354862,0.0025991147191125104,0.00951334186794791,1.7580574395285806,1.0207722286162886,1.021656747769875,1.5270540246691844,22.686462831952486,Rayleigh,QPSK
0.013257390765863486,0.019383141596342066,0.7086088907409437,0.7086524754884328,0.5021265600371106,0.5021883310158838,-0.0040667715682888165,1.0014642900831296,0.04399581036133078,0.0019356313293501807,0.05268448438316983,1.7427457186092261,1.0171100780303046,1.0186659540386294,1.3654941909301879,24.160316987675785,Rayleigh,QPSK
-0.0033070670952908532,-0.010668676595611947,0.722009960081268,0.7195586704335473,0.5212983824565542,0.5177646801960943,-0.001012521253525435,1.0097998330746576,0.1396141723755739,0.01949211712811646,-0.022650883734294944,1.7663647205697446,1.15159688778951,1.1489091463900056,3.2480603826946,13.973691621092328,Rayleigh,QPSK
-0.006128171837235697,-0.00532659173186013,0.7152290817374716,0.7157715939327605,0.5115526393630268,0.5123289746810445,-0.004925345454741598,1.0052789458467906,0.11559317519119033,0.013361782150781222,0.0008646542672827777,1.766750371962531,1.1030592137807897,1.1083014003990765,3.120717184051261,15.640442464654454,Rayleigh,QPSK
-0.013689620301730982,0.0051913629110812935,0.7140342739280428,0.7133236339936428,0.5098449443439472,0.5088306068138966,5.558545657861509e-05,1.0046657170067648,0.09765605041167225,0.009536704182007071,0.01498140907093017,1.7722929575477906,1.0776545943587443,1.077853628396817,2.3600733587472886,17.041469767955938,Rayleigh,QPSK
-4.324242123835014e-05,-0.00264969097148634,0.7689769084241026,0.7701785681578781,0.5913254856894906,0.5931750268497193,0.0017310470181626167,1.0484393968283545,0.29203144770650585,0.08528236644955765,-0.009898020970297522,1.7836656491148999,1.555878305219099,1.5560289386350201,6.433844335741109,7.460346561412963,AWGN,QPSK
-0.010913431922442384,-0.009216826262337871,0.7393980303704094,0.7453606225820566,0.5467094473156409,0.555562457695911,0.005004571251078334,1.02586039872362,0.22379991113680894,0.05008640022484358,-0.01713829125164304,1.7790693345784079,1.3572892476103344,1.362751163343282,5.1349499762705975,9.942514045816434,AWGN,QPSK
0.006033803032110436,0.010079385434947076,0.7149268123204521,0.7152298176933201,0.5111203469746829,0.5115536921176198,0.006132008454194585,1.0055651002377883,0.10793919151932681,0.011650869065845912,0.015386230451005926,1.7530230673773326,1.091037139681074,1.0882737116170653,3.0665098517528606,16.32469765499117,Rayleigh,QPSK
0.0029979357638737552,0.00677621059883528,0.8002766176938029,0.8007709893755416,0.6404426648274332,0.6412341774254837,-0.00635655885407136,1.075694334392054,0.3530062971940825,0.12461344585867691,0.01670645037542588,1.7861695610680086,1.7739868118990305,1.7834858606142527,6.319533508166896,5.436103810901575,AWGN,QPSK
0.010648726708333103,0.008074750474257753,0.7175452757854606,0.719669323280573,0.5148712228020327,0.5179239348711179,-0.015719409862027404,1.0085475428688389,0.1257203580256937,0.015805608422108604,0.037421118857786595,1.7478982188300645,1.1233205355730422,1.120995196187409,3.0924429227425416,14.873347910917351,Rayleigh,QPSK
0.007553731670341045,0.004467833325018925,0.7078733017843509,0.7086300335552801,0.5010846113790788,0.5021565244565575,-0.004986908560246439,1.0007642653906559,0.042297060766733445,0.0017890413495047417,0.01693403670715886,1.748851306099529,1.0146175460378322,1.014386156447431,1.2111222835920452,24.52110634289803,Rayleigh,QPSK
0.008386804469802936,0.021790508450267827,0.7098365243262289,0.7084131859403543,0.503867891267541,0.501849242014163,0.002905671923858655,1.0014718838379246,0.05758787990157774,0.0033163639115585414,0.03720320895134565,1.7492272833994271,1.0271673783509052,1.029304369304824,1.6082142313902168,21.81642095375224,AWGN,QPSK
-0.006431317124376544,0.006439702763283781,0.7293608020336113,0.7325104000851326,0.5319671795431127,0.536571486232881,0.006860748026721816,1.0155547832653535,0.19305434357840334,0.03726997957448821,-0.002335832895456704,1.7732661629431248,1.2697654032511805,1.2717221497233284,4.586972296384731,11.273733112459066,AWGN,QPSK
0.0027455618394511324,0.011226591519316815,0.7102165393815549,0.7124292462242355,0.5044075328111117,0.5075554308756324,-0.001877573367764822,1.0028980957974163,0.07932179775834919,0.006291947599616449,0.027932303391922857,1.7544371277986497,1.0508831229687645,1.0510920915517057,2.2223031050441664,18.879363004419048,AWGN,QPSK
-0.002592713207628625,-0.008582329857106977,0.718217119643615,0.7165011418499946,0.5158358309491708,0.513373886272346,0.007060227248855016,1.0066637043144502,0.1261676748814028,0.015918282184979354,-0.026269747129310354,1.7669743690484443,1.1194518111906884,1.1215611711497249,3.1092589515512667,15.05414120460823,Rayleigh,QPSK
0.014933001657821585,0.007555475646626816,0.7288719248352139,0.7340813982596522,0.5312542828129897,0.5388754992708461,-0.0014765532573324926,1.0191030896620155,0.17843417406968026,0.03183875447592896,0.005411565279874761,1.7487187942716924,1.23922395349673,1.2403099534270756,4.467908335606376,11.74013776551216,AWGN,QPSK
0.021840031538637658,0.014989736651845956,0.7115378086384859,0.7127806163544436,0.5062860531220585,0.5080562070506205,0.0018276732912161987,1.0043903222563724,0.07901911106131054,0.006244019912919731,0.02480754440768956,1.7357203660110851,1.0519835912573317,1.0510718339927732,2.421343694438812,19.076688122184297,Rayleigh,QPSK
-0.016545670221312505,0.0049605691896293875,0.7077367715538984,0.7075723596220287,0.500891337809535,0.5006586441010855,0.005944766250586105,1.0004576970932963,0.03054086912902151,0.000932744687156019,0.0003507656769854285,1.7728810888427524,1.0095946550933506,1.0075993426024197,0.9863142987061209,27.311431964679162,Rayleigh,QPSK
0.0043514255770281994,-0.009251654600337682,0.7211437820019648,0.7206036058241383,0.5200483543200973,0.51926955672675,0.006205087617421865,1.0100600634343289,0.1385680602421919,0.019201107319283726,-0.024796148559756894,1.7588743294497822,1.144706164066869,1.1454295940322319,3.7575865234844357,14.10783937657102,AWGN,QPSK
-0.008593197524451826,0.014023417202826679,0.7228579906838577,0.7229684862494083,0.5225236746955041,0.522683432109761,0.010225930730947656,1.011694089011554,0.14816435582853765,0.02195267633808552,0.0064263430417642155,1.7753653757478765,1.167881250761539,1.1669400590393186,3.6100023568583124,13.516963589575255,AWGN,QPSK
-0.028038292624531898,0.004523192224072631,0.7101538328338864,0.7097851938986365,0.5043184662886595,0.5037950214777249,0.012905853787279799,1.0027046066009,0.059190918128660716,0.003503564788913816,-0.013136775956689353,1.7866268114784811,1.0342078475393939,1.027828018937487,1.6912744066985919,21.561567088521723,AWGN,QPSK
-0.004090608511815134,0.012185972462181371,0.7259925670441353,0.7253439596915853,0.5270652074033333,0.5261238598610681,0.0019498431033357648,1.0137384417255755,0.16027685433352373,0.02568867003504959,0.025253954932657436,1.7707742564714215,1.1930055207929733,1.1961772568576094,3.545207098053484,12.772213700015286,Rayleigh,QPSK
-0.008187686890005137,-0.007357044341837846,0.7096558235822442,0.7077400345148045,0.5036113879441934,0.5008959564550167,-0.0012653061854321968,1.0010817144262751,0.049637785593397425,0.002463909758616093,-0.011648969149587705,1.7649538670984433,1.0201241915871553,1.0202964976577165,1.447373844895738,22.994989660698735,AWGN,QPSK
0.0025688815219679787,0.009057593786268412,0.7163954997548873,0.7178142996879506,0.5132225120690547,0.515257368836503,-0.0032712541531971766,1.0068937573725434,0.1213815530763629,0.014733481427229904,0.03126179211564014,1.7595714739702972,1.1128469286198814,1.1139591815465193,3.05895137806577,15.253112419332789,Rayleigh,QPSK
-0.0017770917987358788,-0.02043330225181414,0.720360857535296,0.7184104501773724,0.5189197650689871,0.5161135749240549,0.006584354059975378,1.0095374926779657,0.12762471847844858,0.016288068766703252,-0.053234519437552766,1.7623389128015752,1.1221926379031908,1.1273188616248746,3.220626681538402,14.839190233947226,AWGN,QPSK
0.014060478645972341,0.012742887426834904,0.7218501388927828,0.7247674773230507,0.5210676230195298,0.5252878961852189,-0.0006321310388292675,1.0131782243131802,0.1420756250102978,0.02018548322206676,0.02015800169582614,1.746463953636869,1.1560117917861958,1.1548046126813836,3.2925688748792927,13.692158866598168,Rayleigh,QPSK
0.0007179674997758445,-0.00036003572766805356,0.707754651574598,0.7080301827202357,0.5009166468254808,0.5013067396428502,0.0009834155865170579,1.0003753197440184,0.03838295479037815,0.001473251218440213,-0.004460465201918914,1.7557232047649443,1.011714976350543,1.012183592199907,1.1974745910179498,25.232576928446758,Rayleigh,QPSK
-0.009571460830425808,-0.008576436271306505,0.7105737358974216,0.7101173456897955,0.5049150341472186,0.5042666446495205,-0.005363915378644978,1.0023344792378273,0.06835523863843028,0.004672438649316752,-0.004170710670103072,1.7672995684633879,1.0367555375640998,1.0379939710504766,2.2094336845091918,20.2243530963152,AWGN,QPSK
0.007130542406025439,-0.010322419748547657,0.7867933023657969,0.7927632666270231,0.6190437006476763,0.6284735969131485,0.001211014209864677,1.064089597676609,0.3396881255824625,0.11538802266172679,-0.029257344057323987,1.786343292196473,1.7233851356953962,1.7378231134437907,6.648125281566362,5.9691576970681846,AWGN,QPSK
0.010156363495594014,0.0005505177222924174,0.7071940188496754,0.7068567157257885,0.5001233802967551,0.4996464165666481,0.0016984565810649508,0.9995951309300446,0.026130937097006656,0.0006828258735677186,-0.0018671434867405714,1.7468820137051742,1.0061117005514186,1.0053152743874427,0.7479157728773285,28.72095164778754,Rayleigh,QPSK
0.007501912298473281,0.004718559859202354,0.7086093508228035,0.7082890357050445,0.5021272120735151,0.5016733580999819,0.0010988586068294618,1.0013072859746308,0.0355363577606754,0.0012628327228947148,0.010770389351767553,1.750037856045549,1.010753250128585,1.0105706525965312,1.0678138400924602,25.879372980137255,Rayleigh,QPSK
0.004104379110336413,0.013028170510710277,0.7454777040617447,0.7445408247894001,0.5557370072531702,0.5543410397780802,-0.00021951044862105113,1.0268240438910303,0.23642548313001147,0.05589700907325934,0.02041724215816237,1.7709848094370155,1.3918562012568787,1.3865139328481106,4.9863127805409295,9.319834072003948,Rayleigh,QPSK
-0.004163887525858395,0.010839680190515193,0.7678517443087112,0.7658693176191315,0.5895963012379303,0.5865558116703941,-0.007837303613829776,1.044846829288587,0.290829938039177,0.08458205285987154,0.014433363593669495,1.7829468983326882,1.5558481705106884,1.5641669904090656,5.316607502622713,7.452508964789413,Rayleigh,QPSK
0.00996216815934605,-0.0016713405240118564,0.7078963197012333,0.7081937423909532,0.5011171994465508,0.5015383767617038,0.0017083046210874498,1.0003900878070586,0.04446669089579793,0.001977286599222439,-0.007982482105690435,1.7472035892253108,1.016289403801507,1.0156113120492614,1.288685596115332,24.120076442063404,Rayleigh,QPSK
0.0030731713254956603,0.0028689734445100277,0.7078374338993696,0.7077906384999239,0.5010338328292444,0.5009675879481299,0.0014528530534531974,1.0005381837390026,0.03069917015577976,0.0009424390482535187,0.0068005245539840406,1.7534845128078842,1.007759704779491,1.007450937725053,0.8694335006340353,27.253144980492365,AWGN,QPSK
0.003104373718214824,-0.007844873579668276,0.715689384996724,0.7160811109843518,0.512211295796989,0.5127721575085835,-0.005371248719831942,1.0074696258479638,0.10029748489867304,0.010059585476999549,-0.014639474464198743,1.7554289239415897,1.077926869842628,1.0783627229713597,2.4032609473093878,16.93409580478578,Rayleigh,QPSK
0.00259394534477066,0.01026221184717049,0.7079350805713888,0.7078848778913301,0.5011720783036188,0.5011010003472234,0.00298451276194389,1.000647019742504,0.03302517336419622,0.0010906620757352157,0.017896473370536226,1.7536399780186862,1.008628910279975,1.0095873074417017,0.9050408265748702,26.650137036777124,Rayleigh,QPSK
-0.004709591976233598,0.0016116465824623138,0.7743476456472649,0.7797997975168743,0.5996142763194622,0.6080877242073582,-0.012037795625563908,1.0513221704391122,0.3200757287444712,0.10244847213130431,-0.010146291847140115,1.791959682573644,1.6631241267603183,1.6514512311314111,6.535883639448977,6.661334927341304,Rayleigh,QPSK
-0.00952615528631352,-0.017388575157060403,0.7165621605435201,0.7161149751986976,0.5134613299227974,0.5128206577038312,-0.0003791045074862373,1.006963265127218,0.11269463381852969,0.012700080491492495,-0.03407151218655243,1.7697165502514496,1.099704826369089,1.1003115591181465,2.972968444481358,15.738922634693823,Rayleigh,QPSK
0.01056875811566007,0.0013542515360405493,0.7116886639257799,0.7106775815398556,0.5065007543604617,0.5050626249033381,-0.005947304222884141,1.0039625743627405,0.06112332769138622,0.003736061188068581,0.011595562119510362,1.746793491600212,1.0303816714102474,1.029742883499012,1.686803156190746,21.19705368491981,AWGN,QPSK
0.0012475739430233708,0.011259725623877578,0.7171906443956184,0.7173145816183226,0.5143624204086024,0.5145402090022693,0.002790143695874715,1.0087990956114896,0.10656149382483654,0.011355351966180675,0.014566116360393875,1.7579346850582334,1.0859999249695518,1.088835499415997,2.405751087140569,16.44300652260764,Rayleigh,QPSK
-0.0003139286965910624,-0.005122052662777338,0.7080952759805653,0.708266365163529,0.5013989198659929,0.5016412440219574,0.007783077642246929,1.0009859410909916,0.03307028274507056,0.0010936436008389114,-0.023059096578829416,1.756691495860135,1.008568758424726,1.0088942669785739,0.9783129291524283,26.742095464111124,AWGN,QPSK
-0.01471642652367558,0.012272448469060475,0.7412585131519676,0.7427291999251628,0.5494641833202657,0.5516466644214726,0.02675813143785799,1.0264999750201942,0.21857684055345744,0.04777583522633155,-0.013871757870852082,1.7829684427016783,1.32993597215977,1.3349038242011195,5.198421718774274,10.096789992629631,AWGN,QPSK
0.0022540696095599343,-0.003030581300899972,0.7102749634449498,0.7096528059066575,0.5044905236967248,0.503607104931192,-0.014496632127224041,1.0023984777131116,0.057525522676278876,0.003309185759179075,0.01614713702950016,1.7548244799671437,1.025462136243094,1.0264012650099978,1.6111169371211862,21.668541257194505,Rayleigh,QPSK
-0.007646399582623675,-0.001999516737300135,0.7897789527596596,0.7863587732324476,0.6237507942221446,0.6183601202396399,-0.0002776753090521062,1.0608712001958898,0.3416513962366859,0.11672567655047696,-0.005209715519847143,1.7927725935350631,1.7392506272159822,1.7097648092824724,6.3889420324374395,6.031829322419547,Rayleigh,QPSK
0.00745634860163137,-0.004123352707897226,0.7114515587444515,0.7127784042941869,0.5061633204399099,0.5080530536281674,0.005902886495856353,1.0033902695986427,0.08658487232111013,0.007496940114862943,-0.02558666293225606,1.7498843203042715,1.0600902590736754,1.058689424935984,2.218135076206877,18.21319650623909,Rayleigh,QPSK
0.0192502204818226,0.008882321279035583,0.7183064731550722,0.717689346386981,0.5159641893764785,0.515077997917372,0.0012007436987025383,1.007734266027786,0.12634596545672794,0.01596330298719269,0.023895644060621588,1.7412338915211554,1.1263561909545465,1.1230970611309248,3.2799218857393875,14.828173853187682,AWGN,QPSK
-0.009348841176811788,-0.005978580965944112,0.7372625010054141,0.7365846913182283,0.5435559953887582,0.5425570074843697,0.002552325403323017,1.0205403768202914,0.21150292294514778,0.04473348641434112,-0.02955580457129557,1.7771955396988024,1.3302036113753282,1.3182133937504008,4.537692444023046,10.426788656757203,AWGN,QPSK
-0.006439659339703614,0.001401670504463606,0.7115735473647287,0.7118723989038879,0.5063369133092238,0.5067623123211761,-0.0054642236404890895,1.0040373210124307,0.07107543553996498,0.0050517175371957174,0.008879307463877297,1.763765346549241,1.0408936894575962,1.0394005967583686,2.1088102616339905,19.850976725629337,AWGN,QPSK
0.0031465984309760504,0.0028943584089880722,0.7093037546991462,0.711386398441893,0.5031118164303066,0.5060706078881277,-0.0032536089310061644,1.0027871440036755,0.06015518707203748,0.003618646531671825,0.011518834777473362,1.7530621314157957,1.029847384081378,1.0284464305086871,1.69514108819916,21.30069542351945,Rayleigh,QPSK
0.008954524795417433,0.013718570340704854,0.7111649932704386,0.7107086838085055,0.505755647653343,0.5051068332408182,0.002669245869216847,1.0035458928972005,0.06345474316256179,0.004026504429826682,0.028984302287030046,1.7483102960093224,1.032538496297183,1.0334165523603704,1.774099934840014,20.91390120918323,AWGN,QPSK
0.0009184767506049586,0.003676756734150518,0.7079594196117087,0.7081910790152555,0.5012065398169475,0.5015346043967919,-0.0008882661990560891,1.0002105380142834,0.04831548404539395,0.002334385998540717,0.006240231069323562,1.7559723516151202,1.0177994676754711,1.0186966889742717,1.4079584725399017,23.412728271392012,Rayleigh,QPSK
-0.009072167476636946,-0.018138213967643164,0.7743339638158288,0.7667627179580078,0.5995930875187332,0.5879250656503514,0.0014625186050868997,1.0505458348951093,0.2903151752531766,0.08428290098228267,-0.044525255024715264,1.7884837083488911,1.561544493290923,1.5403559833511653,5.9469072657163675,7.465942448902489,Rayleigh,QPSK
0.0010362139602481644,-0.012331356618344754,0.7298913926330466,0.725474106112492,0.5327414450398082,0.5263126786397193,0.00014790515670657953,1.0162750203889526,0.16245720269776254,0.0263923427083819,-0.025058786404614546,1.7636025411848548,1.197053840595786,1.1984953565595982,3.88786057346701,12.626876863594342,Rayleigh,QPSK
0.01174280970906218,3.605285787222515e-05,0.70969508000931,0.7079654980738778,0.503667106589421,0.5012151464629938,0.0045899437434278635,1.001216409212187,0.05085125225932283,0.002585849856341285,-0.007331057334341155,1.7457367428471755,1.0216299253855041,1.020596286173749,1.4035096419198476,22.919497744108646,Rayleigh,QPSK
-0.005228627528518325,-0.007397554970462233,0.7104510417780187,0.7087584434504738,0.5047406827634721,0.5023385311623385,0.0073923268017589945,1.0018023563688556,0.05960968935493498,0.0035533150649918483,-0.02774139309056487,1.7631468582401402,1.0282032084730186,1.027932363375479,1.8142390485111979,21.546232460701667,AWGN,QPSK
0.00258494999063174,-0.024473817930414303,0.7766086971115066,0.7745177689943754,0.6031210684292319,0.5998777744880246,-0.005078384423190011,1.05253547058788,0.30947306151287496,0.09577357580215168,-0.05897676876988164,1.783720856920358,1.6105109525088874,1.6209615195733866,6.840621550908425,6.829455996638119,Rayleigh,QPSK
0.007598225049088991,-0.006000737932210207,0.7096882039336768,0.7087961790592283,0.503657346802608,0.5023920234489616,0.004396492399895719,1.0019574833464187,0.047162630305240226,0.0022243136973087636,-0.02240246700849209,1.748728555388398,1.0184001663860578,1.0182327009860612,1.368297282513873,23.448026027700813,Rayleigh,QPSK
-0.01342762449097772,0.007747926867725941,0.7092431632872122,0.711434318339617,0.5030258646696512,0.5061387893113555,0.0020588797435292516,1.0015554168455751,0.07932044149215882,0.00629173243851099,0.013763983895841742,1.771485620355607,1.050631763040737,1.0503705817016789,2.117052931623668,19.053107393380515,AWGN,QPSK
-0.00384409215988146,0.009727970510005603,0.7073753618348702,0.7075225681230546,0.5003799025310135,0.5005881844034424,0.002656279434340387,1.0001465724884142,0.028005908821362065,0.0007843309289104456,0.016749841685010192,1.7604312066416234,1.0064778065943218,1.0070830462294447,0.9097948559840735,28.025268540409574,Rayleigh,QPSK
0.0161169999558087,0.01592992317733668,0.7739197059667992,0.7725589631658469,0.5989517112837369,0.5968473515678885,0.002035826469424125,1.0506278689309294,0.30412771004512273,0.09249366401729024,0.022412014801228227,1.7734107491474027,1.596830304259049,1.6098228776036254,6.283960163387386,7.125973188417815,AWGN,QPSK
0.005354234780466203,-0.007627263691079825,0.7460981354528531,0.7453725900467418,0.556662427726224,0.5555802979929882,-0.0004114244826895093,1.0282644186825565,0.2345247406397335,0.055001853972134265,-0.02316205631272652,1.7683782990496588,1.3967526767947218,1.403802217567923,5.210438644389513,9.334302933440014,Rayleigh,QPSK
-0.009616653357533688,0.000103533627058276,0.7085841840618243,0.7098322869247653,0.5020915459025613,0.5038618755608423,-0.005332062929984409,1.0017818888486674,0.04978914921155368,0.002478959379210357,0.009978104501578837,1.7658588137609725,1.0197609013664726,1.0203487113561602,1.3695605407349778,23.101941140133025,Rayleigh,QPSK
0.011384443722439418,-0.006121436473864164,0.712133552334111,0.7115926575614935,0.50713419636,0.5063641102954289,-0.0008128906938391022,1.0032749545157815,0.08428967813533664,0.007104749840158647,-0.012011719497045966,1.747061430317014,1.0566973269243458,1.0556742209926342,2.44998698627437,18.43632613422584,Rayleigh,QPSK
-0.008524156189915977,9.396869033147939e-05,0.7072721616711269,0.7079817072398348,0.5002339106749487,0.5012380977862311,-0.013418763489444374,1.0000604478914328,0.037732997405871306,0.0014237790932314907,0.02160295170617032,1.764724478560422,1.0122648686771811,1.0112817065020339,1.5180509692524806,25.380966433614933,Rayleigh,QPSK
0.00020260135689873098,0.010627307144733365,0.7582134966059617,0.752964586472596,0.5748877064354387,0.5669556684818475,0.0048354140905700295,1.0354376368279987,0.26424468937292545,0.06982525586179385,0.02494114288659208,1.7771041175128521,1.4777493813432134,1.474159442838244,5.338257741420894,8.369840934216844,Rayleigh,QPSK
0.011493160881532946,0.007272415228377653,0.7111980989995526,0.7093531065695958,0.5058027360205773,0.5031818297999364,0.0005262262068295157,1.0028970793083611,0.058025812407713345,0.00336699490557514,0.011780905730795724,1.746185954241069,1.027543517648546,1.0262058889813102,1.6887314106113513,21.75169053278412,AWGN,QPSK
0.017865743885164924,-0.002746974612683306,0.7872806765450421,0.7988315545902293,0.6198108636612192,0.6381318526090425,-0.011989252913942249,1.0674677956946723,0.344647576662179,0.11878195209911253,-0.0049981000595506085,1.7659813023933644,1.7299962607498374,1.7313614783532496,6.109792290432412,5.909773579249124,Rayleigh,QPSK
0.0018946132061760782,-0.011253837844629714,0.7406813707554304,0.7435297063702185,0.5486088929841433,0.5528364242549835,-0.008056370573149126,1.0257437615204745,0.22231799604707855,0.04942529136638884,-0.0006387158172670604,1.7699837235355176,1.3467863061678507,1.3516664147372255,5.011884778376104,10.063169741789125,AWGN,QPSK
-0.008660311799853986,0.0035604492769692386,0.7078215792530175,0.7079303496843211,0.5010113880562357,0.5011653800041651,-0.0039006338131353183,1.0006683288249423,0.030452283110179248,0.0009273415466225083,0.013382787527079033,1.7646847940028167,1.0077310214890005,1.00769746987837,0.8672536131236487,27.225939495984008,AWGN,QPSK
0.004166569904704686,-0.0006049860839737333,0.7237087173419134,0.7215719455481436,0.5237543075566775,0.5206660726021332,0.006654394244742557,1.01253446260445,0.1386076062489396,0.019212068510061082,-0.012049935178187164,1.7592006320553664,1.1488611951439116,1.1440077953353915,3.3034047087091425,14.068344936630309,AWGN,QPSK
-0.009781242593655233,0.0035154358031898062,0.7193158662515203,0.7165547198079226,0.5174153154411751,0.5134506664790105,0.0018376884233014563,1.0083508181795053,0.11917483120386685,0.014202640392470156,0.007276242200487062,1.7697720000607173,1.1095817813131474,1.108689681495417,3.5804053253299855,15.527922953255967,Rayleigh,QPSK
-0.0008298616846738889,0.00963217972369189,0.782751552096382,0.7785170819979353,0.6126999923092951,0.60608884696258,0.010827322730496029,1.059456184192044,0.31053969248029123,0.09643490060575384,-0.008917650615535792,1.786356817621587,1.624317640116166,1.6119733708533257,6.2145306723446385,6.9431628272464865,Rayleigh,QPSK
0.0049558124203989634,0.0047929362967148986,0.7199281970632235,0.7216995331258357,0.5182966089267036,0.5208502161140492,-0.004979788435666153,1.0094397275344846,0.1422174174668798,0.02022579383094877,0.011683350797710344,1.7563995838537267,1.157635081158599,1.1532155204957992,3.8079692057682846,14.001114095314126,Rayleigh,QPSK
0.007850251652293683,-0.003591702524066214,0.7248592643455714,0.7261721614599628,0.525420953107603,0.5273260080794342,0.010833584530384893,1.0129756510665247,0.16340691023152507,0.02670181831141369,-0.022919933025375018,1.7554123857233728,1.1981614343182991,1.2032496190783555,3.800407313699647,12.628173155366888,AWGN,QPSK
0.0007785206861990211,-0.0018926129588136306,0.7078862880875727,0.707791912534362,0.501102996862402,0.50096939144905,0.004314029996558116,1.0006324378419427,0.028483341240336257,0.0008113007282134401,-0.011977351058817719,1.755500332181112,1.0065558082950286,1.0062782058222475,0.9301031117762733,27.887087974618805,Rayleigh,QPSK
-0.0037713893524528867,0.013745246297527628,0.7089084116785567,0.7076340745101742,0.502551136148614,0.5007459834078708,-0.0020840403595578753,1.0012217626562172,0.03248471507478069,0.0010552567134896839,0.03480801187160637,1.7599295409980893,1.0084016610460893,1.009881032499161,0.9056419771252924,26.789192669722002,Rayleigh,QPSK
-0.004025764456524434,-0.014988326431874638,0.8041033478909986,0.7956967473557098,0.6465821940895122,0.6331333137524564,0.006662179726637217,1.0734102045462406,0.3574169796283526,0.12774689732665423,-0.03152341816273568,1.8006338780343827,1.778773042038933,1.7859081304731368,6.308677650127867,5.5862914052391925,Rayleigh,QPSK
0.009810326039010338,-0.01848237838865509,0.756558509659067,0.7593793481502681,0.5723807785375487,0.5766569943971261,0.01880533342671927,1.03822964144701,0.2674973371145602,0.07155482536338066,-0.06874062342951082,1.7701669114903338,1.4864239795448018,1.5046710372832204,5.99792449450171,8.245380833107472,Rayleigh,QPSK
0.015929180912698657,-0.004084768444092231,0.7076090266191742,0.7079043239504971,0.5007105345529352,0.5011285318678103,0.003228825934095656,1.0001339145499186,0.042914374346982746,0.0018416435255929709,-0.014362734129515366,1.740746888503696,1.0170848889327353,1.0148687999643984,1.1721359070000492,24.284378017312882,Rayleigh,QPSK
-0.013210735176105342,-0.014152232576409806,0.7724129204675069,0.7745939616691414,0.5966217197051431,0.5999958054542953,-0.0020649822390409293,1.052091472210281,0.3001597382605333,0.09009586847263187,-0.026204533773177312,1.793029062214616,1.5819588269314337,1.5766491603180377,5.898041063222693,7.260140423670428,AWGN,QPSK
-0.02025317663804244,-0.004574395016511727,0.7177457774000154,0.7162379968465153,0.5151590009755525,0.512996868126709,-0.006518949989363851,1.0069216538135308,0.12122610460368655,0.014695768437383952,-0.0022312034938685226,1.779347264692807,1.1178556696294661,1.1108849234698703,3.483569516311732,15.305420840453028,Rayleigh,QPSK
0.0026869999628903844,-0.002482666739357496,0.7094469108558449,0.7086898384091629,0.5033149193229011,0.5022412870644054,-0.006657651138672285,1.001235725880091,0.05564720308886009,0.00309661121161284,0.005320878139661907,1.7544273972038678,1.0252606343830566,1.0239680726713654,1.6882664994328553,22.06083728878909,Rayleigh,QPSK
-0.003248699674551213,0.00047778316007729535,0.7085033456164284,0.7083286899718767,0.5019769907496722,0.5017295330372751,0.0016978524237821378,1.0011891591511128,0.03657285484561338,0.0013375737115583063,-0.0030124480888343284,1.7593829005644284,1.0108442516809915,1.0103646414069816,1.1151901050198259,25.643496231653167,AWGN,QPSK
0.0038571344153377363,0.001238709002052998,0.7160646068829524,0.7133478006286832,0.5127485212304371,0.5088650846617795,-0.00544833419316912,1.0055137902043345,0.10282040404034634,0.01057203548702007,0.01688459071083189,1.756606117299257,1.084880392449068,1.0819058276969709,2.946618442795981,16.70901271824748,Rayleigh,QPSK
-0.0062888198188247426,0.01046179074745363,0.7076139116267977,0.708045408094701,0.5007174479277774,0.5013282999239916,-0.0008700481737761892,1.0006863112827262,0.028664482962314018,0.0008216525834967907,0.02453193621984881,1.7622247134459934,1.006821073079184,1.0076539183557391,0.9542915740835101,27.74874249245625,Rayleigh,QPSK
-0.01000153225248086,0.022752565960219216,0.7077669774504753,0.7071763858209356,0.5009340943693816,0.5000984406627608,0.010825864388837866,1.0004938110983697,0.025736722619122097,0.0006623788911736309,0.033374348377659915,1.7658799786425619,1.0060118742290172,1.0094630189377904,0.815969161761172,28.799734283211617,Rayleigh,QPSK
-0.0025840510927432384,-0.0037448051806431757,0.7076131134151031,0.7075915296636882,0.5007163182770156,0.5006857728517982,-0.0006670483222450461,1.0002934599861344,0.028909962360279186,0.0008357859236727592,-0.007207936504005512,1.7588204498045248,1.0068986479991064,1.0068548598189242,0.7901911397702356,27.706443326045484,AWGN,QPSK
0.009320648778031716,0.008565623754735543,0.7097952892983486,0.7112193562977044,0.5038093527101264,0.505832972772521,0.005306010829631416,1.002492578580384,0.06936281264374441,0.004811199777851191,0.010823819822531831,1.746956231897472,1.0394643005931052,1.0378078408694176,1.7820003488433596,20.214458878955927,AWGN,QPSK
0.0017060383913642453,0.006258232540022379,0.7074359120054323,0.7078293189720549,0.5004655695949578,0.5010223447964431,-0.007383162081264415,1.0003776902276544,0.027829253092775785,0.0007744673277017707,0.023821188506956033,1.7539506537340352,1.0062636368172548,1.006401503594623,0.9627706717236238,28.013791655722923,Rayleigh,QPSK
-0.00504519170338689,0.0071375229570741295,0.7093279933412711,0.7082312794561615,0.5031462021375542,0.5015915452001115,-6.094054768954852e-05,1.0012217448233927,0.048674050825401015,0.002369163223753721,0.017856461755797946,1.76265970836842,1.0192857900042147,1.019639472777345,1.4459950813662281,23.13569378155813,Rayleigh,QPSK
-0.0043738195549546605,-0.00033638111821766414,0.7158083604478729,0.7169655500804604,0.5123816088870718,0.5140396000021772,-0.001483762399692334,1.0081627903328116,0.10024091244279618,0.01004824052736433,0.005994056965440014,1.7630322415811894,1.0799544634406457,1.078238513129738,2.4722831153182008,16.919066870219538,AWGN,QPSK
-0.0044218318393486776,-0.007576679322329522,0.7950196687011185,0.7951597800874287,0.6320562736216363,0.6322790758686879,0.01594696561530653,1.0674734539241886,0.35342995532899646,0.12491273332385643,-0.02838996953237208,1.7926974371058075,1.759362091118367,1.77524744143042,7.276186392341856,5.756020846631297,AWGN,QPSK
-0.012110301107059086,0.0008975521782928904,0.7313812285695716,0.7311884272434015,0.5349185015039358,0.5346365161346791,-0.0026754788892295735,1.015373219230062,0.19677324081747433,0.03871970830181175,0.0034470909337337274,1.780808695386308,1.278424817848741,1.2883695514267557,4.795766056922416,10.99560921947383,AWGN,QPSK
-0.007550160948767695,-0.022631243149985665,0.7073815076336334,0.7073492166652823,0.5003885973420321,0.5003429143169884,0.003102661234874297,1.0003621165620764,0.024006780361587744,0.000576325503329515,-0.05527513403242073,1.7626963347073576,1.0050767923554171,1.0084594607292954,0.7530026073964292,29.352785959803942,AWGN,QPSK
0.007822351036534869,0.00810843863876081,0.8072437816553408,0.8001528321842034,0.6516425230212155,0.6402445548524021,-0.013716913344585035,1.0763597630904111,0.3653268046920033,0.13346367422646913,0.018548155633369846,1.7807996573399416,1.8101641005566125,1.8041410691976574,6.779879972449873,5.2607706767145865,AWGN,QPSK
-0.0023220438468746023,0.016926921260888374,0.7272009915891504,0.7270921996727782,0.5288212821682436,0.5286630668249991,0.0008831691607469103,1.013309121781635,0.17601387802776608,0.030980885258373315,0.04651168377436231,1.7699290062501534,1.2318910361891386,1.2336817702033287,4.222369014838032,12.068924013038384,Rayleigh,QPSK
-0.01126076382867023,-0.012249607886164339,0.7091872056386308,0.7088161426741884,0.5029464926415297,0.5024203241155154,-0.00124699184224885,1.0014762777237147,0.051854986347195875,0.0026889396090678704,-0.027127885100541427,1.7673487222779838,1.0226213364415846,1.0229080325867668,1.390015062264374,22.74238535112203,Rayleigh,QPSK
0.01022553165461606,0.017350047159762523,0.765473253451368,0.7576827308959901,0.5859493017494223,0.5740831206980054,-0.005750920931246247,1.0415608457297456,0.27493456080353074,0.07558901272423035,0.027699540355640345,1.7715861514668534,1.5092833312711278,1.5101444213425372,5.755402389148179,8.014390621069774,AWGN,QPSK
0.009225382349403406,0.0015930435689249956,0.708426562601441,0.7079107436812359,0.5018681945992933,0.5011376210193204,0.000514466910098588,1.0002554881081387,0.05081751268478418,0.002582419595468201,0.003355112757819837,1.7474153600963962,1.0207336976262114,1.0200413334930076,1.5156101139790206,22.9940881582629,Rayleigh,QPSK
-0.007679020289895848,-0.009014049502880959,0.7608371408504829,0.7664334146409139,0.5788731548975377,0.587420179078131,-0.0032317181820426958,1.0427136967134374,0.2813924325615727,0.07918170110291925,-0.027953591023407515,1.7834941443383812,1.5238391167131886,1.5188284013898674,5.3155508291902045,7.863899534237014,Rayleigh,QPSK
0.002505572073439339,0.004576771245361181,0.7551237535717613,0.7501274758533227,0.5702118832083062,0.5626912300300773,-0.0014114931585391438,1.0353331124303524,0.2470135305405558,0.061015684270110095,0.02556437399850649,1.7768336349544882,1.4293310770076566,1.430412684574867,6.239242378551861,8.920178480679542,Rayleigh,QPSK
-0.00702657231907292,0.018907194846894675,0.7104534092467139,0.7098140014330303,0.5047440467102786,0.50383591663037,0.001350259398638295,1.0026149683009105,0.06123759805174038,0.0037500434151465168,0.03802894790872906,1.7640576827055259,1.0298071899716208,1.0324410452530592,1.9676013386295312,21.206074297847834,AWGN,QPSK
0.0015216769284224852,0.006700967438995584,0.7106928366855947,0.710519027439303,0.5050843081162174,0.5048372883532929,0.0010221261054573784,1.002265514352316,0.07370653753155751,0.005432653674890895,0.01578131088031619,1.756298008110344,1.0437468416902083,1.0427241374650387,1.9304466871882293,19.60222639775757,AWGN,QPSK
-0.008934084031640952,-0.01658689632592263,0.709101611527015,0.7111568428687197,0.5028250954702097,0.5057440551590049,-0.0017696747142761982,1.002101651510421,0.06867585934309382,0.004716373656512408,-0.03093812987795383,1.7663860541898484,1.0376137571165898,1.0385528598522658,2.1222588164137166,20.339122387824347,Rayleigh,QPSK
0.0012674494625770937,0.007170742262673056,0.7527584613225002,0.7534170044387393,0.5666453010926181,0.5676371825774432,0.01948869431445085,1.035280439551326,0.25005983508994883,0.06252992112521241,-0.019604308304777975,1.771212820713593,1.4420293864007838,1.434019977714305,5.550209286396752,8.850879303963753,AWGN,QPSK
-0.0009870190270986955,0.002687700949571603,0.7080161520487342,0.7074464219979721,0.5012868715618963,0.500480439997733,0.0020779706553424693,1.0005266827266064,0.026867576270966233,0.0007218666546761878,0.0018149016782684057,1.7575494603710962,1.0058259808481425,1.0058772068747104,0.8216669266931937,28.369572295210798,Rayleigh,QPSK
-0.0002344314692109434,0.0007140428437151967,0.7325918437742434,0.7313990968348978,0.5366908095645454,0.5349446388509043,-0.000922994625739121,1.0205588977574347,0.17348068895089158,0.030095549438875994,0.007353655879166384,1.7624147028108537,1.2194154912216153,1.220887178815283,4.035006056819292,12.187388444453386,AWGN,QPSK
0.00938365497863679,-0.011326743572325236,0.7303083975830059,0.7315888962405452,0.5333503555802578,0.5352223131024593,-0.009120906673437644,1.0184757697599458,0.17747147149701065,0.03149612319531426,-0.0004701691581535094,1.7592295942325367,1.228422859427555,1.2319810009408245,4.041862847245434,11.902476250440852,Rayleigh,QPSK
0.018028515685597057,0.011361413057766223,0.7145012988246338,0.7160833562944695,0.5105121060220886,0.5127753731619522,-0.0034189087410499306,1.005859024578052,0.10949525534663809,0.011989210943425479,0.023823742338178865,1.7412787747652478,1.096072526050221,1.0899481697205715,3.1247508951986704,16.32912706090986,Rayleigh,QPSK
0.013858535960473076,-0.0003569921209529667,0.7100490914501617,0.7115732851465031,0.5041697122692,0.5063365401341866,-0.010352161288266945,1.0025034278674345,0.07540103434152717,0.00568531597977216,0.011906683391538777,1.7437507708838607,1.0448348605255948,1.0454691480413405,2.1877466182267398,19.404954062620895,Rayleigh,QPSK
0.015585158359786178,-0.006624699052506018,0.7533626639674416,0.7571071851815078,0.5675553034601203,0.5732112898534659,-0.012412886676327763,1.0330902470434484,0.27162090968099056,0.07377791857592884,0.019363955657215274,1.7656526497393086,1.498932256791653,1.4905184808614913,5.512690844784115,8.210416437634418,Rayleigh,QPSK
-0.0003811786708276747,-0.008138919226727135,0.7093760345691676,0.7079458051105963,0.503214358421077,0.5011872629736904,0.0044831434141401946,1.0009484693483945,0.050696848099575205,0.0025701704072314023,-0.023283324400717398,1.758576612989369,1.0210617978503231,1.0212206934679364,1.6346956491367721,22.781379651690468,Rayleigh,QPSK
-0.012490105141292411,0.0074995312919357215,0.7076412462218755,0.706955212373674,0.5007561333544491,0.49978567230230647,0.004735178493630722,1.0001062568675048,0.023270718236946472,0.0005415263272633531,0.008214371196814113,1.7692068852922467,1.0056648026446842,1.0049259909415063,0.73659650521032,29.49237338282618,Rayleigh,QPSK
-0.01018300613387687,-0.0015789356491289327,0.7563182409601027,0.7606381280690119,0.572017281608984,0.5785703618723306,-0.0008856325587012474,1.036562986120504,0.2760996304560467,0.07623100593796554,-0.007136508413543201,1.7914835117343704,1.4906494816925844,1.5215628218544666,5.37091561077311,8.102568727368691,Rayleigh,QPSK
0.013318533704064418,0.01129757893521022,0.722877978320373,0.7260543247366339,0.5225525715405497,0.5271548824687694,-0.007390919668248188,1.0136970920547772,0.1497687490728006,0.022430678198831516,0.04295398180429313,1.7492246716754822,1.172503587373002,1.1651967622677963,3.725148880708632,13.551446196900327,AWGN,QPSK
0.014727686757999457,-0.009731200484715631,0.7719584230493758,0.7770346311836465,0.595919806916879,0.6037828180587055,0.00063787172764759,1.0520886041563953,0.305161916037942,0.09312379499994797,-0.026916058177954817,1.770769589944882,1.5880658192603272,1.6034049714476883,6.2335285131637095,7.174400776149934,AWGN,QPSK
-0.005684818142396727,0.0028246916626423393,0.7551983926891532,0.761137646990624,0.5703246123202805,0.5793305176664238,0.004894577931961331,1.0391060274578823,0.26448835461642595,0.0699540897277043,0.016813974131701756,1.7833943468889535,1.4637453096142783,1.4824457649679736,5.928733122692902,8.305029910243967,AWGN,QPSK
-0.004770077088051294,0.012392139841294543,0.7679908231667255,0.7748845786137128,0.5898099044683046,0.6004461101733513,-0.011651962908654266,1.0504914073204414,0.2947882910714849,0.08690013655284652,0.04212840105783138,1.783524166663686,1.5769104935106264,1.5798585292507037,6.190755215703444,7.214933014983764,AWGN,QPSK
-0.008929612489235982,-0.006270396497837669,0.7108320134925529,0.7092625689914679,0.5052821514058768,0.5030533917723767,-0.003737041053848011,1.0012964720551787,0.07655046753321654,0.00585997407955404,-0.006354104782564161,1.7658925890441894,1.046903471004617,1.0474644524103656,1.9305111503794343,19.16027662444003,Rayleigh,QPSK
-0.0012716826185792552,-0.007050980294738013,0.7569296734461116,0.7445786289868486,0.5729425305432372,0.5543973347439352,0.005324277070160631,1.0313898424598027,0.2522423272524162,0.06362619165771502,-0.028030802586175758,1.7827133095026362,1.4422550891031565,1.4445972834145906,5.189887028721703,8.779343135278108,AWGN,QPSK
0.004716512890807901,-0.012036782528393625,0.7078785729937365,0.7069294964981173,0.5010920741036486,0.49974931301908165,0.00015942305791792627,1.000151584225178,0.026557961557352926,0.0007053253220818358,-0.026993393052713113,1.7510564512324303,1.0059282526206195,1.0067030651128122,0.7963882982031913,28.47090699454959,AWGN,QPSK
0.007125656262515406,0.009107209996419022,0.7078291751985943,0.7078215946673572,0.5010221412623224,0.5010114098774404,-0.001802048985614447,1.000775253963382,0.02482253905992311,0.0006161584453814085,0.022878245872582744,1.7488394007346002,1.0052854203966777,1.0057287522556935,0.6920450283123075,29.01916545569774,AWGN,QPSK
0.0084534322522938,-0.014693125357895773,0.7086369537092788,0.708609817705958,0.5021663321623666,0.502127873749271,0.013074592232742438,1.0008517930611724,0.05363993556577507,0.0028772426875005013,-0.05284699958243403,1.7477558351216707,1.0227076820129213,1.0245616593731601,1.6985194110248698,22.471462388281328,AWGN,QPSK
-0.013747413382058808,-0.003398200969584118,0.7074525824641651,0.7072760174013085,0.5004891564352163,0.5002393647910561,0.004439246916771532,1.0000459669973918,0.028933099782961644,0.000837124263050815,-0.014019769878575563,1.7699845832087324,1.0084448128734649,1.0068475993228878,0.816724331244338,27.65072034418952,Rayleigh,QPSK
-0.015026302840013096,0.021099071147512714,0.7102036561731665,0.7095422744823622,0.5043892332417332,0.5034502392776038,-0.008292486608566046,1.0016091436574057,0.07272933686995416,0.005289556441543272,0.0618817372743605,1.77082422163137,1.0435422702381953,1.0467405243366483,2.101954683744027,19.743279658045836,AWGN,QPSK
-0.015897493648649678,-0.007890409936464766,0.7074613917226231,0.7069256869102232,0.5005016207781108,0.4997439268134909,0.002728589880728707,0.9998910983358692,0.027898529236588462,0.0007783279335647812,-0.021750573116243083,1.771962670161478,1.0082515609372955,1.0065974047024793,0.8469838714368767,28.052937298641297,AWGN,QPSK
0.00663284575259983,0.015650759334008644,0.7093107157886417,0.7092084695743793,0.5031216915325952,0.5029766533160334,-0.0032618297847382387,1.0017103094663016,0.05444025778836515,0.0029637416680636523,0.03955822710779768,1.7495321143593958,1.0239265407421865,1.0253552767174037,1.6921354272966107,22.292889173707348,AWGN,QPSK
-0.00394617743268687,0.009457161396800685,0.709674807644968,0.7092061834887639,0.5036383326059224,0.5029734106986982,0.005137114903879297,1.0015546716686374,0.060041595426538356,0.0036049931813641116,0.015882105044788278,1.7604784814714902,1.028324791792882,1.0294623694057197,1.6877429154262058,21.495610610594934,Rayleigh,QPSK
-0.010618810445247493,0.00269118164122638,0.7112188052029936,0.710490079661621,0.5058321888743738,0.5047961532975767,-0.0006617037998896394,1.0028584065030286,0.07087566770094676,0.005023360272055029,0.0054271389095846174,1.7681219219153372,1.0413444171437176,1.0399108557872438,2.068891414250629,19.930733111362194,Rayleigh,QPSK
0.0007639356916772632,-0.012318090278475115,0.7137075943827615,0.7151458059701046,0.5093785302796284,0.5114335237966305,-0.010520722560820055,1.005003424211466,0.10455854984331349,0.01093249034533667,-0.009040493293858509,1.7575124322268476,1.0840958204600448,1.0844515422230547,3.0539226180652737,16.529230725619577,AWGN,QPSK
0.0055252587925021255,-0.00548925051737757,0.7359483219559029,0.7286918672851932,0.5416199325897092,0.5309918374475816,0.003019743078924794,1.0186106073117083,0.18736291272642625,0.03510486106533042,-0.017228997060144635,1.765616639798404,1.252970555717282,1.2563891181070803,4.771427956748154,11.595654911808557,Rayleigh,QPSK
0.0032938464951059393,-0.015900189022657808,0.7779207765457105,0.7830867639332407,0.6051607345814812,0.6132248798474351,0.003019843166084278,1.0577645487603287,0.3158851678228404,0.09978343925046404,-0.03980043809127178,1.777050362872198,1.6370003683955805,1.6515586282561956,5.944590416291426,6.669636755770276,AWGN,QPSK
0.004769955188320568,-0.005130404402133397,0.7307945324005788,0.7293320268182139,0.5340606485865806,0.5319252053427638,0.005139616227313458,1.016888878736109,0.17880697904162374,0.03197193575399167,-0.013417373827218347,1.7596375064404077,1.2369639324001396,1.2401360832410047,3.9975419594995114,11.866550046529326,Rayleigh,QPSK
0.0006859689918655202,-0.0058161685648270185,0.7084184542822077,0.7072025747765576,0.5018567063675924,0.5001354817705925,0.00863505023371577,1.0005812349046437,0.02938841379039494,0.0008636788651154755,-0.027573635638756564,1.7560070025617998,1.0067281932468712,1.007035604405482,0.9007177502034043,27.755206558919795,Rayleigh,QPSK
0.017570068953119806,0.012156334847592133,0.7123714945027861,0.7168470772758029,0.5074731461801331,0.5138697321988609,-0.001816042272301254,1.0044763104532435,0.11325503925732111,0.012826703917177346,0.032984241155627335,1.7417950849974744,1.107312287857839,1.100787210839569,2.6993566588433167,15.796757314401473,AWGN,QPSK
-0.013640318399982481,0.0014556623215445338,0.7125239609124971,0.7123022435904848,0.5076903948744338,0.5073744862240382,0.0006432857533656335,1.0033386696447353,0.09254497464936776,0.00856457233285212,-0.004004550108624449,1.7715731217167503,1.0673516161063192,1.0658776309112794,2.403991041059404,17.69482759470221,Rayleigh,QPSK
0.00025683444266923845,-0.012067694299354642,0.7082774552720168,0.707653769398059,0.5016569536466038,0.5007738573432813,-0.0029963141220165847,1.0006622179543625,0.03537840807857857,0.0012516317581744332,-0.018996053431983188,1.7568923132252259,1.010078125209077,1.0110425765363058,1.007187542931208,26.008742653825433,AWGN,QPSK
0.004579981786889031,0.003069142664520844,0.7217029220204146,0.7217346464507588,0.5208551076528047,0.5209008998874017,0.0024062176775738937,1.011618858192956,0.13569704918843975,0.018413689158449834,-0.0030925033653362343,1.7568662565896327,1.1441676234343794,1.1397700394615875,3.4213093028616948,14.225852445292993,Rayleigh,QPSK
0.002610157467923275,0.0015076791209627776,0.7103552068216347,0.7100746112628447,0.5046045198586074,0.50420595356008,-0.010101175570237342,1.0020460142633398,0.06872659409559696,0.004723344735980943,0.013892917158021788,1.754482860175643,1.0379880165650786,1.0374751223466239,1.8160591464368558,20.176435710175788,AWGN,QPSK
-0.006951457526319447,0.011349658007479162,0.7504516364216182,0.7551659562341144,0.5631776586078846,0.5702756214549843,0.006480126247832746,1.033205972254312,0.2571299991434641,0.06611583645951787,0.00419945775433766,1.7824640338704887,1.441703655476718,1.4553070974967517,5.310814569500444,8.691211794383769,Rayleigh,QPSK
0.0057757868703820206,0.003007240619071006,0.7323782313109587,0.7340244039670827,0.5363778736981681,0.538791825619231,0.00024739593710051445,1.017801250660811,0.19822390542212912,0.03929271668080119,0.00566039508777595,1.7589114665483023,1.2881466220367406,1.2858287305972473,4.458930887822684,10.977329047289492,Rayleigh,QPSK
-0.0036951975438301583,0.008096382301605953,0.7795711487935699,0.7741072163222489,0.6077311760313263,0.5992419823621811,-0.012159537258112139,1.051199565555801,0.31942422835480766,0.1020318376600643,0.04759008917038816,1.7923253425196035,1.6224189772408186,1.6678875559331983,5.862518223408653,6.716333328237438,AWGN,QPSK
-0.007676714034013402,0.0003035647653049328,0.7086731085868926,0.7094062960788312,0.5022175748342096,0.5032572929162863,-0.0067451831983085,1.0011653989739773,0.05658388231377843,0.0032017357376995276,0.010956196784683122,1.764299384663399,1.0253977984695002,1.025901283015404,1.6571378677541257,21.941222057078267,AWGN,QPSK
-0.0019837750327545596,0.01392569101934188,0.7076132358773757,0.7074361640345701,0.5007164915888506,0.5004659261839473,2.3444729855819995e-05,1.0002324592018996,0.03025401734422769,0.0009153055654648297,0.03022104881425354,1.7581538124159293,1.0071833901207043,1.0089106830166163,1.0344228625651684,27.40023062174002,AWGN,QPSK
0.0009183413810060045,0.004175326112666142,0.7230066047528093,0.7218507788157623,0.522738550516185,0.5210685468769226,0.0007394414865711698,1.0105090972333972,0.15065436767877563,0.02269673850069171,0.016092345013979163,1.7646219565219357,1.1763879649249733,1.1734156963320272,3.697994659389279,13.342275152041523,Rayleigh,QPSK
-0.00514676625077467,-0.015251401209400519,0.7373163662072073,0.7366532451383242,0.5436354238770007,0.5426580035728239,0.0030926268462418533,1.021744602092989,0.20637463503384884,0.042590489985354314,-0.03241406736943462,1.7726611304862119,1.3116004410014885,1.317268659167936,4.541309989197332,10.487563238989457,Rayleigh,QPSK
0.006161455610757753,-0.002338104211264483,0.7140549399100842,0.7147518952267613,0.5098744572099939,0.5108702717302472,0.0014080494648072792,1.005507188431213,0.09870893181442227,0.009743453219944263,-0.010081459737896387,1.7537304413667965,1.076154649962002,1.0747154734570141,2.393285279450153,17.04193429693017,Rayleigh,QPSK
-0.007736986630644946,0.009325313605388888,0.7114165493214571,0.7123698944114436,0.5061135066484493,0.5074708664637713,-0.002480075442214086,1.0036048575229897,0.08067518518380719,0.006508485504441583,0.022331199306365415,1.765352275663234,1.0500283330736992,1.0523822436684929,2.5908632252875967,18.94839063506146,Rayleigh,QPSK
0.012468046393677452,0.0050302959271443645,0.7073743425399185,0.707808299585955,0.5003784604837819,0.5009925889627611,-0.005429420187686341,1.0002893577338754,0.03119304904755557,0.0009730063088832075,0.018926554981202777,1.7444952944249403,1.0085861278857264,1.008014457110875,1.1542740711825181,27.12493521680622,AWGN,QPSK
0.0063043365977644965,-3.5868649341108196e-05,0.7236096007518311,0.7216422755120557,0.5236108543002245,0.5207675738062177,-0.006801063319053413,1.0108208920253163,0.15053005778941236,0.022659298298083823,0.009380160082038192,1.7581258105155437,1.1757199418825532,1.166287158867653,3.2681757854890963,13.422878253756455,AWGN,QPSK
0.004261792871946997,-0.0015834081428908748,0.7070868235185153,0.7081559453140494,0.499971775993504,0.5014848428836348,0.0004974893846564774,1.0002859807167626,0.03008730161502766,0.0009052457184736461,-0.0037487360951415616,1.7520927705737068,1.0074788817017086,1.0071942237604699,0.8092846299308453,27.422809118966416,Rayleigh,QPSK
-0.0013708600904357366,0.032668928624967945,0.7084086841323749,0.7100117505532217,0.5018428637541629,0.5041166859236504,-0.004899600490382597,1.001703243918693,0.06016060966672476,0.0036192989554720166,0.0775421466433044,1.7560677551574209,1.0290764899481504,1.0364147428905286,1.747720941797749,21.412921260772666,Rayleigh,QPSK
-0.0052173065233332505,0.016167620750086393,0.7076846869532772,0.7067340369677515,0.500817616148158,0.4994729990087352,0.001463157803050168,0.9999588510128652,0.025720102760302094,0.0006615236860004994,0.03323893444827491,1.761331294781019,1.0055892893603653,1.0072973217154177,0.8011862624992561,28.94108651714333,AWGN,QPSK
-0.005496735914903025,0.0040629439979949205,0.7289291766107161,0.7245994672023206,0.5313377445143765,0.5250443878698869,0.00174566554989881,1.0140461455789336,0.16774763378486396,0.028139268640420833,0.0024406261076537804,1.7713124396450102,1.206869509742579,1.2053403035421764,4.403116796319547,12.591402396832367,Rayleigh,QPSK
0.017143994466161706,-0.003175789930800516,0.7088917421650709,0.7092355001243086,0.5025275021098293,0.5030149946365781,0.004391148305112177,1.0015880986166856,0.05165055317961123,0.002667779643759848,-0.011356275917279212,1.7395472040370796,1.0228998805579628,1.0219697408231996,1.5503109201250598,22.65823774493852,AWGN,QPSK
-0.00013144740854637493,-0.0005539224921916656,0.7584341415942689,0.7586028921620529,0.5752223471358355,0.5754783479966313,0.008045330405411636,1.0366990015944284,0.2756015227355081,0.0759561993341308,-0.00047610124150902273,1.7772620530766838,1.5100010939531594,1.5119345782787983,5.938108112278955,8.061299312081225,Rayleigh,QPSK
-0.00238554963267719,-0.013093554608967953,0.7706056820139009,0.7677925119266591,0.5938331171521094,0.5895053413706489,-0.002320669718901272,1.047672903797846,0.2930820315029487,0.08589707718989541,-0.0311625303439125,1.7839698193506455,1.5543911327442461,1.549482468875726,5.678781291291493,7.532683074276893,AWGN,QPSK
-0.014630581387060504,0.022122100736940348,0.7657051320514208,0.7679919787276194,0.5863043492498837,0.5898116793899641,-6.72131058904482e-05,1.0442109927831449,0.29401168759664226,0.08644287244342556,0.032299108505700426,1.799131150376649,1.5796144490180322,1.577713574831423,5.9335131315073095,7.394108094779118,Rayleigh,QPSK
0.006801570826156369,0.011048918918965263,0.7182314902745048,0.7144030621235515,0.5158564736219362,0.510371735171507,0.003278151852193255,1.005595745755962,0.12318175549136867,0.015173744885935337,0.016363833793369666,1.75457632300379,1.1166430430750716,1.1202228697864716,3.371862436031789,15.10464126126411,AWGN,QPSK
0.018734764294568346,-0.0057547414110027196,0.7274796792846745,0.7261312528927238,0.5292266837721329,0.5272665964275568,0.005534037652189816,1.0143383330269653,0.1673174670906999,0.02799513479364744,-0.013213475265892612,1.7458827827795258,1.209468647331537,1.2125611939279173,4.244030071254405,12.466853277157842,Rayleigh,QPSK
0.00453376048750884,0.003174031678678346,0.7744353891513989,0.7728518887404188,0.5997501719700786,0.5973000419296327,0.005081816390165812,1.0497972001271054,0.3082315395384718,0.09500668196625651,-0.014757169675911327,1.779614869426612,1.6375686958009255,1.6418949671634948,6.233418690616324,6.7252148709307935,Rayleigh,QPSK
0.00883866567149568,-0.017715355009560275,0.7079382290793719,0.7080960796340968,0.5011765361920373,0.5014000579931772,-0.00017085491810769383,1.000775402035585,0.03764498213168338,0.001417144679694761,-0.03937914376518376,1.7481134288757803,1.0117661159291578,1.0138837793473685,1.0831552627407843,25.497777331165974,AWGN,QPSK
-0.00848098095371477,0.016053291068007864,0.7102041300556604,0.7091550805138684,0.5043899063481174,0.5029009282186312,-0.01775451292947201,1.0017110360997235,0.06477244718874352,0.0041954699148185675,0.06481300499927012,1.766041796133106,1.0337580887620004,1.0356374736351117,1.9018048637524902,20.872258198532457,AWGN,QPSK
0.014053922382785732,-0.006043363656096313,0.7897376678747671,0.7947928818777059,0.6236855840602759,0.6316957250834689,-0.015064650443149207,1.0650872793142248,0.3481442683218963,0.12120443156538856,0.0017108522980738754,1.7824528444115082,1.7353534189943782,1.7585858659753326,7.336929285405921,5.726738098115998,AWGN,QPSK
-0.008392828182422974,0.014149060206406772,0.7292171478684806,0.7341100438797885,0.5317576487454414,0.538917556525185,-0.00692334914640633,1.0165956562021046,0.1935952285859931,0.03747911253126292,0.035243251641468396,1.7723156090746546,1.282011009996433,1.271345361216414,4.645824722934565,11.159328173034625,AWGN,QPSK
0.0014057386289434372,0.0014643160220463422,0.7079247263452283,0.7083805770734741,0.5011574181709664,0.5018030419749482,0.00399099237184932,1.0008545487157097,0.03542248979805727,0.001254752783493471,-0.0030378494408304724,1.7551146263366728,1.0098309133822632,1.0100437382627054,1.4281277734098416,25.99194405982525,Rayleigh,QPSK
0.002367331914539757,0.0144961447056767,0.7643241345950795,0.7627666782620874,0.5841913827245173,0.5818130054669788,0.004921531520475582,1.0404956912845178,0.28911735866524996,0.0835888470815708,0.022042967453416558,1.7759728876488734,1.574839280790538,1.5363358443586608,5.740028618944089,7.607486841826323,Rayleigh,QPSK
0.000975535694368387,-0.002732683386933795,0.7093709691390406,0.7084046422288084,0.5032071718572617,0.5018371371313259,0.00613092724353703,1.001118979801509,0.05304259135974793,0.0028135164981572063,-0.015435715698959481,1.7560134561877738,1.0229005081859686,1.0232211024330444,1.4757180244300674,22.291932403501566,Rayleigh,QPSK
-0.0044628301886218864,-0.002586591258212039,0.7393884957489089,0.7331079212908919,0.5466953476458343,0.5374472242594525,-0.01093233578684206,1.0218445242607437,0.20000736849238923,0.040002947451250374,0.013833616817897068,1.7737812939128998,1.285007584506929,1.2890034966969974,4.927579532132944,10.868372622496064,AWGN,QPSK
-0.013421468964081116,0.002373340841843528,0.7184427905527991,0.7179357609042272,0.5161600432972931,0.5154317567851316,-0.006827687318572295,1.0083835426895575,0.12223010877515972,0.014940199491187377,0.021056794601537126,1.7724360755585313,1.1166667647557336,1.1135750898930508,3.1032733205137557,15.165940275848373,AWGN,QPSK
0.0059038745615561175,-0.001721351400564535,0.7073029345938769,0.7075333620320835,0.5002774412851102,0.5006034583884234,0.0017180337753797533,0.9996561675647672,0.04007823734570013,0.001606265108738273,-0.006542184823566898,1.749859405095051,1.0135610974515146,1.012874275522767,1.2087831523309176,24.865522107443272,AWGN,QPSK
-0.009111701294105334,0.014960895863815132,0.7073674762821861,0.7072928259359205,0.5003687465018292,0.5002631416204203,0.0014279888500876698,1.000189132272749,0.02367359945711181,0.0005604393112557646,0.029272807429280588,1.7649067304178527,1.0049961907474005,1.0062158763909719,0.7640804627891491,29.504136594224697,Rayleigh,QPSK
-0.014434426220142408,0.0025342456141007525,0.7090691104099244,0.7074564432679599,0.5027790033375215,0.5004946191213522,-0.0035225471677018646,1.0001621666516234,0.056249781499495013,0.0031640379187409316,0.009718159476634904,1.7716389004631323,1.0272526607089638,1.0251026784687272,1.7089608627194208,22.001340196696805,AWGN,QPSK
-0.005727971563940772,-0.005577802687144451,0.7101567763652231,0.7096830030679587,0.5043226470174454,0.5036499648435563,-0.0035123009072682847,1.0011190322573145,0.07613945530560376,0.005797216654234033,-0.00556936414039751,1.7633203323955517,1.0463174658024486,1.045721734244345,1.9422276332718558,19.33535406089043,Rayleigh,QPSK
0.010782481308546423,-0.016679440818911297,0.710145091029656,0.7119252624730469,0.5043060503135184,0.5068375793473167,-0.012121408754305958,1.0028231983425926,0.07670546379476012,0.005883728175969255,-0.017010540555879885,1.7468178712782843,1.0476608209817793,1.0486433800139827,2.191339016419552,19.258466452638295,AWGN,QPSK
-0.0017017131213352935,0.00621317448702417,0.7080649662945075,0.7077674240506836,0.501355996493642,0.5009347265473402,-0.004364138266927091,1.0007075475297542,0.03027584388122915,0.0009166267227205605,0.02061968042526836,1.758493873437104,1.0071967118918739,1.0077317768262963,0.8567869079739354,27.344900092145597,Rayleigh,QPSK
0.009109947403761344,0.0007024121069772669,0.7212195100933506,0.7242224328945943,0.5201575817392927,0.5244981323077652,0.0037795238895169596,1.0109434222003477,0.15077332549683622,0.022732595681374927,-0.0026387676493752187,1.7516573184859876,1.1687718501563593,1.1749660007133873,3.8754089042907585,13.429669954069599,Rayleigh,QPSK
-0.006063972773216293,-0.02292358037355654,0.720374297638527,0.7201053429112512,0.518939128698201,0.5185517048893306,-0.015516008692720325,1.0087629559189282,0.14300487633705153,0.020450394656175402,-0.033643141783388314,1.7678160235155498,1.155055159863253,1.1595737195741818,4.151496771733671,13.836861503057369,Rayleigh,QPSK
0.010305756801075603,-0.001608861749878734,0.753280935149274,0.7500918536094133,0.5674321672593646,0.5626377888512056,0.0007642703842157506,1.0323846480785066,0.2536940905534882,0.06436069158176147,0.008721215104509007,1.7636678493775249,1.4476426908454805,1.4379907341470486,5.558932181587713,8.74146495612161,AWGN,QPSK
-0.012333924837345358,0.005813457458262736,0.7090283882872007,0.71041227380165,0.5027212553971454,0.5046855987680304,-0.00023983166988860265,1.0020386204953928,0.05925689150114169,0.003511379190378078,0.015234843164360842,1.7687482447797738,1.0289194478708048,1.0276884617341975,1.649735305266309,21.690609713291522,Rayleigh,QPSK
-0.008197748379675981,0.00348710066292954,0.7264143995059942,0.7273161364252227,0.5276778798096541,0.5289887623045132,-0.004833867255039038,1.0145063351454853,0.16590027430168217,0.027522901013373388,0.008395813104325613,1.7716294068190208,1.2139406133489856,1.2046882814736122,3.905294905813767,12.550692532087353,AWGN,QPSK
-0.020544967527479058,0.00510829475654626,0.7958387205551162,0.797952054163699,0.6333592691348042,0.6367274807440667,-0.0007988296569145365,1.0711153751764566,0.35106522656836087,0.12324679330549454,0.01392490386740997,1.8074954402294892,1.736809808634917,1.7499926710730964,6.143170757242521,5.717568308141042,Rayleigh,QPSK
0.0024010778353344615,0.0015668598996821815,0.7661798101050757,0.7669230265070115,0.5870315014126499,0.5881709285866742,0.006062284236791252,1.0451407675035835,0.28790871179257727,0.08289142632606132,0.030884128895634112,1.7812184618966092,1.5468732155787834,1.567035376359572,6.1701146684753185,7.655764556863685,AWGN,QPSK
0.015670544887376375,-0.017335323158197517,0.7180639795339342,0.7184153254144876,0.5156158787041103,0.516120579790404,-0.0005228559062188231,1.0069765259975203,0.13520656045675564,0.018280813990546315,-0.03663666604146368,1.7450129613630034,1.1434455346417918,1.1412660718933936,3.568165274588007,14.371243776027182,Rayleigh,QPSK
-0.0035172131043165857,-0.0076442551660616765,0.7221629960452917,0.7207039146120755,0.521519392857112,0.5194141325371698,-0.00533074155954825,1.0085571800064705,0.15432674906425878,0.023816745476742694,-0.0048300997944794085,1.7674371763492824,1.1806541255650527,1.1815394740007883,3.509176642156444,13.146092314889513,Rayleigh,QPSK
0.007029924561712836,0.0025588828783743344,0.7184192490365072,0.7195621568184091,0.5161262173861789,0.5177696975251607,-0.006679085198667679,1.0095589754639684,0.12141893465358017,0.014742557692410372,0.013823484957451398,1.753883437620736,1.1114543214257475,1.1120756207532687,3.4275335762418555,15.452954222517755,AWGN,QPSK
-0.0019674907821078634,0.009892098522693597,0.7926070368049093,0.7871750663594858,0.6282259147926589,0.6196445850980608,0.0110827519451135,1.0675000493701627,0.3292656512887123,0.10841586911857992,0.01384101670415634,1.7937465182914432,1.6822257312265951,1.6784281670062755,6.339465776714606,6.322661033274716,Rayleigh,QPSK
-0.0003681635243238247,0.012162077425456781,0.7119478726863583,0.7125669007076869,0.506869773422631,0.5077515879841585,-0.005893825462995466,1.0028747818980244,0.09492936801360902,0.009011584911463213,0.04105931700376024,1.7580434245453496,1.0684299928008618,1.0739768236418814,2.955227768338664,17.51261824424201,Rayleigh,QPSK
0.013683399529587515,0.009081522329966004,0.7846490026329771,0.7943066822597299,0.6156740573329257,0.6309231054824594,0.006187558087927487,1.0630648780452587,0.34170153255805025,0.11675993735252028,-0.0021390860300481637,1.7724136231067762,1.7294765501186247,1.725090804568158,6.399033429893867,5.959885299107258,AWGN,QPSK
0.01570532876373977,0.006601979755046933,0.7679996928221801,0.759022158779614,0.589823528174963,0.5761146375184655,0.008298106942768994,1.0436711265913101,0.2774508761948996,0.0769789887013175,0.008452887720726502,1.769787750935502,1.5125277867973435,1.5280864059952959,5.860799131530669,7.944991492022622,AWGN,QPSK
0.00636883597494895,-0.016790057071753132,0.7072354704508381,0.7073950695638113,0.5001820106638183,0.5004077844431893,-0.007943791161281452,1.000153196369304,0.024613959198397636,0.0006058469874203836,-0.026172796347805196,1.7493403677191501,1.0052548717320344,1.0071910724659179,0.7801456816142698,29.146640707317918,AWGN,QPSK
-0.008968739496186123,-0.014288915295765424,0.7086241064907652,0.7073900699431184,0.5021481242998354,0.50040071105413,-0.0033693876028115187,1.0007031770056134,0.0377703358909795,0.0014265982733174141,-0.025987427080991218,1.7658876199687505,1.0123577812366913,1.013024937722297,1.094083397612044,25.44333340607442,Rayleigh,QPSK
0.00908593487795452,-0.0023363837311647594,0.7684523844178939,0.7626879030948249,0.5905190671175465,0.581692837527181,0.009460854751525284,1.0454525864864128,0.2816537004108819,0.07932880695514281,-0.020247790758051644,1.7763400085472092,1.5189494274118716,1.5280971915274275,5.895536755616262,7.933644678009056,Rayleigh,QPSK
-0.017580584542534985,-0.012220876434903254,0.7107693713415218,0.7111103590500361,0.5051930992372221,0.5056779427482713,0.009273345349550677,1.0029013115212924,0.07428612325367083,0.005518428108059575,-0.04451390179361282,1.7741998699302126,1.0474279485246145,1.044455267257275,2.113257648956197,19.54064900511088,AWGN,QPSK
-0.0010110019808122364,0.01177049121995016,0.7250009513804873,0.7209949541393318,0.5256263795026116,0.5198337238943772,-0.0012538242889647672,1.0125288022346168,0.1427763798073245,0.020385094630885375,0.026664124907185387,1.7633905316719791,1.1556399204164833,1.1624935099478364,3.586139158020645,13.753701632025118,AWGN,QPSK
0.00277750283010311,0.005914096928850548,0.7794157568585939,0.7795450743619913,0.6074889220394547,0.6076905229620425,0.002595471861908329,1.0566027696462654,0.3143449112707145,0.09881272324179338,0.00412596820866506,1.7795571579168459,1.6264860052312655,1.6082389448126377,6.049242129501326,6.889623225097026,Rayleigh,QPSK
0.0020887051355817443,-0.0020447637686459696,0.7157490156553453,0.7155728761284814,0.5122966534115957,0.512044541050787,0.004721163691377501,1.0058778118055622,0.11206946920392447,0.012559565927649376,-0.01197635382729654,1.7568133983132448,1.0957248838443254,1.098156054816651,3.174000751481873,16.030796423569406,Rayleigh,QPSK
-0.005771297146779096,0.007991572607242547,0.7074779612994202,0.7075886630912952,0.5005250657243839,0.5006817161353265,-0.0016091480602877925,1.0000239907990556,0.03543970639740294,0.001255972789534123,0.02322435604488909,1.7624605428516418,1.010426923154235,1.0104080854738642,1.061473265012551,26.00007899650616,Rayleigh,QPSK
-0.000945522782862522,-0.006848690594099298,0.707287744789413,0.7072638238666121,0.5002559539292939,0.5002221165504221,0.0020269540365369615,1.000004503638146,0.02273459388966915,0.000516861759328182,-0.017154937614543442,1.7573699226888984,1.0042526145101718,1.0044996030718087,0.7886978297194929,29.694987927925933,AWGN,QPSK
0.008481171950499621,0.025624320190655518,0.7255645848054273,0.7265447550767886,0.5264439667238722,0.5278672811295907,-0.005591767813675621,1.0138587954385547,0.16471225463890887,0.027130126828232754,0.06271771274625755,1.7508809256112725,1.2054113975488832,1.2074993306972668,3.807867861400585,12.608535605776156,Rayleigh,QPSK
-0.0048101258575533575,0.018607197687967057,0.7432055103949051,0.7437613460268572,0.5523544306813515,0.5531809398436823,-0.001691503912896044,1.0250965278149686,0.23469521576566874,0.0550818443032938,0.03272104581575319,1.7734852573777178,1.394930842312863,1.3859634708254795,4.950193781609844,9.456948573503315,Rayleigh,QPSK
-0.006722405615108146,0.010723393702439361,0.7197824055813321,0.7176475985497768,0.5180867113844493,0.5150180757042616,-0.0031510588620151134,1.0077562763066825,0.13301224215444277,0.017692256562952122,0.03077989361946823,1.768772856921946,1.1350548046141098,1.1410575960616167,3.1506254512469383,14.522281184138334,AWGN,QPSK
0.0016145722354535673,-0.003857775554940109,0.7119643310266409,0.7123794453960647,0.5068932086542123,0.5074844742228047,0.008911553098334725,1.0039446254109743,0.08056277838537501,0.006490361261171047,-0.020794735218134252,1.7568235834169772,1.0517017977235519,1.0512007622467157,2.134594164594595,18.8657193879977,AWGN,QPSK
0.006852873105171475,0.001134156782177987,0.7349435144290947,0.730113381079826,0.5401419694013889,0.5330655492318153,-0.003566027631892046,1.0179108998960185,0.19264777882831718,0.03711316668748421,0.011272134432476254,1.7609351596748177,1.2721613269546905,1.2732244084207123,4.637557983541304,11.256983569441736,AWGN,QPSK
0.013375865365164096,0.008945074169641989,0.7080504158522753,0.7084060041950019,0.5013353913885801,0.501839066779529,0.010471182622429045,1.0008344426270364,0.04199767547979209,0.0017638047457059298,0.003581101129496075,1.7441953730186615,1.0152086013240351,1.0149460056246813,1.197063278905535,24.390208232804017,Rayleigh,QPSK
0.001231475588229958,-0.00648266951922228,0.7074924859291327,0.7073586463952386,0.5005456176461841,0.5003562546301042,-0.0075619731776854805,1.000204362121063,0.023165660070578725,0.0005366478065056055,-0.0031219813601377562,1.7549093452443199,1.00435944911864,1.0047706935084477,0.7781292744445439,29.69393868035085,Rayleigh,QPSK
0.005231904602471998,0.0019690503038111546,0.7104535608204837,0.7109815177260503,0.5047442620825048,0.505494718548038,-0.002036874718262943,1.0024747270102579,0.07290166199148096,0.005314652321120139,0.008094150627830149,1.7533165885950455,1.041895627159406,1.0422326469995464,2.0615607409468146,19.730998914163134,Rayleigh,QPSK
-0.008089200955370954,-0.0030478572725820287,0.7072254678279285,0.7084355949340546,0.5001678623444323,0.5018809921695678,2.8780184469756865e-05,1.0003045041320098,0.038916296499855875,0.0015144781332646945,-0.007425454409390918,1.7643639431383327,1.0130614060946677,1.0119771820250665,1.1772099406455825,25.167500303245262,Rayleigh,QPSK
-0.0025415577045149887,-0.007513466843173702,0.7401221403630156,0.7459034556733242,0.5477807826555313,0.5563719651854067,-0.005726091762126163,1.0273778658769233,0.22070428234786296,0.04871038024668522,-0.025495463997827313,1.7692654396098093,1.3558794012182482,1.3550051282044355,5.121776036397968,9.805715941495087,Rayleigh,QPSK
-0.00016338351287863764,0.008943706668424556,0.708479391096226,0.7082078290543736,0.5019430476080793,0.5015583291339089,0.003735693362407025,1.0008999199750626,0.042198856845232675,0.0017807435190444405,0.015309875683351303,1.7569929243515197,1.0141671739186762,1.0149884562021583,1.2565103834745392,24.51556261342651,AWGN,QPSK
0.008091684641202277,-0.010375821033004612,0.7095280378602843,0.7108302831843439,0.503430036509865,0.5052796914919346,-0.0019038506298906517,1.0019432404276871,0.07065836104458455,0.004992603985506863,-0.019980009945209144,1.74805135876953,1.0399625848376137,1.0399862871164414,2.157920343096896,20.06990387714179,Rayleigh,QPSK
-0.0078067765783951795,-0.007991491493564639,0.7146281994255296,0.7135492744559013,0.5106934634141745,0.5091525670765432,0.0018912620014065317,1.0050193172037152,0.09953397527946366,0.009907012234932884,-0.027181802737949172,1.7680987191973723,1.0779547892978778,1.080674500115081,2.50528892205474,16.87646092712716,AWGN,QPSK
-0.010143404287415203,-0.010064999525869816,0.7092291391846667,0.7093782146082791,0.5030059718686233,0.5032174513608297,0.0037540686037480803,1.0009558174865705,0.06719425224852488,0.004515067535238391,-0.02758280602287996,1.766924311070994,1.035753974162508,1.03679490255789,1.9073498477840904,20.495567352722798,AWGN,QPSK
0.01617525415063297,-0.014798501562348848,0.7095097990536328,0.7085231040879111,0.5034041549531264,0.5020049890263688,0.005670415219641655,1.0013160367189615,0.057061134621163655,0.0032559730842545618,-0.042932986640958445,1.7407324487260432,1.0280140785966936,1.0277114739255797,1.6686103355323496,21.85574186613304,Rayleigh,QPSK
-0.0015671198851956321,0.002910153319858031,0.7560062238064349,0.7584494785967891,0.5715454104340654,0.5752456115837412,0.006755872071981124,1.037217542905437,0.2664239395476579,0.07098171556409408,0.012260545153240127,1.7769172344506043,1.4795072079047726,1.4871886903173068,5.740411311986467,8.219035913059813,AWGN,QPSK
-0.00045875534881004783,0.00579370139472878,0.7082164920274566,0.7086483400830467,0.5015705995796765,0.5021824699024573,0.012556419106824299,1.0007231792203901,0.04837318973863427,0.002339965485489912,-0.006528189249640683,1.7579301276119397,1.018900125899117,1.018609891535909,1.3864820596363627,23.200989196026903,AWGN,QPSK
-0.014376299848784043,0.009774990289231955,0.7095383170511275,0.7119586431985125,0.5034446233637463,0.5068851096250669,-0.009217439074188353,1.002812103610263,0.07070959110381453,0.004999846274068648,0.041099292620643504,1.7690146713380133,1.0407125302403655,1.0407796893737666,2.0503297274950754,19.981308904517615,AWGN,QPSK
-0.0015752670841462583,0.004494355897135644,0.7107980039459239,0.7104872951492229,0.5052338024135096,0.5047921965684591,-0.0034919706519471365,1.0029002095491089,0.06511412573043376,0.004239849369638737,0.01454170839706094,1.7596912910194797,1.0321016753647014,1.0339370278900601,1.7591306311098798,20.81219077951709,AWGN,QPSK
-0.01985748737145561,0.003138942532586943,0.7272692095360952,0.7293681185635554,0.5289205031392568,0.5319778523769407,-0.007467667293475356,1.016745490981644,0.16592508806574016,0.027531134849623624,0.01668753556758598,1.7814121436533947,1.2107736599371515,1.2005160437121905,3.781126021101828,12.60442212945297,Rayleigh,QPSK
0.0009788279507996695,-0.015116862110860156,0.7871387803662273,0.7793641351374169,0.6195874595564318,0.6074084551384938,0.0014279928974729186,1.0591035372473747,0.32484625549521184,0.10552508970926044,-0.04094222033025848,1.7925290597296337,1.6745004369432521,1.673449434416726,6.586825190857147,6.408920803353328,AWGN,QPSK
0.0057536381226049975,-0.015371358159334486,0.7078414394200336,0.7083441117210992,0.5010395033602252,0.5017513806099532,-0.0034222685026507214,1.0010600500099218,0.03064381255032989,0.0009390432476197555,-0.02990989899826413,1.7500892583513485,1.007541745737099,1.0095158195183969,0.989234488888075,27.246847188752145,Rayleigh,QPSK
-0.009548507469262205,0.015435984478148625,0.710147270560002,0.7098126923350073,0.5043091458838208,0.5038340581998718,-0.007927566106758812,1.0028427164738227,0.05271748961015391,0.0027791337107966854,0.045868450923767484,1.7654001114129225,1.0226472475126722,1.024352766434161,1.5556812489800573,22.53267000264641,Rayleigh,QPSK
0.004494245860975208,-0.013553736631417975,0.7810258602546093,0.7783665563551798,0.6100013943864524,0.6058544960522213,0.0027302532330454386,1.0513193025726149,0.3328475874922891,0.11078751649943705,-0.023536506930561477,1.7854306596776415,1.682533348850198,1.7170969550699362,6.770583628132306,6.305058418176353,Rayleigh,QPSK
-0.002352289861365496,0.003786402451135927,0.7600333279200018,0.7574738585498549,0.577650659549153,0.5737666463864057,0.018029506901940887,1.040031271968204,0.26414414507020967,0.06977212937487198,-0.018409793923988567,1.7790242134395107,1.4717016106753302,1.4794137393018814,5.50786919206706,8.452166880069852,Rayleigh,QPSK
-0.0027330036795858276,-0.014993888489278224,0.7208832732805962,0.7222121180184735,0.5196726936957468,0.5215903434127296,-0.0014401330736093004,1.0094458199950938,0.15004819093894806,0.02251445960405101,-0.034325022058008796,1.7654805324080975,1.1662684558774996,1.1698697900211215,3.7815854273658807,13.539327137876393,Rayleigh,QPSK
0.0024622560515261656,-0.01627242268677146,0.7073560147503325,0.7074161843588253,0.5003525316034726,0.5004376578927994,0.009882613427345591,1.000194511059198,0.02592265395911512,0.0006719839882840269,-0.051102911129449376,1.7529493556888118,1.0054399781410583,1.0074066342807846,0.7223356056816397,28.665734647319475,Rayleigh,QPSK
0.004945841092961618,0.004065915858956548,0.7831652231324449,0.7806334682458708,0.6133477667240921,0.6093886117455769,0.007717960675629973,1.0575678146215501,0.3229979705232781,0.10432768896215643,0.008851792670848341,1.7809383832347412,1.657109519693561,1.6737847439078832,6.365348351859681,6.523312996878073,Rayleigh,QPSK
0.00938605226464347,0.015225065610828223,0.7405113873713037,0.7424734117531733,0.5483571148265731,0.5512667671603972,0.010627339136352018,1.0229184760463836,0.23147694042794623,0.05358157394988297,0.009819105392999385,1.763928627519603,1.3798777726456952,1.3801744242965732,4.527296062918226,9.625496721675322,Rayleigh,QPSK
-0.011663842240408303,0.010391456634119377,0.708503343937667,0.7110633466955136,0.5019769883708561,0.5056110830138242,0.0075278644988759184,1.0018493811040807,0.06426442680704914,0.004129916552838576,0.013815777634255408,1.768303330747811,1.0338867714507596,1.032340184383081,1.7969625835604628,20.90376834326301,Rayleigh,QPSK
0.0060388770789781355,-0.002254394961993977,0.7943457049236545,0.7928267361544596,0.6309850989306576,0.6285742335613332,-0.005225611670148156,1.0657131860541404,0.35193222059843177,0.12385628789534324,-0.0009599634766364206,1.7856160807364905,1.7740076389254824,1.7723275766123914,7.02415145903346,5.721828053717302,AWGN,QPSK
-0.005861308103866561,-0.006426670358328518,0.7073094778525014,0.7082351290704725,0.5002866974599782,0.5015969980494689,0.0028126445611807746,1.0004741643276962,0.031793066018048974,0.0010107990468280206,-0.01935317255954593,1.7617392149622264,1.0085342003202644,1.0084153420635855,0.9312192106266214,27.020894995441143,AWGN,QPSK
0.0035517950099218792,-0.0018217394161963764,0.7351876125233764,0.7266389622417009,0.5405008256078222,0.528004181447696,0.0032260484687853964,1.0160188146190832,0.19033315364866027,0.036226709377844515,-0.00787932654556489,1.7659950726884919,1.2695632544194098,1.2725106424669337,4.500374954140539,11.271159163442807,AWGN,QPSK
-0.010662986355997007,0.0012025633118036981,0.709060217456415,0.7092111549600941,0.5027663919793386,0.5029804623198306,-0.008857278094536037,1.0013850181616297,0.055588174436193884,0.003090045137148719,0.016298586974234985,1.768055363706695,1.0253042404622337,1.024878408365371,1.4879466675105688,22.25876710256696,Rayleigh,QPSK
-0.0014825699358794779,0.002332340537689064,0.7138618270725168,0.7145950326942956,0.5095987081513118,0.5106460607513614,-0.000563813083897743,1.005070321558491,0.10042935552408677,0.010086055450983417,0.011106020888172089,1.761295301273853,1.0776089337710126,1.0794072485358437,2.768061604131077,16.977331928875266,Rayleigh,QPSK
-0.003394274475510717,0.001996313528917812,0.744421936295828,0.738212245342471,0.5541640192384297,0.5449573191735726,-0.010877454732301688,1.024012097699522,0.22480228767507676,0.05053606854394797,0.026051163200689422,1.7794176252834486,1.347994731947501,1.357192454523563,4.62907969077976,9.99601727949652,AWGN,QPSK
0.003053402130710045,0.0018434642039557182,0.7251027436916851,0.7267011661535203,0.5257739889092097,0.5280945848888864,-0.012698524535890517,1.0128873051282163,0.16715442720143123,0.02794060253303857,0.015082111413507474,1.7570975741450987,1.2079472942080183,1.2126625634187862,3.8463163027259495,12.3464496130892,AWGN,QPSK
-0.013070356000885129,0.018006876369867697,0.7382489644684461,0.7395127288456725,0.5450115335387331,0.5468790761247732,-7.071498827448391e-05,1.0247597268235902,0.20555581662053984,0.042253193746537,0.03345060342397133,1.779344212971138,1.3089563969321483,1.2971041158329837,5.0357631382755415,10.667701170370606,AWGN,QPSK
0.002939559325456612,-0.008596642684470846,0.7115366666056764,0.7108744474475451,0.5062844279243175,0.5053424800338526,0.004175138681535454,1.0032043903340777,0.07273515276036836,0.005290402447074122,-0.025809040484095283,1.7556158991594402,1.0419019254187174,1.0424226646413273,2.096008030848494,19.77115930478736,Rayleigh,QPSK
-0.0015925493930306455,-0.0015848095108906201,0.7079034064436253,0.7082031367829172,0.5011272328544885,0.5015516829491634,0.0032719958190696565,1.0001939015577186,0.04791787688488955,0.002296122925155432,-0.007208424859790164,1.7592615657243296,1.018392270245552,1.0181196148184601,1.3104308746624396,23.20002161322199,AWGN,QPSK
0.0014974360685627386,-0.012917008002300206,0.7138506892070982,0.7177178474900162,0.509582806481449,0.5151189086057022,-0.004818659555286056,1.006130725782364,0.11212390081653156,0.012571769134315408,-0.021100252301466248,1.7577667436335318,1.098468391559934,1.096352973565939,3.178022996179614,16.06450842195126,AWGN,QPSK
0.0015038928964072767,0.01226033524689299,0.7103371481568581,0.7095319901506408,0.5045788640516182,0.503435645047129,0.003848587875104988,1.001966040463865,0.06504721646712963,0.00423114037012162,0.020370340888986472,1.7552635955270608,1.033594747447971,1.0344444074814665,1.8322331415129454,20.64011734372115,AWGN,QPSK
-0.012363019830475944,0.001035133943146914,0.7157124219873812,0.7196063205136568,0.5122442709870432,0.5178332565232038,-0.014696646299948744,1.0073376621723231,0.12450814287047596,0.015502277641054852,0.023740932316720417,1.7689725848639273,1.1198385810135665,1.11769691017504,3.313049732911171,15.157417974124211,Rayleigh,QPSK
0.015122629843177752,0.004771598787162627,0.7559017389893764,0.7589898108085634,0.5713874390071633,0.576065532911219,0.0020616727516702786,1.0401267851449576,0.25659443647662505,0.06584070483075677,0.01730643170790617,1.7582592182416092,1.4660914262829563,1.4522191078517828,5.2394852531520195,8.473839687499822,Rayleigh,QPSK
0.01358000425142393,-0.012967680079953949,0.7072986886660715,0.707603428762514,0.5002714349887444,0.5007026123964663,0.0029191888639248063,1.0001573791666014,0.03180945654880666,0.0010118415259304189,-0.033983914397273204,1.742856290876503,1.0094502821840878,1.0094795298552135,1.0940691410683432,26.94579024996101,Rayleigh,QPSK
0.0007260412193572443,-0.01113553884681077,0.7177348757890546,0.7196522122246074,0.5151433519239296,0.5178993065597713,0.006816994814071167,1.0087249031582333,0.1250650054706559,0.015641255593375192,-0.030902601680372916,1.7579854607635033,1.1203925911662116,1.1226506528409872,3.181355555798545,14.952839224755152,AWGN,QPSK
-0.0161333427788343,0.0007319988704703578,0.7703178776652578,0.7714751692736985,0.5933896326507072,0.5951739368058817,0.00085821389204509,1.04660314557837,0.30568978670151203,0.09344624569361594,0.0028258323850278984,1.7974048934627889,1.64179428959959,1.6032422258341312,5.8873657463393165,6.975726179967294,AWGN,QPSK
1.126719890293951e-05,0.015517359956529088,0.7091092031449215,0.7092735282184629,0.5028358619848257,0.5030689378314667,0.007897586447672248,1.0021100840201256,0.04382884790226105,0.0019209679084395326,0.023018723876528622,1.7571037808762557,1.0152310387825514,1.0169116911552787,1.1345921995384478,24.238550773375422,AWGN,QPSK
-0.0013783446776879538,0.00868371577609707,0.7103569513338988,0.7134610761946251,0.504606998308391,0.5090267072447926,-0.004567163813262469,1.0032985506567693,0.0842794788601588,0.007103030556939954,0.020341103374700444,1.7579160288099207,1.0547110819923662,1.055902261184208,2.469406343550106,18.602666147126946,AWGN,QPSK
-0.00839191740110818,0.0012093855855830529,0.7246103720602654,0.7282254364346672,0.5250601912973162,0.5303122862704616,-0.0003117325836515088,1.012488953824548,0.1740990604288588,0.03031048284221143,0.005405114671691914,1.7726396886239564,1.2272161628585088,1.2303944159727802,4.019453259881775,11.927409570644414,AWGN,QPSK
0.009530362278707235,-0.013034244503794866,0.707885817884798,0.7078891526920859,0.5011023311624293,0.5011070524991192,0.010284893189444718,1.0009544225504086,0.023671649145640232,0.0005603469732742899,-0.04540484178620798,1.7460643539531473,1.0054203948602822,1.0058857379155737,0.7160247849625494,29.383665127572034,AWGN,QPSK
0.01260775321039707,-0.010709368256112935,0.7435687712726595,0.7381641507207872,0.5528945176119326,0.544886313409341,0.0014903725675201906,1.0257537913426185,0.21420466049313006,0.04588363657697712,-0.031101724288780264,1.7571762365006178,1.333489885139789,1.3335678229969596,4.632229385771835,10.224188769093052,AWGN,QPSK
-0.004362626112213938,0.011708250792002349,0.715527911791603,0.714952412371177,0.5119801925528521,0.5111569519553656,0.0075031405932469404,1.0071779270538588,0.09426496383552573,0.008885883406912973,0.016477392033370054,1.7639747403106003,1.0686538001421817,1.071775351339662,2.3158810767304567,17.36356100233241,AWGN,QPSK
-0.019583957431721324,-0.0018163949261345658,0.707656194831409,0.7077851953702703,0.5007772900832691,0.5009598827853317,-0.0029816821628855425,1.0004110045644203,0.03608081892395297,0.001301825494223083,0.00045545158328076933,1.7761359846438616,1.0135718059930259,1.010361182450514,1.0887000805045681,25.874303645671027,Rayleigh,QPSK
0.001723226280055126,-0.001322621496956824,0.7343464903355551,0.743022826925444,0.5392647678681475,0.5520829213322783,0.014809773097325401,1.023252902549022,0.21048968017901504,0.04430590546186403,-0.029764029779283704,1.76495219509905,1.3172753586705386,1.3234518925492573,5.458738622049557,10.53973701875183,AWGN,QPSK
0.005378636368224163,-0.006566242555419495,0.7403007692097303,0.7364326568618722,0.5480452288925184,0.542333058092636,0.011259571909292441,1.0215065875867653,0.21673630008024652,0.046974623772474675,-0.030604516673594952,1.7642737324917133,1.326788024104495,1.3396326590958494,4.777456541675549,10.21275041843171,AWGN,QPSK
-0.005779928071896774,0.0015888922802066573,0.7074559290231663,0.707122293389893,0.5004938915100313,0.5000219378089819,-0.006149939754304238,0.9998313425501396,0.029816906623473517,0.0008890479205929388,0.013762028339820823,1.762399375038001,1.0072325176119175,1.0070740151826514,0.8741154473844246,27.61782574918177,AWGN,QPSK
0.0070207281079539986,0.004365718214342517,0.7122507719177089,0.7116049712886057,0.5073011620973722,0.5063816351626573,0.008718550350458895,1.0035489430721722,0.08149028308607349,0.006640666237448395,-0.004088066080832916,1.7511872454947819,1.0533712352489464,1.0526832199882326,2.1717389354976184,18.684794535303773,Rayleigh,QPSK
-0.004011195774817792,-0.014201998578182946,0.707782136183027,0.7076417600415557,0.5009555522998089,0.5007568605547106,-0.0005282936945617444,1.0005256304103538,0.02964223678541204,0.0008786622016424347,-0.030000044507328603,1.760069868250819,1.0071895489397917,1.0085122914113587,0.8703566648766135,27.634905226342532,AWGN,QPSK
0.021024035385223513,0.005891267496350929,0.7069949891615944,0.7080255308174359,0.49984191469960304,0.5013001522893119,0.0013328921305813253,1.0000301788223886,0.03947689868731983,0.001558425529968914,0.01329818477161049,1.7352011638078368,1.015888896567426,1.0127415501979686,1.0453993904157992,25.16185553041652,AWGN,QPSK
-0.021540808247045795,0.015317097523933043,0.7620628223662631,0.772891037245754,0.5807397452328347,0.5973605554548175,-0.0039863649153729225,1.047649684079974,0.2850071227728819,0.0812290600312766,0.037031042857393254,1.7957525562422487,1.5436875629660125,1.5388771577173517,5.953335156972484,7.642832454722003,AWGN,QPSK
0.006872904942955777,0.010586077842814533,0.7139326435667683,0.7119752335046141,0.5096998195502342,0.5069087331239498,-0.0024336556342766415,1.0030749573541238,0.10299749739511181,0.010608484469656065,0.03449445482035181,1.7529780258861007,1.0798479207870522,1.0841748553281305,2.670155008304616,16.816152752075652,Rayleigh,QPSK
-0.009505461909351733,-0.010715828963126638,0.7235165982546062,0.7251151896744408,0.5234762679499173,0.5257920382966002,-0.005057673394030867,1.0129241505368833,0.15316055073721827,0.02345815430212801,-0.014763857198606102,1.7723592762535967,1.1697598442260184,1.1803765086964646,4.205651517484072,13.307059092055175,Rayleigh,QPSK
0.013623895682159196,0.007785684724169675,0.7195563664806818,0.7169182594062348,0.5177613645428812,0.5139717906700654,0.0037187575287543112,1.007721301445169,0.12836339527600496,0.016477161246783896,0.009320734271323449,1.7487305604241286,1.1282431081900024,1.1251080682634351,3.8508472657906885,14.76656128378397,Rayleigh,QPSK
0.00933499276160786,0.011016500585893986,0.8047415611000247,0.8093454362818586,0.6476089801617048,0.655040035230272,-0.002593226266402844,1.0804146168588467,0.36818714866864394,0.1355617764447461,0.023104213166846157,1.785597752927794,1.8181377390383242,1.8017055003055311,6.747208389980095,5.334228515492385,Rayleigh,QPSK
-0.013640124586615858,-0.00672927654982727,0.7312488920637444,0.7341827434863741,0.5347249421444538,0.539024300833179,-0.0036673108630056114,1.0176817231842232,0.19571532754499674,0.038304489436045364,-0.01017099861783188,1.7803611907516714,1.2761317262608336,1.2849620793972842,4.8630065386252985,11.085533295191976,AWGN,QPSK
0.015279265859479052,0.00460127360511322,0.7163909786324645,0.7166301266930095,0.5132160342659802,0.5135587384840389,-0.01344394770627464,1.0067757021105297,0.11589687689434344,0.0134320860738626,0.0267879129894287,1.744620686368235,1.1045786174512418,1.1070200864588744,2.8771357429905233,15.620590056368176,Rayleigh,QPSK
-0.0007684574417948428,-0.005044024871306778,0.7225214907676663,0.7169248718416656,0.5220373046211308,0.5139812718651887,0.004815863271941079,1.0082387817697063,0.13963942185357442,0.019499168135600518,-0.023351496007427256,1.7630125777454209,1.1485337623013276,1.1521765848497014,3.2296800312847846,13.967944453987334,AWGN,QPSK
-0.006663038422177262,0.0045755858595327974,0.7096634991903568,0.7079384349396874,0.5036222820831016,0.501176827664854,0.013745077385190381,1.0013618221665677,0.046248707248748355,0.0021389429221804284,-0.011919122085390907,1.763548602400925,1.0169837483749145,1.016651793436759,1.2890775664026655,23.77646568276066,AWGN,QPSK
0.028453303175813297,0.002605512258214152,0.7814635996183531,0.78081297564165,0.6106853575284736,0.6096689029303678,-0.007703084155293214,1.0594063277842938,0.3143705970112049,0.09882887226518138,0.005236492889342289,1.7505250325154855,1.6251758166613288,1.6355531625347821,5.900197491124043,6.649719296924429,Rayleigh,QPSK
-0.009548601266934523,-0.0049251266544321,0.7083409283524568,0.7082094902476914,0.5017468707792203,0.5015606820768949,0.006643374435233431,1.0010676974452255,0.035867124871482324,0.001286450646546506,-0.021521069930437807,1.7655850140263953,1.0105049447356937,1.0104218409180195,0.9841410268239927,26.059601260866312,Rayleigh,QPSK
-0.003670496852795776,-0.001623294829061137,0.7416371151140765,0.7423521553658033,0.5500256105147299,0.5510867225762539,0.0024869618677544054,1.0250313995704783,0.2245864435330382,0.050439070618818554,-0.004382011897097376,1.7766739599061623,1.3509624745826985,1.3497702985501394,4.313469828952938,10.04746645025735,AWGN,QPSK
0.009954440923201751,-0.007653520392526546,0.7751186147186577,0.7865071247308724,0.600808866883371,0.618593457252424,0.0042279741164839854,1.0569257967640882,0.32010600047310095,0.1024678515388849,-0.010150762445443197,1.77378466611798,1.6429190197434174,1.6748101922886351,6.7338849512126355,6.595757936552997,AWGN,QPSK
-0.014187868710633158,0.005124200457843644,0.7085002007589846,0.7081465321564814,0.5019725344755215,0.5014715110052506,-0.000742900151674292,1.0011656320331845,0.03659201778050034,0.0013389757652484532,0.011473671725184376,1.770690257843729,1.0124808950515094,1.0105973698621027,1.2756282061892592,25.774863182904117,Rayleigh,QPSK
-0.007730207392719997,0.012529190108419654,0.708361397949871,0.7103981018493017,0.5017758701054955,0.5046654631110908,-0.006309901349925774,1.0020950547182343,0.049634375557196575,0.0024635712369528327,0.03425024200043364,1.7640694816559208,1.0203836011976817,1.0204562596471314,1.2745834098191602,22.97869858500497,AWGN,QPSK
0.007257319358836407,0.013862865471247947,0.7104894804655755,0.7138210634265061,0.5047953018522434,0.5095405105913481,0.005060180755408049,1.003146211769053,0.0909853723426996,0.008278337980339685,0.01847307624999315,1.7511553921878045,1.0645547844932908,1.0652040530530733,2.358135931610921,17.82213287091494,Rayleigh,QPSK
-0.016001499680028543,-0.014841105173368431,0.7455222418384545,0.746662073683117,0.555803413075835,0.5575042522767724,0.012548733202181339,1.0308272292953038,0.22622819251974738,0.05117919509075188,-0.04096411333890211,1.7852375558396636,1.3644200986561683,1.3652906507112315,4.940637411134825,9.768019168293282,Rayleigh,QPSK
-0.005208769829387295,-0.005446856838429907,0.7116060270926194,0.7136616322936047,0.5063831377945418,0.5093129254079722,0.007935662654549844,1.0038896189244475,0.08921040158409332,0.0079584957507952,-0.022201408612795157,1.7619548384042034,1.0609415278480445,1.0620251765970232,2.368222236717807,18.0750275977667,AWGN,QPSK
-0.004707919580190844,0.0021420241463576085,0.7096081071090805,0.7082841291906691,0.5035436656749323,0.5016664076633844,0.005970609968105444,1.0011777160410396,0.053665696821909234,0.0028800070153810788,-0.0011921361752067954,1.7628985978644736,1.023157835136562,1.0229612801973558,1.598719902130212,22.323369025948956,AWGN,QPSK
-0.005920900668177703,-0.010599203965037267,0.7261348940345547,0.7294858800158684,0.527271884334574,0.5321496491425259,-0.005848152781536362,1.0160975568837456,0.1646653836159803,0.027114688561397947,-0.022075379544887242,1.7663298832293985,1.1999172070229407,1.2000847341950565,3.9976551079101847,12.69246433276514,AWGN,QPSK
0.0004880003338471379,0.006291621191702088,0.7816587502373774,0.7758982298197346,0.6109904018226587,0.6020180630373976,-0.010396782941035337,1.0554955383723446,0.31460682760816977,0.09897745597767665,0.02613723920119836,1.7814991303420828,1.64926213975354,1.6218535715083546,5.85521307476046,6.851388345279495,Rayleigh,QPSK
0.002578743850640035,-0.008200722890284867,0.7145643704511205,0.7169478298228822,0.5106022395182063,0.5140141906877405,-0.011532164437421846,1.0062635746169684,0.11010881154929385,0.012123950380797907,-0.004257548528235448,1.756874380942448,1.091255133265687,1.0950781879073026,2.7995744147740584,16.22811568960772,AWGN,QPSK
0.005315024032985457,-0.01533227778168352,0.7142168898882012,0.7143709152365278,0.5101057658015749,0.5103258045358744,-0.005349157533899672,1.004358843769286,0.10935360763284409,0.011958211502318017,-0.029104295750329308,1.755070881119314,1.0935192464534564,1.0975610339238309,2.8836036883469833,16.030102013951574,Rayleigh,QPSK
-0.010772869208103043,-0.011463762934275108,0.7784547974648209,0.7811819236928049,0.6059918716959953,0.6102451979043914,0.005762256054629733,1.0531206830157265,0.327751993398156,0.10742136917646491,-0.022082339629946733,1.7984182660831014,1.6775451820636762,1.7185977207800824,6.619369675797525,6.247539676516837,AWGN,QPSK
0.011223167125324071,0.0019271134924318933,0.8023375483922623,0.8051270745995674,0.6437455415601059,0.6482296062532574,-0.0007114085071791422,1.0767062768820317,0.36442888796434975,0.13280841438293256,-0.006286785059539558,1.7751230101562638,1.7717562913957097,1.8077504300648684,6.148626151630365,5.312165556787039,Rayleigh,QPSK
-0.015584062146453834,0.011283508085319046,0.7086596843004838,0.7078983736820008,0.5021985481528612,0.5011201074616216,0.012047223258246762,1.001058408936436,0.039634556384926425,0.0015708980598299121,0.010265520063006297,1.7718406634834187,1.0144093291929959,1.0135507035850584,1.1854383213901367,25.047376037705313,AWGN,QPSK
-0.017625353374641713,-0.01477786901954892,0.7132728334833502,0.7125101788657233,0.5087581349853671,0.5076707549872651,0.00106827321534559,1.0036064682788706,0.09865082511456609,0.009731985295784703,-0.03309261747941355,1.7768759819422484,1.0761356924102181,1.0787763727733053,2.376509055820994,17.090038276973466,Rayleigh,QPSK
0.016159240692182143,-0.0010658970208596876,0.7107314546931294,0.7122530754045205,0.5051392006902118,0.5073044434231977,-0.015080966134756162,1.0026787667063277,0.08568075691714089,0.007341192105894186,0.02277586896501477,1.7417164768252213,1.0590605955904009,1.0595248212963586,2.2588676862363064,18.285094613891072,AWGN,QPSK
0.0007708451123012447,0.013461749237484182,0.737882139875639,0.7420676176793304,0.544470052347452,0.5506643492082768,-0.014748508404321804,1.0248656145922357,0.2120534990914508,0.044966686476927926,0.06380815980992519,1.7672999738782262,1.3394742137718492,1.324179015681154,4.614676374994094,10.20164055843529,AWGN,QPSK
0.0006449626899159558,-0.011306007463428188,0.70810484184277,0.707585209663052,0.5014124670411744,0.5006768289339053,0.0005727859271085401,1.0005084553877142,0.034646333924454834,0.00120036845440483,-0.02724510440877664,1.7560462574108315,1.0098575811364903,1.0107729205522187,0.9925169305474203,26.09922165496009,Rayleigh,QPSK
0.02151085036429672,-0.004395896453567249,0.7254739877577818,0.7278313078447681,0.5263125069131782,0.5297384126790255,0.0005620763369862667,1.0148850922009427,0.16291473171421164,0.026541209809513553,-0.011404464039502552,1.7441339727628684,1.204610526217389,1.1952822060545714,3.784342487446801,12.67967825228597,Rayleigh,QPSK
0.0022413275095566356,-0.005981569178349948,0.7193168998945068,0.7234543158905068,0.5174168024738439,0.5233861471806012,-0.0030929872029801806,1.0100572315949936,0.1436250022661203,0.020628141275943063,-0.012751546887185562,1.7596345344196322,1.154542681609691,1.1567322827748596,3.4673413439117144,13.745745815264227,Rayleigh,QPSK
0.0007683416272119398,-0.016604880663762145,0.7072027195698444,0.7073818650137665,0.5001356865669839,0.5003891029503547,-0.004107352385891559,1.0000732470863631,0.025585198654508638,0.0006546023901906707,-0.03083275678898545,1.7551527701560752,1.0053295568561662,1.0075157994241832,0.8924700139956199,28.72279558587832,AWGN,QPSK
0.006227622550830768,0.004164017247012293,0.7102463072464826,0.7108366215249662,0.504449816957265,0.505288702501028,-0.007167573972489113,1.0024618648559782,0.06974848593364871,0.004864851290036392,0.021410258554455556,1.7508570004165407,1.03741104929529,1.0395121511512266,1.9632229903161915,20.1026529013151,AWGN,QPSK
0.0032280498889415876,-0.005037230384329985,0.7121826124562584,0.7131201604912073,0.5072040734850211,0.5085403632990052,0.0070250007934646325,1.003617067130389,0.09237431106456198,0.008533013344652458,-0.02081495955705696,1.753624004751842,1.0667489015267166,1.0664153866436283,2.5200099128994635,17.749256762421517,AWGN,QPSK
0.001358398644657998,0.0025407208716681728,0.7126077894994409,0.7113037058791998,0.5078098616552795,0.5059529619974831,-0.007914656956786031,1.0035610565524669,0.081463672477275,0.006636329933484731,0.01636929205771991,1.7584407221811091,1.054075939566614,1.051607134097173,2.3087133812757847,18.643004130470636,Rayleigh,QPSK
0.006188206115660777,0.007052898563270859,0.7131010238506742,0.7153559498741313,0.5085130702168799,0.5117341350203207,-0.0005490942873453046,1.0049782838207713,0.10175407391810601,0.01035389155893138,0.013031997712579806,1.7527565399107474,1.0799519348666715,1.0821656906028687,2.8356715090724407,16.75621905479295,Rayleigh,QPSK
-0.004361826017324282,-0.004440799703674299,0.7147085631874631,0.7158283770402327,0.5108083302934879,0.5124102653760535,-0.0020112135949427656,1.006551066804573,0.10055989166825377,0.010112291812330934,-0.0031966647691972837,1.7617834938017687,1.0803078366306715,1.0768339885274891,2.5420880976635836,16.918125394283393,Rayleigh,QPSK
-0.0020476504966283598,0.014878279158421185,0.7075443000088675,0.7071735698256226,0.5006189364750383,0.5000944578599148,0.00781863877141344,1.0000405339611442,0.029289602812860093,0.0008578808329351019,0.018691416217670426,1.758468686604569,1.006978776991057,1.0083742076361564,0.930427326093858,27.665229307972893,Rayleigh,QPSK
-0.005173297996138355,-0.008910048325980788,0.7741020754168864,0.7739823759159296,0.5992340231647308,0.5990487182284673,-0.0005796099042045473,1.053029487597656,0.2991952399627105,0.08951779161634392,-0.03262462725971047,1.7854489479859226,1.5756219764059323,1.5864851936365847,5.75657662089408,7.358920821402386,Rayleigh,QPSK
0.0054986053670910105,0.012677604725334659,0.7328049999914213,0.727024524983974,0.5370031680124271,0.528564659928173,0.010364295136787062,1.0142408911567147,0.19254661505409026,0.037074198968788025,1.7944663877422894e-05,1.767948399952743,1.2729897229784957,1.2701666440443917,4.365499984915763,11.265151994699389,AWGN,QPSK
-0.0029627769362406214,0.013999287507466188,0.712138558186233,0.7144375906843394,0.5071413260555667,0.5104210709828437,-0.002702822204637514,1.0040345085493123,0.09839644698078386,0.009681860778442209,0.03711447224702281,1.7596242332039196,1.078521292934252,1.0778684111187282,2.893788777444422,17.086619365600043,Rayleigh,QPSK
-0.0006799105325288569,-0.012574767524102495,0.7091714428970675,0.7102732481821458,0.5029241354207087,0.504488087083216,-7.309034655485031e-05,1.0011818292693073,0.07215091337956664,0.005205754301505729,-0.03234212998100337,1.7583321330345378,1.0407437926925498,1.041752393030547,1.8913222003768673,19.862519774910403,AWGN,QPSK
-0.010397470048190905,0.0023455214152674118,0.7101876676796367,0.7103977941861019,0.504366523324242,0.5046650259844793,-0.011964855490000691,1.0025505566167658,0.0635416366664141,0.004037539590246581,0.025553506589208047,1.7679699406486473,1.0332810258933944,1.0321439972754882,1.837134356885971,20.818131019925644,AWGN,QPSK
0.0033876934546949017,0.0029480865804527036,0.7078450260277765,0.7078936510118319,0.5010445808722637,0.5011134211428612,0.004685857823845392,1.000544937100634,0.03298482285600155,0.0010879985388418025,-0.00028851122989399894,1.7534828216083878,1.008739215679009,1.0085643684306145,0.9137759659026939,26.553969613098158,AWGN,QPSK
0.0016165434041128753,0.011315720477947716,0.7121036684238823,0.710443646820782,0.5070916345827505,0.504730175308012,0.0026075402571706127,1.0031005581167782,0.07577426303886302,0.0057417389390828025,0.01637116617747221,1.7560913425298368,1.0447534217743997,1.0479856573018704,2.263784080504011,19.29926280962338,AWGN,QPSK
0.018008934953009478,-0.007831466561378097,0.7080647730982059,0.7095998732184001,0.5013557229026138,0.5035319800715695,-0.005193597799150143,1.0013962438313357,0.049788747938857854,0.002478919421319122,-0.009763938243275316,1.7385172983219113,1.0226504439290405,1.0205791347681608,1.5231549039544177,22.981979586577694,AWGN,QPSK
-0.015202138687183892,-0.0007589126201916262,0.7097460801405528,0.7099302150251021,0.5037394982748801,0.5040009102055877,0.00397915145972331,1.0008958024215795,0.07861095435344792,0.006179682144359872,-0.0070168749906125575,1.7737859573544987,1.050209527179738,1.0482375754424624,2.024231120353905,19.16233375735417,Rayleigh,QPSK
0.025389336628169952,9.812186487185036e-05,0.8017234911599554,0.7998918398181772,0.6427605562777071,0.6398269554077085,-0.00754349943309235,1.0755764780593395,0.3554818976730064,0.12636737957320182,0.005391038851107631,1.771128714000363,1.7623595947997186,1.7579757792697357,6.697903698908782,5.564916877092034,Rayleigh,QPSK
0.011637386584002948,-0.012333444613431128,0.7105088791221973,0.7095154896965573,0.5048228673114812,0.5034122301193455,0.00990332719209793,1.002528946023811,0.058807758312587,0.0034583524377516453,-0.04368115540016791,1.7449994811584113,1.0275632249102817,1.0286608145070733,1.6136198754662954,21.526870797270764,Rayleigh,QPSK
0.017856022833778615,0.0010950434954269102,0.7194486336779452,0.7208660156191142,0.5176063365010621,0.519647812474577,-0.0009256783562476284,1.0091890648090627,0.13824477247674263,0.01911161711714634,0.0025922061396718072,1.7458275861027854,1.1508889383553007,1.147154006487695,3.6081923860178455,14.209789342346248,AWGN,QPSK
-0.004798453456487971,0.004917323481724711,0.7139972553592316,0.7121577214316308,0.5097920806605158,0.5071686201946923,-0.00032737021867303997,1.0047371890756682,0.08666652738705542,0.007511086969331227,0.007993402516724866,1.7642428328958382,1.0586689868731065,1.0593400402662263,2.1849004132957277,18.147832646892052,Rayleigh,QPSK
0.006082243280677302,-0.0008567403840906501,0.7249110422810161,0.7244609655514374,0.5254960192209491,0.524843690607721,-0.003039167726613145,1.01389792856158,0.1496276310532866,0.022388427974618458,0.0027737639251213,1.75876944877502,1.1702832874966544,1.1708743772667216,3.5980558310018615,13.370202834402823,AWGN,QPSK
0.016529624855454693,0.003705870731255258,0.7077880181330333,0.7081278077707307,0.500963878612687,0.501444992138181,-0.0014481270499057757,1.0001723426808544,0.04848832501642174,0.0023511176628981502,0.014415388369433482,1.740068437726789,1.0208949926984094,1.0192299293736464,1.399049029302658,23.25459013401665,Rayleigh,QPSK
0.010042306458775763,0.009135666794104306,0.7163365048403455,0.7154506612625907,0.5131379881668823,0.5118696487010783,0.005308465450414785,1.0063895363635016,0.1112297005875753,0.012372046292801647,0.0062444161748163056,1.74827630085064,1.0981741804222096,1.0967877911911996,2.5832256789116324,16.027358247843146,Rayleigh,QPSK
0.0033171875695588346,0.004126090635738585,0.7093235554599507,0.7071810621117363,0.5031399063303459,0.5001050546094834,0.0007144679871547667,1.0004614043497289,0.04847646546215491,0.002349967703703498,0.008880334366337814,1.7531822890511413,1.0183174912278903,1.0188841385715184,1.3769649352094435,23.259463642408175,AWGN,QPSK
0.013636368683758008,-0.001458896140494026,0.7642018966353602,0.7653811711245053,0.5840045388210818,0.5858083371119194,-0.0011638117862030322,1.0411097533308893,0.29341342229203543,0.0860914363811243,-0.003497887036300746,1.7702138302421004,1.5651052773259742,1.573834844567087,5.52922948422313,7.434876124285326,Rayleigh,QPSK
0.015385184724243967,-0.00040457090400691515,0.7592502837178129,0.7600855419332289,0.5764609933255793,0.5777300310559301,-0.0023875801228959515,1.0399939341810636,0.26988980868998896,0.07284050883471883,0.005908467099231569,1.763205576095607,1.4953495298000485,1.4811955063572277,5.276844090431357,8.208844864084448,Rayleigh,QPSK
0.008521452191057256,0.0198249444135508,0.7110631112515914,0.7103572256533693,0.5056107481827931,0.5046073880379519,0.01624237615266166,1.0031941874459316,0.06546145479506997,0.0042852020638869896,0.022741258115182038,1.7485794399750803,1.0342502329677397,1.0364036342836966,1.8253839383363784,20.74335683339153,AWGN,QPSK
-0.014898625505255446,0.0012471683468120037,0.7287403939006606,0.7306366392074342,0.5310625617024899,0.5338298985523343,-0.0016007579648582382,1.0175807204528586,0.17217857615945228,0.02964546208829631,0.005519681265336008,1.7756664216003446,1.2223767171449078,1.2200515383612989,3.7871178851194642,12.164580990303179,Rayleigh,QPSK
-0.011347701947341474,-0.009867054275137111,0.7179837250943789,0.7204496153535911,0.5155006295004007,0.5190476482631373,-0.008164648327722276,1.0073611345330482,0.1414141134943113,0.019997951495381954,-0.012804936856934637,1.774250077839626,1.152574976208142,1.1566484705926678,3.626897819973239,13.859172855007635,AWGN,QPSK
0.015025072989189793,-0.014034672915936484,0.780094274122565,0.7827477935494717,0.6085470765188117,0.6126941083065662,0.007382970445509197,1.0557734706280397,0.3271181566431139,0.1070062884055888,-0.03068513605409393,1.7674972280358308,1.6712544117227506,1.6889931347519196,6.818115624557962,6.339432003799502,Rayleigh,QPSK
0.006725567676614611,-0.005035787613022343,0.7883336151940386,0.7856863824293845,0.6214698888449025,0.6173030915349731,0.0023390352957036245,1.0615988636309868,0.33444196138452614,0.11185142553472888,-0.011581610780761725,1.7826049076668118,1.722806482562731,1.7079655308988897,6.535729672612587,6.111276395489256,AWGN,QPSK
-0.005155876055389494,0.0006669444227595624,0.7093496203590272,0.7098053774390953,0.5031768839034959,0.5038236738414565,-0.0016855713969563377,1.0021602310248479,0.051985161055223765,0.0027024569699375537,0.0012104384777408643,1.7618216274489147,1.0217679276885385,1.0215935685523028,1.5732416796484645,22.662522722393643,AWGN,QPSK
-0.011225059460382093,0.006516651427460483,0.7747434426825351,0.7829620280038454,0.6002274019795866,0.6130295372958944,0.004192200421975347,1.056559971171537,0.31161905477553525,0.09710643529919803,0.01541363709790351,1.7959960060369269,1.6366141454109988,1.6317282587033082,6.318431984920966,6.74254269594433,Rayleigh,QPSK
0.003760057604818667,-0.017918066140254166,0.8141523166583376,0.8059071092069244,0.6628439947201381,0.6494862686702617,-0.004053833606796264,1.0831314931920932,0.37348577880993633,0.1394916269732647,-0.01953341512071429,1.7859290175786102,1.811157843098982,1.84926300862155,6.307651813277339,5.184980116085779,AWGN,QPSK
0.0012275147702791912,-0.005294809191898861,0.7298465094023728,0.7280955415992848,0.5326759272868279,0.5301231176967559,0.0035293973122955172,1.0159242359936735,0.17528985567095562,0.03072653350114445,-0.012675875550679738,1.7644929718097684,1.2224672716286917,1.235678826830719,4.126872461198816,12.035312620772006,AWGN,QPSK
0.007647339557908376,-0.005283431203050289,0.7180853609062438,0.7161606123259207,0.5156465855478504,0.5128860226470376,-0.018130298270217008,1.006659695856367,0.12351219122356302,0.015255261380846,0.018181714632457144,1.7530307392871083,1.119371597729607,1.1187064693863662,3.088903306165727,15.125905010046154,Rayleigh,QPSK
-0.007370939681525796,0.004221805406437641,0.7475566215703603,0.7445841807847879,0.5588409024536909,0.5544056022749537,0.0032131578417318265,1.027372135753879,0.24046861291618996,0.0578251537978364,0.0009280791004352931,1.782951444600091,1.4079091109444255,1.4113531448082934,4.997247135516468,9.224481501992786,Rayleigh,QPSK
-0.014083769124644931,0.005700755062311395,0.707153866106375,0.7085241449649564,0.5000665903491929,0.5020064639983225,0.010220407157021699,1.0004020750975609,0.038724587138490904,0.001499593649046575,-0.0016400354248983144,1.7697823010064246,1.0134597410827288,1.012203509903153,1.273559225341501,25.28700488923592,AWGN,QPSK
0.011220633804639083,-0.011799308901709807,0.8077324162145008,0.7982130195712707,0.6524316562037156,0.6371440246130857,-0.009712993286176889,1.08117040520407,0.3477231111692228,0.12091136204120366,0.0014551167298867682,1.7782370103279677,1.7407424772721616,1.7130337536513052,6.164635641299947,5.727810346783783,AWGN,QPSK
0.010372437125128827,-0.013914807008537203,0.7078069622254713,0.707384999537675,0.5009906957748498,0.5003935375709164,0.006531782970687216,1.0004418198335527,0.02831267878345675,0.0008016077798952021,-0.04019701217450484,1.745338474004417,1.0072558970112027,1.0078550480090795,0.9665336233487996,27.96775496933298,Rayleigh,QPSK
-0.01061183393322415,0.008785494441572906,0.7886750786850749,0.7916418773384449,0.6220083797389091,0.6266968619559375,-0.004290447797770243,1.0647159490812654,0.33952170092475115,0.11527498539883616,0.02423728616158113,1.7999398018652557,1.7218769599231947,1.7091609054371517,5.7387940213576485,5.901815502589493,Rayleigh,QPSK
0.00678355971026773,0.01333263101553535,0.7095825115829419,0.7091971238994431,0.503507340744356,0.5029605605472421,0.0053499186992400135,1.0012519743354245,0.06470054801276302,0.004186160913151853,0.02054899057618815,1.750756896364214,1.0331256405538856,1.0351242953601971,1.7332792863412934,20.699865928068306,Rayleigh,QPSK
-0.033971072068032696,-0.007382393833755589,0.7629891722227293,0.7763633308217575,0.5821524769291256,0.6027400214446537,0.002960210614627608,1.0456453140990343,0.3045109340445413,0.092726908952679,-0.020889557023962713,1.8079425038634738,1.6310501189530098,1.581158864719139,6.1403069384962485,7.285321744538097,AWGN,QPSK
0.011012414052629413,0.011550144442209198,0.7366262752767979,0.7391684072330121,0.5426182694281688,0.546369934251388,-0.001406827119758163,1.024069101532493,0.20130911073742186,0.040525358065891574,0.02869542650924597,1.7556769551720157,1.2991969424138072,1.2973765459596596,4.750263042889467,10.807014719421733,AWGN,QPSK
-0.015539618118708827,-0.010426414725272287,0.7510657175429938,0.7566122091928297,0.5640997120683721,0.5724620350996542,0.00024944940787469225,1.0338849727170512,0.2607562083885781,0.06799380021318757,-0.0033558997189185725,1.7903780226271988,1.468364092959176,1.4551249990127961,5.834616977935107,8.601841161813994,AWGN,QPSK
0.013585551554893802,0.0015116813689998964,0.7073571429010832,0.7077159570941303,0.5003541276131834,0.5008618759256608,0.001287633826618374,1.0003261765578857,0.027393364589582855,0.0007503964235378119,0.002196473777955762,1.7427611818155848,1.0075527406807492,1.0059767967804432,0.752128872224398,28.16856626115945,AWGN,QPSK
-0.007225899203944609,0.019754313675476896,0.7229255198939757,0.7242138082844862,0.522621307313975,0.5244856401099185,0.002201149138675696,1.0137777408363018,0.14072699150068035,0.01980408613683256,0.04568999555322298,1.768574600758562,1.1485182999493,1.1557960495167696,3.648166255148123,14.145231846056873,AWGN,QPSK
-0.008653083359419571,-0.005933111749890903,0.7835017514677386,0.786160445266005,0.613874994553014,0.6180482457008433,-0.004933904380710473,1.0613341771404137,0.3249662787955082,0.10560308235419998,-0.01957254869221375,1.795305927911655,1.672885943799033,1.657984308076017,6.446279514228937,6.376496795348503,Rayleigh,QPSK
-0.0050768418863349615,0.01807096806837377,0.7072556301235441,0.7072945597254824,0.5002105263414514,0.500265594217264,-0.00652001418726279,1.000158409816859,0.022618798416233894,0.0005116100417942249,0.049515958050452315,1.7608908063622324,1.004295445990607,1.0065938405327803,0.732215035717349,29.90283679485023,Rayleigh,QPSK
0.003460743147067339,-9.460827631939648e-05,0.730258094871299,0.7320205317874641,0.5332768851250591,0.5358540589584017,0.0042546905077262675,1.0171808907399482,0.1857039721998494,0.034485965290802445,-0.011097476392179917,1.7642023803774145,1.249935938203282,1.255494516537233,4.6803177286369095,11.513772751762506,AWGN,QPSK
-0.004942166520698408,-0.003017606513448549,0.7115424905944144,0.7119704686843219,0.5062927159213024,0.5069019482785729,-0.011809115027188672,1.0038274896992532,0.07455579174657696,0.005558566082958953,0.010044997854659588,1.7619896632912884,1.0431633297657723,1.043369917441373,2.009417875496167,19.647837132788908,Rayleigh,QPSK
-0.009377336069278491,0.010282819763868254,0.707306846589496,0.7086313105768759,0.500282975232377,0.5021583343299008,-0.004772916553959653,1.0005169556252425,0.04001002227850445,0.0016008018827264223,0.029357674406138935,1.7648541568098528,1.0129599099665207,1.0133499936572359,1.274904348431368,24.95919951683578,Rayleigh,QPSK
-0.005238834566826477,0.01298345701948161,0.7269886361737279,0.7258122310602303,0.5285124771257369,0.5268033947566292,-0.003651099445451537,1.0131172961199446,0.17060255487176593,0.029105231728773908,0.03367674584686495,1.770042417235662,1.2130793218788807,1.215463996219074,3.9759456782805787,12.420562739324563,Rayleigh,QPSK
0.004451863452222145,-0.013806915807739614,0.7673558532052127,0.774420619732713,0.5888350054482999,0.5997272962671993,0.011258291452691247,1.05003139212637,0.29360999178668257,0.08620682727697582,-0.05760814793668357,1.7743059851601335,1.5906451615773678,1.5706077963378222,6.190622504563299,7.251626116660891,AWGN,QPSK
-0.008070516189021892,-0.004628713695082294,0.7071225356280064,0.7074421479444188,0.5000222803929812,0.5004743926882129,-0.0029227063479135497,0.999964680726522,0.025570854556063276,0.000653868602727342,-0.004815109139963268,1.7639505090771566,1.0055755640437487,1.0053679157609496,0.794610252312085,28.78920112856334,Rayleigh,QPSK
0.005926407201831305,0.016893288947870174,0.7085573186574977,0.7086974477624038,0.5020534738231028,0.5022520724649452,-0.0046067321259774035,1.0011078136244755,0.0490835746647332,0.0024091973018684387,0.04337587613914819,1.7505116775720755,1.0198231054264923,1.021057013368229,1.6333082218947217,23.090424562147035,Rayleigh,QPSK
-0.0042598632591374684,-0.003508110678402859,0.7090939431140025,0.7084489884256209,0.5028142201609642,0.5018999692012855,-0.01798340520134158,0.9517081107269785,0.3146367979341474,0.09899631461425351,0.008368471605334176,1.7954213046780463,1.6375875199083512,1.642474949758475,3.0955233784940566,28.946653301249803,AWGN,16QAM
-0.01113938216165472,0.013809488667681433,0.7494274399093193,0.7435180091228745,0.5616414876890363,0.5528190298900428,-0.009888014179736986,0.9878718115517209,0.3726722277455172,0.13888458933280665,0.030722677423083076,1.8186466247560293,1.8445809426020479,1.8686176149242126,5.644572163503328,10.347864810284495,AWGN,16QAM
-0.0270670680393573,0.020722398180906088,0.6958087365446521,0.7145840258321546,0.4841497978518652,0.5106303299744894,-0.0006468472034563939,0.9449548530780796,0.32094002154476575,0.1030024974291547,0.04468775520153262,1.811311978432626,1.6997499572248205,1.6229499874918973,3.413129321127794,25.244149409782935,Rayleigh,16QAM
-0.018228860826801002,0.02540741705061639,0.806800385911742,0.8156748105988904,0.6509268627073358,0.6653253966455356,0.013172584122237693,1.0567090684908471,0.44787948393547145,0.20059603213030422,0.02297279953832022,1.8215539669241299,2.1850253104096837,2.201340587295001,6.332891932063981,5.041879509930537,Rayleigh,16QAM
0.015896012862868486,-0.001644037877794806,0.7057420116209415,0.7156335886693791,0.4980717869667732,0.5121314332318141,0.0023532870737839533,0.9542642725541547,0.31597199940937387,0.09983830441075735,-0.028469053996975646,1.7660264833200405,1.657876599811566,1.6164972398197888,3.0817681974651783,27.64076784237778,AWGN,16QAM
0.013954288920749396,-0.0003317333874821703,0.7098848472656974,0.7146620978471478,0.5039364963774426,0.5107419140992863,-0.021646552062627767,0.9483040277657667,0.3399892845756717,0.11559271362627706,-0.0018237741903802576,1.78408078533959,1.7378467222716252,1.7219202743852824,4.646478717001229,15.641275951996429,AWGN,16QAM
0.004679125984433934,-0.003386129158380596,0.7075826282576563,0.7072919600177948,0.5006731758120125,0.5002619167058139,-0.00884623710536377,0.9467592949896545,0.3234428696990774,0.10461528995917434,0.01657880622004007,1.7838043024585697,1.6506191402642374,1.6556128829214312,3.48617103858626,24.39308792709128,Rayleigh,16QAM
-0.003638275109365333,0.019877335177150016,0.7081817551570708,0.7013671516903001,0.5015213983373494,0.49191588147016435,0.004647745685087552,0.9404440498935217,0.33077275330187206,0.10941061432690112,0.006548951381205611,1.7964095758910616,1.6595760419488081,1.6864111474489063,3.4530330228157355,22.560760883269282,AWGN,16QAM
0.006139157395121897,0.017503257477730575,0.7215386564951922,0.6989779263518209,0.520618032816887,0.4885701415270915,0.003963975737158314,0.9442779309359814,0.34332406960056566,0.11787141676709405,0.0036757315485327373,1.7972152048858152,1.6921436928077243,1.772316412704849,4.422150967956908,15.390202674757903,Rayleigh,16QAM
0.015447856740941918,-0.0006607375854319595,0.7336630091174278,0.7353323931758381,0.5382614109472389,0.5407137284537054,-0.0135396645819097,0.9733013533574694,0.3631785894095469,0.13189868780550826,0.006104888440253886,1.7837591130025747,1.83341726270864,1.8399322703263667,6.225575156405563,10.94857040153258,Rayleigh,16QAM
0.008069223271408181,-0.028127947739588873,0.7125420074491539,0.7026476310541332,0.5077161123796701,0.4937136934259853,0.019955405182494806,0.9474521636795934,0.3234509192331311,0.10462049715275748,-0.09742359409098691,1.7826768590944366,1.6376070923829162,1.6781272754154102,3.4192372490081198,22.38878993270644,Rayleigh,16QAM
0.013393576930319772,0.00665740441455453,0.7645608614074713,0.7686748429539202,0.5845533107961345,0.5908610141902338,0.0030623951331753847,1.0058800445734737,0.4047757031391114,0.16384336985176204,-0.0025143675257924946,1.7995574375805001,2.0498945899380585,1.9664447094804602,6.407131071563721,7.6550914740816305,AWGN,16QAM
-0.013588695495619758,-0.018256192152572622,0.7121015968852824,0.7206354543149985,0.5070886842865693,0.5193154580157844,0.00016559910637696992,0.9584286010862509,0.32914540877762544,0.10833670011939014,-0.044580907198470764,1.7986453426876807,1.6866116332569332,1.661029397305437,4.294143185130442,17.610180582857556,AWGN,16QAM
-0.00927864806624186,0.00764488523723322,0.7064040356832182,0.7091210930064212,0.4990066616295374,0.5028527245466214,0.006941036737178397,0.9461470935755215,0.32681738184340775,0.10680960107497978,-0.002932236543911996,1.7873676930306297,1.660373942286003,1.6508846550585097,3.4430183395908593,23.868842994628487,Rayleigh,16QAM
-0.013115829486969778,0.007956480889706944,0.7037231881008017,0.7078296449836081,0.49522632547075635,0.5010228063176206,0.009185218856489302,0.9430680842456194,0.32727213574784225,0.10710705083695408,-0.012611944523258737,1.7988605569450564,1.6569494615344214,1.6438924687658825,3.172134390774805,28.67433444079251,AWGN,16QAM
-0.023286576527599998,0.021627910346355646,0.6999458576449755,0.7149689848810932,0.48992420363436034,0.5111806493419009,-0.0019812298808570693,0.9474584650409522,0.3231676672422994,0.10443734115082955,0.05128305009998347,1.7996671897497627,1.702395498725587,1.6444661520988664,3.8323117607460584,20.463671045105123,Rayleigh,16QAM
0.030873404246401677,-0.015439188118101316,0.7031807439355454,0.718599739400322,0.4944631586417471,0.5163855854662106,-0.001153700056334422,0.954080537053985,0.31901506005554775,0.10177060854224475,-0.05586973521278137,1.7476754906666474,1.695691685350664,1.626917662626066,3.7849285617890303,20.29949267991456,AWGN,16QAM
-0.0074139036382048495,0.012198354133336968,0.8071000171578984,0.8160739163417209,0.6514104376962798,0.665976636933314,0.02282903763861527,1.054127300891245,0.45431979260874295,0.2064064739560512,0.009657917292001352,1.8222103723001413,2.1785334631507434,2.2727850337513535,6.923872737172068,5.022313048032863,Rayleigh,16QAM
0.008272879716384171,-0.0008293604994853508,0.7079598713053207,0.7146768826242316,0.5012071793786462,0.5107630465574896,-0.003305396348321553,0.9506627948602635,0.3290586646515302,0.10827960478224824,-0.012373614151496615,1.7852157725387137,1.7096519511485573,1.684089143315601,4.263287457912782,17.5826730419308,AWGN,16QAM
0.015194439727024894,0.002016599787518876,0.7273133513136667,0.7355897640876606,0.5289847109991171,0.5410923010305403,0.0022059006987097955,0.9624731122999222,0.3794172608127894,0.14395745780268027,-0.0144298047135303,1.7876318473480362,1.9107578486949355,1.915417232095351,5.591001475798602,9.721326641237109,AWGN,16QAM
-0.008862069545428649,0.0163391516270701,0.7035693222869783,0.713342430696434,0.49500979126335803,0.5088574234318967,0.01977864608890112,0.9489856860179365,0.32192994048525714,0.1036388865808412,0.013759995088233291,1.794616563167197,1.6583902433493138,1.6268428506298818,3.0472423369687043,28.395795021581588,AWGN,16QAM
0.009428083381599495,-0.0007827969292774169,0.7674349227710348,0.7661230753017176,0.588956360688584,0.5869445665097612,-0.0017359291410601334,1.0072315654136859,0.40183952314316235,0.1614750023599241,-0.016068537135813365,1.7932161485790745,2.046077049435124,1.9814045067263042,6.222412063833572,7.489547442126918,Rayleigh,16QAM
0.0077567421891291885,-0.011568794821626798,0.7177583787521743,0.7078474297062994,0.5151770902689496,0.5010479837418146,0.0024193720511994444,0.9523992169803869,0.33068838741165907,0.10935480956892353,-0.046410911700300504,1.783672207020839,1.6511438911487863,1.6935950443095529,3.970824825414762,18.881313764604815,AWGN,16QAM
-0.01444794628152187,-0.006123509666912533,0.7430059470713786,0.7333352352617376,0.5520578373834362,0.5377805672763881,-0.006925454823275764,0.9800816278770094,0.3598953290613394,0.12952464788016976,0.04109963457456901,1.8088380984733246,1.7774515203321286,1.786574972131504,5.119873222104072,11.495678352850511,AWGN,16QAM
-0.01055616220600431,0.01362329513937014,0.7152137326425203,0.7065275195302495,0.5115306833604465,0.49918113585356716,-0.015508502608102746,0.9535378407350009,0.31902105295954913,0.10177443223141946,0.058921832634671066,1.800870927428486,1.617811207684217,1.6491866649454003,3.1319389805805193,28.317723037935906,AWGN,16QAM
0.012018211366037786,0.00899624459568329,0.7218849400150663,0.7243427475600246,0.5211178666205558,0.5246724159428056,0.002049649113442879,0.9592619307438163,0.35472834762712613,0.12583220061027123,-0.02825236473830898,1.7853198352072335,1.787759363569114,1.770455144892241,5.308710036765251,12.931685356572473,Rayleigh,16QAM
0.010870824118809486,-0.0013546769585334733,0.7057690584136587,0.7159643565299562,0.49810996381410233,0.5126049598213541,0.01834088175148717,0.9530488769541356,0.32020738863836573,0.1025327717386014,-0.026931760051597264,1.7720383990902575,1.655310911979992,1.6235970079050097,3.276672901993998,24.98882740706672,AWGN,16QAM
0.01141043805015518,-0.009180258304324689,0.7363245580494158,0.7495239322363695,0.5421738547866675,0.5617861249950699,-0.007105222549665475,0.9793593582088206,0.38082765460188767,0.14502970250957467,-0.036843695629221,1.7940264195728173,1.921163143228521,1.8882443073273971,5.605873301797878,9.622782197835392,AWGN,16QAM
0.010105252818295874,0.0005470920502507066,0.7068448646440467,0.7093156150664465,0.4996296626736607,0.5031286417770913,-0.005336454633708944,0.94617747360656,0.3280379678245986,0.1076089083344924,0.02610134635230463,1.7783170703486326,1.6821183410800973,1.675348607055199,4.002309617119072,19.704783885542405,Rayleigh,16QAM
-0.02790081303424218,-0.006286457041002151,0.7507825949341757,0.7526686739078505,0.5636745048560945,0.5665101326822023,-0.005590580989970237,0.9854159387529123,0.3999475466859542,0.15995804010011352,-0.02877296214174192,1.8290903624229786,2.039902747599565,2.0126017661664988,6.455296484992995,7.4896031997246855,AWGN,16QAM
0.00108135232313067,-0.019941213964097475,0.7574577857244957,0.7546048241521532,0.5737422971546561,0.5694284406337021,0.001065369657703655,0.9967468882074905,0.3873824982807706,0.15006519997425122,-0.031784761750383646,1.7878601238459242,1.9223864919261917,1.8841020691060129,6.218652774903446,9.053014755590382,AWGN,16QAM
0.01861761969722924,0.014011884264842267,0.708133260119482,0.7156604765848463,0.501452714087446,0.5121699177456494,0.0019645737369255603,0.9513281316883934,0.330363990706022,0.10914036635520862,0.018370626332952597,1.7757223244707936,1.671315539487797,1.6496204808664516,3.8079304767587936,20.396595434619286,AWGN,16QAM
-0.007980195971151108,0.01399211492142818,0.7028591487837215,0.7065935641035166,0.49401098302897756,0.49927446483251037,0.007862522880142836,0.9425817949799132,0.32416734943797937,0.10508447044164503,0.03355942861560478,1.7875286108235084,1.6617606220339551,1.6470464601660504,3.1623563268543,28.924802549597462,Rayleigh,16QAM
0.019159952692336762,-0.016587912395686275,0.7120922159127491,0.6974461788929025,0.5070753239635293,0.4864311724523106,-0.008411636457393689,0.9439820406542403,0.3210088253660875,0.10304666596291524,-0.053834251553668125,1.7774244290212031,1.6316223371257732,1.679629266615869,3.3807813085659486,26.232754135150326,Rayleigh,16QAM
0.0012816409146271185,-0.013205849020825434,0.7066400776721993,0.7102010351288313,0.49934019937257185,0.5043855102980634,-0.015667451125142312,0.9494431813187703,0.32009278681301584,0.10245939216972282,0.02224461404518769,1.7902037974398077,1.6511370419405673,1.634269012541551,3.162237771672927,26.743984698429436,Rayleigh,16QAM
0.0010748173572194385,-0.015608058548905075,0.7111009693404771,0.7126622563724089,0.5056645885969661,0.5078874916578131,0.024737078661994472,0.9511306920949462,0.3303744141633635,0.10914725353378564,-0.05058022574905929,1.783664565437138,1.6808572430312207,1.6776350660767785,4.171088442804304,17.92484923600646,Rayleigh,16QAM
-0.01374330020317744,-0.00211318509351266,0.7195504496437899,0.7137343691644326,0.5177528495825802,0.5094167497265505,0.01059614823410236,0.9599788481181224,0.3252745829705228,0.10580355432664752,-0.018535202191499893,1.8084115818349278,1.65756520308084,1.6687061247220019,3.963396758504251,19.047246137895392,Rayleigh,16QAM
-0.0016424758799725328,-0.017279152846900923,0.6989270217197531,0.7076469536117028,0.48849898169004413,0.5007642109559235,0.0013518020412506579,0.9404966677268946,0.324084059297427,0.10503047749069817,-0.03630888880692226,1.7896324300403115,1.6798297279209304,1.6476183256180472,3.268772487035212,25.830953619257382,Rayleigh,16QAM
0.010822511052279072,-0.010558024192286027,0.7152303679322122,0.70960817009526,0.5115544792124477,0.5035437550659434,0.01585920202223022,0.9554630080480002,0.32002698815971725,0.10241727315057982,-0.05127101232607349,1.7644384469835162,1.6405127778178068,1.6524698842812295,3.52283037537866,21.80152897534492,AWGN,16QAM
-0.011486173588890558,0.005867450327636997,0.7151349054036606,0.7051988023122888,0.5114179329267027,0.4973053507826866,0.0032474975591905387,0.9498331185064451,0.32665989936748,0.10670668985477219,0.030314093154211064,1.7917159659038946,1.6378536989918893,1.6669531387312548,3.336828278567237,23.827590572000087,AWGN,16QAM
-0.012390809472821446,0.015724620857008712,0.7171529391471604,0.7043814023891102,0.5143083381274107,0.4961531600316496,0.007982113127096293,0.9487148957184515,0.3328698554412467,0.11080234066147647,0.021043427293937586,1.8090325685000963,1.680828346413541,1.7065059795539326,4.374545813446274,17.720635232649816,Rayleigh,16QAM
-0.025434018440355536,0.015719536424352833,0.7121312462511066,0.7100155624349396,0.5071309118871542,0.5041220988998035,0.005003305763866906,0.9494651562947586,0.3326603686773467,0.11066292088854823,0.02530667418426153,1.8123931980031764,1.6812142677930226,1.6919559339153039,4.196174152671809,18.33841097715527,Rayleigh,16QAM
-0.02165733595780086,-0.020615054532154623,0.6972080724359214,0.7155427194532054,0.48609909626981307,0.5120013833624886,-0.0063391975126922415,0.9441119505020876,0.3280962133667468,0.10764712522559786,-0.03694340902691242,1.808247446004201,1.717684429694889,1.659479918880473,3.8931348425008903,19.725788146856843,AWGN,16QAM
0.0092802021999425,0.006509353427249542,0.7128531628475968,0.7056154442234781,0.5081596317818223,0.49789315512669635,0.005344612419047788,0.9480896954985769,0.32757779233770895,0.10730721003284716,0.019220017565464355,1.7795354462397217,1.6424006137370855,1.6846913832831951,3.6638956841980406,20.886293815080982,AWGN,16QAM
-0.013060784099824559,-0.0010480120461230972,0.7982550396731969,0.7875450619986796,0.6372111083636571,0.6202272246785041,0.0035615302457114723,1.0313408614467379,0.4403930550803599,0.19394604296301293,0.045597176014043325,1.8195426779960848,2.101763037198939,2.1411088068917654,6.7187403479860786,6.024914264178397,Rayleigh,16QAM
0.0047923292248239,-0.009760450186383137,0.7162798752243085,0.7073059620521027,0.513056859651351,0.5002817239544506,0.010305062415677524,0.954681429472934,0.3194372937409735,0.10204018463255701,-0.01363960890438881,1.7894825658740399,1.6307054966173162,1.6602827799936928,3.665736313557672,22.097822407675167,AWGN,16QAM
-0.005105879273305034,-0.00903633357959738,0.7125409233446808,0.7108612844421427,0.5077145674408903,0.5053237657187328,0.0031661591709023695,0.9527126034775797,0.32478416473453636,0.10548475366231046,-0.011163608741628542,1.7952518599109553,1.654336369314146,1.657360658828367,3.6837282294905394,21.459434394124816,Rayleigh,16QAM
-0.0020155526846213382,0.0031040378420767204,0.7471753427196246,0.7468370006190286,0.5582709927681885,0.5577655054936269,0.000257152112088735,0.9875033974815335,0.37534948478423885,0.14088723572779355,0.015251449236591908,1.808083896747281,1.8597425396359093,1.8956845988378708,5.5806438320586595,9.733631182221949,AWGN,16QAM
0.021655834025576616,-0.013190725325958186,0.7120172451004746,0.6983762304040044,0.5069685573204693,0.4877293591933071,0.000213044272273941,0.944856471921225,0.32029226397826094,0.10258713436431997,-0.003888177034413499,1.7692265340443285,1.6298342252260651,1.6887699537077125,3.497973602178714,24.659869016232598,AWGN,16QAM
-0.00597263638480719,0.006002173647304722,0.7757295139282393,0.7600572111973606,0.6017562787793423,0.5776869642931092,0.010005972115008322,1.0085059369521938,0.4030269428692164,0.16243071667850664,-0.002961128580283891,1.8190348032119865,2.0046839692087053,2.0290543988382512,6.62757856875567,7.39345648210258,Rayleigh,16QAM
0.01673853824643381,0.00741216761745197,0.7220649510642656,0.7110461216310654,0.5213777935554403,0.5055865870865799,-0.005910109627338905,0.9515732404700208,0.34900983876507097,0.12180786755482083,-0.009297543312649006,1.7843767101610348,1.7296746237237466,1.786364362283252,4.576562414651473,14.309883534683951,AWGN,16QAM
0.02148856174993252,-0.011683823044212924,0.7858434696971988,0.8070333655397399,0.6175499588657322,0.6513028530943995,-0.00976326508588081,1.0362132008187857,0.4423949416709325,0.19571328441602778,-0.010189023168446382,1.7853224634835805,2.1869214208988708,2.122846790784348,6.867987568116972,5.712636845416087,Rayleigh,16QAM
0.017790119950667194,-0.012244110376485443,0.708364535270563,0.7088339549291588,0.5017803148290806,0.5024455756605127,0.022525208749256637,0.9485270109389087,0.32401976269305477,0.10498880661566352,-0.06833666106087422,1.7705983644234509,1.6531012580799942,1.6491810060351035,3.3336494748622525,24.338419884504923,Rayleigh,16QAM
0.0010901153856147856,0.005546075543950245,0.7034126854925645,0.7031300849352154,0.49478940611186156,0.4943919163410033,0.028213271702169494,0.9399642279454862,0.3250854040728437,0.10568051994120405,-0.043333876140454294,1.7938260505046169,1.6762769676559275,1.6715509709777785,3.406616824472499,22.530860784832605,AWGN,16QAM
0.00027166773442167404,0.005653879283734391,0.7118731038350797,0.7081649591123015,0.5067633159637902,0.5014976093145277,0.0063479120995293264,0.9510759981611919,0.32209844947519295,0.10374741115432343,0.003986430777210429,1.7811142492228225,1.6305825753752283,1.6413190036251724,3.156931531579759,25.641915984961027,AWGN,16QAM
0.01098873275920984,-0.021797743316852608,0.7446919202301165,0.7482486592479726,0.5545660560560183,0.5598760560663886,0.0016797195875429976,0.9856789158417485,0.37878104605273333,0.1434750808488029,-0.00048493311734829916,1.7984763721786865,1.8774270818714456,1.9015966612849224,6.125285666698613,9.39170819433205,AWGN,16QAM
-0.018298428461080946,0.014305648509676097,0.7449014764007382,0.7702570528140668,0.5548782095439996,0.593295927409812,0.01663856458758424,0.9946055109991983,0.3993413308277306,0.159473498507263,0.01630968770115659,1.8083449409047296,1.979186737391076,1.9505121581435994,6.562600951609846,8.189174988360255,Rayleigh,16QAM
0.00358115443098332,0.017487320757644954,0.7449868865743593,0.7201161165569702,0.5550054611677573,0.5185672213250918,-0.004839574037701307,0.9718993242781288,0.35958728705963033,0.129303017014905,0.05736083748619514,1.8077211958073618,1.7704425216675925,1.8479253081087186,5.477968531871468,11.72155658523753,AWGN,16QAM
0.01306714707239215,-0.02477605055743491,0.7537224234820525,0.7600538166482874,0.5680974916596585,0.5776818042016285,-0.022333976366288217,0.9961407736179667,0.3927689626369707,0.15426745801092207,-0.025902734586841284,1.790485722602366,1.91398561644706,1.9711697121971394,6.411312714565173,8.583803319825059,AWGN,16QAM
0.0004627226360018559,-0.006068340402866774,0.7185845800326457,0.712702958616402,0.5163637986606938,0.5079455072205729,-0.0029318628591168913,0.9540735362696088,0.33777216010019684,0.11409003213875302,-0.023905028228373048,1.791499963863663,1.6830056448876414,1.7112942867482526,4.432832281034554,16.372769056263103,AWGN,16QAM
0.019984734985001973,-0.023941757988459694,0.7610646430884601,0.747650676216715,0.5792193909593653,0.5589815336473112,-0.012221893658086215,0.9990112599714697,0.3756993804425181,0.14115002446489194,-0.03210187541369483,1.7872944105137063,1.8662522253368483,1.8855066461375298,5.95718135733471,9.344732989783438,Rayleigh,16QAM
-0.013300531685386797,0.0033436427574824565,0.7024020091892458,0.7019886314477046,0.4933685825130893,0.49278803868182125,0.008015791012550639,0.9377422612682544,0.3270843266138185,0.10698415671641509,-0.015139829008444499,1.8053146234486648,1.6853171359524517,1.6982104191510567,4.105557192451507,20.868771905877075,AWGN,16QAM
-0.006351627701896717,-0.006573849410963283,0.7111720271720993,0.7106135464272852,0.5057656522320731,0.5049716123659636,-0.013575128631838327,0.94975714905691,0.3298214381811295,0.10878218108386865,0.007167821538547672,1.7901586404190872,1.6992136088176697,1.68216856920958,4.081367857420474,17.35801124143484,AWGN,16QAM
-0.0009070894440065813,-0.0022340868888482772,0.7093154366024075,0.7107691369138677,0.5031283886024639,0.5051927659892844,0.008901612233353324,0.950654439387079,0.32339311282226274,0.10458310542087275,-0.028583883878676396,1.77949941057293,1.648770751504651,1.6487258434468741,3.662231222473358,23.098835757867718,AWGN,16QAM
-0.012972301800896454,0.014147665437193214,0.7502623085334494,0.7486690939643156,0.5628935316059408,0.5605054122573492,-0.016687445452583154,0.9879964671842782,0.38422696644823295,0.14763036174601152,0.05987593234124013,1.8043407375969156,1.9135059566274768,1.9078667130962037,7.743195675928035,9.326284147399212,AWGN,16QAM
-0.0018145800579797591,0.03555487158679992,0.7165804080978576,0.7138545357617111,0.5134874812696921,0.5095882982275681,0.013054376890315769,0.9577214745330838,0.3272809165071757,0.10711279830977694,0.059403128713166706,1.7993177497519193,1.6994466143504445,1.715172515308688,4.62067278186397,16.091411020695453,Rayleigh,16QAM
-0.012295802106718627,0.000125775894948383,0.7923622697586693,0.7925565861984798,0.6278379665371102,0.6281459423265884,0.011222497286416493,1.030897094989498,0.4397570817791748,0.1933862909749358,-0.05846019949733738,1.822897283645586,2.139090336141226,2.228509353961546,7.331694816021437,5.801264032422044,AWGN,16QAM
0.012173842421730197,0.003104148831294975,0.7246030273462408,0.7192651213692761,0.5250495472393371,0.5173423148183596,-0.0005212330960430983,0.9615976934832927,0.34333595227500446,0.11787957612458413,0.03404737786243778,1.7786851009190774,1.7224508349237442,1.7475783762897081,4.58929360094106,13.874873035033051,AWGN,16QAM
0.007106118951600892,-0.004656630389354733,0.7216485352053877,0.7264917604837656,0.5207766083640817,0.5277902780508011,0.0029082072201888397,0.9602360545900985,0.3557889641532765,0.12658578701326148,-0.011604110471767001,1.7958398518013634,1.7946907604684292,1.77517676726793,4.9137118601610315,12.788570376691137,Rayleigh,16QAM
-0.014024780028587133,0.022543227308575303,0.7092650350185314,0.7160287525133685,0.5030568898998387,0.5126971744258507,0.0023076174951205735,0.9556273430730452,0.3213025630915165,0.10323533704917795,0.0891861285867812,1.809239195932797,1.667007527371577,1.6678432201983124,3.940163055630061,19.145204928664704,Rayleigh,16QAM
-0.014939449238882236,-0.01728887063872159,0.7018473361035765,0.71686744320052,0.4925896831956867,0.5138989311208507,0.0039051246728382077,0.9472220137062756,0.3313324059887428,0.10978116325828907,-0.04850188100587496,1.7987488689794022,1.73402501834347,1.667445875553285,3.8830147549946616,17.939482343709862,Rayleigh,16QAM
0.03979117388935723,-0.00541387684989495,0.7767439122682879,0.7925024675048348,0.6033311052458457,0.6280601610012516,-0.013502692680760537,1.0253925257188405,0.4261151042019908,0.18157408202907346,-0.006566901731456412,1.75460398589692,2.105710737112968,2.0708985401336806,6.8258052158243645,6.598727028911226,AWGN,16QAM
0.0034003745415642217,0.005772758274348012,0.7156666231547985,0.7166680939083632,0.5121787154977924,0.5136131568262464,0.004090941433950805,0.9570278033148851,0.3315637846500147,0.1099345432914413,-0.004629155969467408,1.7873404227316716,1.6765917597307007,1.668994308407553,4.102289511666145,17.92002800195013,AWGN,16QAM
0.014724874401741122,0.022452504011529907,0.7113831481263493,0.7102111540760775,0.5060659834381555,0.5043998833740738,-0.00044431068028840824,0.9514427445331232,0.3254896427692318,0.10594350755004213,0.02781664271921892,1.7765898742868709,1.6461443092178663,1.64406657957183,3.836032771933089,21.109592562324764,AWGN,16QAM
0.013812155038061638,-0.008605341194365887,0.7423771868637675,0.7567176883069023,0.5511238875757613,0.5726216597965421,0.006871650601240504,0.9831045466920096,0.3968826339986025,0.15751582516966867,0.009619468496993829,1.7864118823434816,1.976709622327703,1.9477828174901435,6.817577062328576,8.473765328618017,Rayleigh,16QAM
0.002319118049109768,0.017462579891031,0.7218377547775859,0.726411346033991,0.5210497442223463,0.5276734436469147,0.010184434926218384,0.9612723793747348,0.353537721502916,0.12498892052547342,0.016921702029711782,1.8050377901219523,1.783066981528772,1.7762983059697157,5.485358195748496,12.356934237900212,AWGN,16QAM
0.0035295755941781655,-0.02477472209284705,0.724247106457591,0.7382082130271367,0.5245338712121932,0.5449513657807185,-0.0014853146428540347,0.9693440547874106,0.36122511706672067,0.13048358519986605,-0.07181837668066904,1.790887374305444,1.8478347197458256,1.8106769526285942,5.385335793360232,11.673822934442416,AWGN,16QAM
0.0013713728269583935,0.0024715839127573704,0.7533745058353196,0.7484325793027156,0.567573146042612,0.5601513257617156,-0.0012416173997884569,0.9926078676617316,0.3774414951364331,0.14246208225082604,0.052817866534580475,1.8079999729775122,1.8561701081415953,1.9304562483494752,5.790372912345124,9.133171506203787,Rayleigh,16QAM
0.0017225701721282928,0.004041915709874183,0.7266670340725646,0.7213944073298117,0.5280449784078177,0.5204098909267303,0.005515989243258685,0.9683166422416527,0.33292199390097826,0.11083705402300299,0.009809938216787065,1.800659264845815,1.6871046308388993,1.7206677107080326,4.45134991652115,14.733344750693526,AWGN,16QAM
-0.015336738141322234,-0.005392728403096566,0.738260764172998,0.7342867839939673,0.5450289559172989,0.5391770811482032,0.0035539535455649876,0.978712489095182,0.3557979733093772,0.1265921978110603,-0.026646205476892632,1.8142753063914434,1.7873289838376267,1.7855250724505918,5.453501997206276,11.505608467444285,AWGN,16QAM
0.015039566536941346,0.00881536710711034,0.7352780763428941,0.735730052941902,0.5406338495505068,0.5412987108018938,-0.0164593507096734,0.9695736619058508,0.3770455857714442,0.14216337374973148,0.03861541160433031,1.7853050158764339,1.9117872159293758,1.902362976091115,5.693941171934165,9.487663459183619,AWGN,16QAM
-0.012708297944213416,0.003968334771906603,0.7127725996926957,0.7081110959259224,0.5080447788726837,0.5014213241734108,0.007006173371290249,0.9500965876801911,0.32704713061277924,0.1069598256420523,0.00364961696127285,1.7930473458536802,1.6374750644508203,1.6617689381955953,3.696908760498558,22.54974344760217,Rayleigh,16QAM
0.010421329853402573,-0.005749317353080905,0.7075555406671266,0.7061874538716959,0.5006348431287497,0.49870072000578863,0.003925312925904756,0.9474294998406935,0.31914661949030854,0.1018545647320918,-0.013057053748585266,1.774022426964815,1.644692133632608,1.650658628505077,3.0952622745561453,28.203200564835434,AWGN,16QAM
-0.017046327858467537,0.005709941481191778,0.7248783987799129,0.7227776150128546,0.5254486930177305,0.5224074807636703,0.005813284124538602,0.963197654389422,0.3470297293969113,0.12042963308529346,-0.007606111771521969,1.8188700761983239,1.7454974284946807,1.7492548821916303,5.098190595843811,13.510420766395205,AWGN,16QAM
0.004608796861283558,0.018281987795266245,0.7003249733922167,0.7038142062744369,0.49045506835680897,0.4953544369537156,-0.00011725163927703148,0.9407235269117225,0.3181261122755395,0.10120422331154917,0.03286886467335376,1.7755617809966746,1.6722365787442286,1.661815412765267,3.1160671150494252,28.975858964881244,AWGN,16QAM
-0.00486434551844198,0.018919908565074944,0.7095037418860312,0.7018366958960099,0.5033955597502799,0.49257474770622833,8.54541856837738e-05,0.9446640487252942,0.32243102719787503,0.10396176729987683,0.01215715877300379,1.8004159147400964,1.6601386846272055,1.682398397406547,3.4945697326456093,21.742092843844905,Rayleigh,16QAM
-0.02174116416023686,-0.013431348208416526,0.7846885312138042,0.7624179936248622,0.6157360910184775,0.5812811970029603,0.013415790273220112,1.009148339096328,0.423426495456175,0.1792899970542982,-0.016795267352635444,1.8324039696912764,2.1630142120357707,2.154035552353297,7.9863165661265985,6.077774939333576,AWGN,16QAM
0.003873853583013515,-0.024054812592250868,0.7206857165770404,0.7154558436062315,0.5193879020781622,0.5118770641503043,0.001636654604943576,0.956961115284721,0.3407110664652971,0.11608403081192009,-0.05662346631037917,1.8026816469571934,1.7330454430930735,1.7375255236487446,4.45393423521619,14.458288334750451,Rayleigh,16QAM
-0.014835200061245956,0.006978954837093836,0.7061343041594973,0.7112430207829181,0.4986256555108174,0.5058666346124105,0.009082746336033365,0.9416370608276129,0.34362876010403665,0.11808072477063758,-0.0014369823026699226,1.8080093604406522,1.7289345736408022,1.7143697789010255,4.377835302871499,16.58074036315056,Rayleigh,16QAM
-0.0013480660879702764,1.513849236437299e-06,0.714179458546873,0.7181083405319131,0.5100522990103047,0.515679588741498,0.011242558128529579,0.9546770626472744,0.3381204091613581,0.1143254110914442,-0.013644661515396356,1.798702836606641,1.7057799020143343,1.7004704169316371,4.231506101737162,16.32838618919096,AWGN,16QAM
0.02624390921661023,0.03127632117820123,0.7173510065634972,0.7197975955480067,0.5145924666176626,0.5181085785566918,0.004173269062791156,0.956732236687502,0.3450093092870049,0.1190314234946962,0.025815615894570484,1.7684525466338261,1.7308993899607334,1.743206251668059,4.863075824304877,14.781845331438621,Rayleigh,16QAM
-0.005563864107929489,0.023674846069646836,0.7264483081709665,0.7231709804476291,0.5277271444444595,0.5229762669615852,-0.02329223889794467,0.9645731950938353,0.3476973074856169,0.12089341763274764,0.0779989213917344,1.7969734838102183,1.7400573246631352,1.7676360244501743,4.979404388137931,13.209841588075323,Rayleigh,16QAM
-0.009171587796726203,0.004147515825652786,0.7113080284171521,0.7053113875381536,0.505959111290696,0.49746415339099553,0.006403964094581442,0.9480783084647559,0.32353068727793965,0.104672105610536,0.010635090690330015,1.793553205462266,1.6318875458829853,1.652975226940584,3.1028026282786176,27.87249936370257,Rayleigh,16QAM
0.010496500563445069,-0.010037393524000883,0.7036387209491003,0.717107564924817,0.4951074496188858,0.5142432596724006,0.0033711829728269318,0.9519312392207419,0.3215409007883494,0.10338855087978314,-0.005859354996683944,1.7687388311613548,1.6558399609569705,1.6134253691239837,2.998450329170537,28.213308717328957,Rayleigh,16QAM
0.004613840780862179,0.01126284735254226,0.7131246249564709,0.711369449886042,0.5085467307193073,0.50604649423117,0.007055554778621399,0.9526809840881466,0.3273229395635996,0.10714030676455585,-0.0023531838370205774,1.7848298496873887,1.6804593140053634,1.6758308905549186,4.156906465912172,18.164583307805735,AWGN,16QAM
0.002264069174072993,0.002185027647909207,0.7574025326487995,0.7585017057091804,0.5736585964628158,0.5753248375637362,0.003059812466937068,0.994925644115748,0.3988938418457505,0.1591162970624626,0.008888031177556039,1.7972020133507158,1.9843064436136442,1.9858278310871762,6.131173580693917,8.149362205697761,AWGN,16QAM
0.019491647331536355,-0.02319108179914747,0.7489264086916598,0.7431856680967591,0.5608907656357871,0.5523249372644262,-0.0005029632226282047,0.9857649181597508,0.377360543269199,0.142400979616425,-0.03238635897116616,1.7870128159705907,1.8929414092698644,1.9133545755677217,5.9283431005128175,9.487915674037534,Rayleigh,16QAM
-0.01921610149148114,-0.0012658250578452478,0.7104921513676022,0.7072814433831061,0.5047990971549637,0.5002470401540898,0.002761272047205492,0.9479830492291466,0.32671874227364234,0.10674513655287074,0.02440399676933039,1.8060635851223665,1.650547899463716,1.6571807746031066,3.6002593077712324,22.86903469020022,AWGN,16QAM
0.020500707459551154,0.02105888861209136,0.7015836786314273,0.7034747045629333,0.4922196581220059,0.49487665995990626,-0.002292203600188691,0.9386247696866173,0.3270223472617357,0.10694361560857525,0.029152795010206844,1.7633054310793181,1.6737404790887642,1.6612675588795243,3.219922229211143,26.67918622109688,AWGN,16QAM
-0.011012388131263076,0.005476413543609804,0.6993880579605003,0.7100992974718888,0.4891436556177601,0.5042410122700701,-0.008377806350799837,0.9429386612072177,0.32311393174269726,0.10440261288622442,0.014158925638498812,1.7918347266046994,1.6733617072899356,1.6345373269727796,3.2170616229222353,28.182873226334447,AWGN,16QAM
0.0030775588757239957,0.00299699941453083,0.7128864086711167,0.7134812390014913,0.5082070316680024,0.5090554784071031,-0.012448031469853245,0.9565322886411599,0.3198858300021031,0.10232694423613439,0.02525433677046575,1.777721630187464,1.628881210648421,1.626149485522899,3.14879080117254,26.415469349327445,AWGN,16QAM
-0.012817893974578318,0.0053312932688308196,0.7395476467078562,0.7288400084802341,0.5469307217511281,0.5312077579614677,-0.013556040621154024,0.9738997693170497,0.36034766563785997,0.12985044013065491,0.029105907867467914,1.817050206357227,1.7915996084303134,1.8566515513314858,5.7979259162667205,11.209222279988676,AWGN,16QAM
-0.0056650782597008195,-0.008278502723666498,0.7122383439398264,0.707088892864725,0.5072834585781465,0.4999747024126625,0.009828024074196145,0.9474289629769552,0.3312659774595855,0.10973714782225462,-0.03477140816962751,1.7928352271765793,1.6666510451415069,1.6795118226550068,3.7904413663782455,20.143770391341906,AWGN,16QAM
-0.03773796098323695,0.011417468665912417,0.7639900740815643,0.7634133184554317,0.5836808332951541,0.5827998947951344,0.01152638759817782,1.0026713768891262,0.4033427207071694,0.16268535034746168,-0.003867438844861462,1.8480731979880505,2.008102035447767,2.036019282334437,6.408576948837189,7.415265776294093,AWGN,16QAM
0.02078709489841102,-0.006354473546115279,0.7177357865086182,0.7158486138465959,0.5151446592351449,0.5124392379460928,-0.004299615836541455,0.957337158859638,0.33400889822901114,0.11156194409615791,-0.027641285162141607,1.7701364480392814,1.67736906413417,1.6744484877078647,4.263061024254676,17.685010047399373,Rayleigh,16QAM
-0.005600217951499341,0.006926990669769173,0.718399101228175,0.7159399107828806,0.5160972686454496,0.512569955851799,-0.005463277515144966,0.9590777743553796,0.3300248367556958,0.10891639287562369,0.0347272898236724,1.7933801042977164,1.6652862743280665,1.676612777491607,4.116899475039654,18.406053582994403,AWGN,16QAM
0.02100836922963368,0.008959896499593232,0.7350675344372912,0.7441473889444391,0.5403242801837184,0.5537553364728263,-0.0070298908925356665,0.9827487043720545,0.35889585123621204,0.12880623203456526,0.06072557686052229,1.7791590482283965,1.8063204236494412,1.7846446684973643,6.201547573991467,11.205730694203371,AWGN,16QAM
-0.005620241509204991,0.012791178222177544,0.7078443400893903,0.7151659601386314,0.5010436097965845,0.5114623505410106,0.006708587303117575,0.9531701157934794,0.3227505105352637,0.10416789205077336,0.02212108732367123,1.7975205561504508,1.6447963502681409,1.617682074280546,3.0508939853710944,28.536699820008895,AWGN,16QAM
-0.0014160414868254925,0.006301947168900105,0.7499063903937012,0.74956086154903,0.5623595943533103,0.5618414851661242,-0.0004018304105997692,0.9862032666095665,0.3894174060820429,0.1516459161596667,-0.004760599956892182,1.810534254448941,1.9267401338680399,1.9668675255419932,6.522615118306168,8.80799017067433,AWGN,16QAM
0.036576393368419516,-0.028603522900428495,0.7055309286806698,0.7103337451466653,0.4977738913250084,0.5045740294940876,-0.005851611035738601,0.9498002931210136,0.31997393343909974,0.10238331808048942,-0.059270434699650994,1.7570967982852637,1.6624343194359221,1.6527688812347379,3.5805928413772667,23.22928734906205,AWGN,16QAM
0.0010959090083889778,0.012279102264259004,0.7036734320702527,0.694270094954334,0.4951562990015286,0.4820109647478999,0.004344265043148371,0.9326471016035359,0.3278545790269261,0.10748862498892292,0.015830112269017493,1.7970872493857226,1.6867248695745964,1.72934564674794,3.8733319430159225,19.980490311828056,Rayleigh,16QAM
-0.018718473930298823,0.0014180018909915812,0.7097508406295779,0.7097352506025952,0.5037462557743925,0.5037241259479286,0.01061005099892609,0.9461741018488835,0.33552547251799164,0.11257734270842157,-0.0006550920617703675,1.809350881733478,1.7353514274656983,1.7216983082482942,4.248188041394246,16.310954769552584,Rayleigh,16QAM
0.005023600473409009,-0.02602768760146658,0.722552503199785,0.7132979683071424,0.5220821198802754,0.5087939915910972,0.00042013920287669405,0.9543767324819273,0.34748214493997887,0.12074384105208846,-0.052676768770208944,1.7995405375876365,1.7498044447389898,1.7838952246048592,4.863075315998523,13.385063461738262,AWGN,16QAM
0.014224687131195582,0.021559496715338366,0.7139462181109565,0.7120647420757081,0.5097192023549375,0.5070361969073447,0.007098566873517645,0.9537548172196704,0.32828996560229246,0.10777430151515437,0.013237534986671653,1.7727920396116104,1.6649779796033406,1.6657346865086737,3.7240572519998647,20.370483189104675,AWGN,16QAM
0.0015598083716222898,0.011300487292416443,0.711243979425323,0.7039127326353533,0.5058679982687694,0.4954931351661704,0.012455472301230385,0.9471907451345484,0.32298755360168446,0.10432095978160101,0.026283757328077636,1.7897235483292178,1.6356060409155144,1.6640151569934918,3.293258566598754,24.785388113927347,Rayleigh,16QAM
0.005454013653561801,0.022436065896551532,0.698553405477924,0.695442434941909,0.4879768603048049,0.48364018031793143,0.0038143495890316137,0.9308492109318741,0.32506908565425163,0.10566991044809117,0.017954886053067963,1.7784859880658221,1.6740821720122978,1.6891757256651732,3.202174818131478,29.475070603890405,AWGN,16QAM
-0.0014082495976884513,0.019438841510409314,0.7275023438837543,0.716218782189426,0.5292596603563563,0.5129693439609045,-0.013903932946656246,0.9570310245361258,0.3559501006023043,0.12670047411879054,0.0633632681853063,1.8018848475551124,1.7555559466335136,1.7992801367165088,5.432096326196714,12.563672971706096,Rayleigh,16QAM
0.01411477855344843,-0.007246817380975253,0.7053938282950228,0.70905319463293,0.4975804529967082,0.5027564328191638,0.016015061850711994,0.9448203707216073,0.32848606701216815,0.10790309622112262,-0.018641603851254688,1.7608468567858304,1.6569393024966055,1.6481751986080542,3.2261515535843333,25.190196815901746,AWGN,16QAM
-0.03291933812688545,0.011769257667129508,0.7544059081031332,0.7609093597402112,0.569128274180913,0.5789830537402582,-0.004708691690136481,0.9964433065375562,0.39551771518658985,0.15643426302642038,0.06861119385967326,1.8399392961925531,1.9738716514123467,1.9740256521889996,6.195261560463861,8.448082937264004,Rayleigh,16QAM
-0.018646352960887368,0.01198354357056165,0.7110269361187084,0.7131061875262534,0.5055593038863577,0.508520434688228,0.008623252625231254,0.9550320033967078,0.3201326332286446,0.10248490285790589,0.04047517782818124,1.8079740058408365,1.636903975349518,1.6326707232753095,3.2306048365107114,25.225179946975473,Rayleigh,16QAM
-0.02535533062301782,0.011793059303756692,0.7178709548920242,0.7135804626140168,0.5153387078775866,0.5091970766244341,-0.012036946423118394,0.9513203430338931,0.3468535115443423,0.1203073584706412,0.04348539314708718,1.8217877082272445,1.738025841774179,1.744797056691214,4.69742257140989,14.315607626334582,Rayleigh,16QAM
-0.01863995838351331,-0.0013835218912586248,0.7091622301427424,0.7001822169636245,0.502911068661028,0.49025513695209605,0.003132510433206769,0.9429814005590663,0.3229576535618075,0.10430164599414848,-0.03410655464796219,1.806888003634817,1.6334304254548804,1.6693347653970567,3.0363301493281747,29.111379954427182,Rayleigh,16QAM
-0.014808689820951336,0.0014841440988713128,0.7707576038219168,0.7626250871844088,0.594067283849303,0.5815970236030271,0.0007654048501543587,1.0066914639762812,0.4030609182090732,0.1624581037875412,0.03387233919899502,1.8276817253395867,1.9726591665346818,2.039621976291033,6.218915505703427,7.935758961742649,Rayleigh,16QAM
-0.001864664890618147,0.00615657081087541,0.7155490670209023,0.7194605090302729,0.5120104673144837,0.5176234240540994,0.006340901076998817,0.9587663695263359,0.3323286330925702,0.11044232037317617,-0.007310149842794078,1.7958649388647212,1.6777345504382504,1.6714115390359416,4.214874835779376,17.043559729367967,Rayleigh,16QAM
-0.010036370759796947,0.011660329813690043,0.7266883982127924,0.729069959433313,0.528076028097074,0.5315430057480927,-0.005102674187806349,0.9647004091586473,0.3594563206339502,0.12920884644369723,0.023579056338078334,1.8188228616606292,1.7850110377164021,1.7896952429487638,5.287693651988262,12.554666775096353,AWGN,16QAM
0.00427296100772611,0.01170552013953459,0.7163360572633775,0.7259204876510564,0.5131373469356407,0.5269605543915475,0.010578308110360913,0.9660528377181015,0.32710104472701157,0.10699509346150243,0.01772045826032775,1.781470994598245,1.6986064669558398,1.6464203038870333,4.515112480075309,16.619988244850976,Rayleigh,16QAM
-0.011497271578283532,0.011031389921769335,0.7301122207316555,0.718210403232925,0.5330638548617096,0.5158261833120007,-0.001685374107556969,0.9626676237698735,0.34987849767644547,0.12241496313632647,0.0433206716570878,1.8093374433464842,1.7238452398840742,1.7754509475120863,4.720366219948533,13.576904454762033,Rayleigh,16QAM
-0.013903702397583675,-0.01581963958701321,0.7149400050154533,0.7069377200727596,0.5111392107714964,0.49976094006167143,-0.0020693435666743892,0.9498884300998729,0.33023581745866165,0.10905569513259049,-0.003978862660252781,1.801192266928684,1.6981454390640487,1.7332509792309325,4.278325105555133,16.37894861230975,Rayleigh,16QAM
0.0003234817335667109,0.021194575321254412,0.7127488227479275,0.7117978630183994,0.5080108843285566,0.5066561977975601,0.0014946896952598287,0.9492832008915622,0.337605985276723,0.11397780129466689,0.04193546230987838,1.7859493858673356,1.70467272933867,1.7140057794109986,4.420902798496574,16.30992045242556,AWGN,16QAM
0.008589757371058732,0.011202821250141895,0.7281688883006862,0.7221996412105302,0.5302299298890571,0.5215723217646184,-0.0026347016751968816,0.9649397474779957,0.34769645170239216,0.12089282252643394,0.04846672048875318,1.7999253680813867,1.7426149404308628,1.7586106061174807,5.334783474141581,13.253001676651769,Rayleigh,16QAM
-0.013959328974285897,0.00897454085954984,0.7192022103759732,0.724548993181635,0.5172518194096856,0.5249712435205209,0.00411642095999542,0.9558901448759253,0.3588488527337674,0.12877249910834107,0.030566160317168696,1.8128057344989794,1.8205999899083254,1.8334757959457573,5.525128732193455,11.579641036551887,AWGN,16QAM
-0.005568519294984034,-0.015764971061567778,0.7075760663086357,0.708935107450836,0.5006638896128027,0.5025889865763284,0.0066111302463521945,0.9469010299856516,0.3269722592529124,0.10691085832095377,-0.040506999845606136,1.7910235260696667,1.6464078911451345,1.639595813182673,3.096324167842325,28.57350943892688,Rayleigh,16QAM
-0.019722659307592094,-0.03023819543436101,0.7014870452440441,0.7105348152507857,0.49208407464521964,0.5048597236834681,0.011475653804608176,0.9435858656702986,0.3284704616692509,0.10789284418921084,-0.09175491643065442,1.7915405687146946,1.690694815870765,1.6524345634821878,3.670573511494642,22.328280489263935,AWGN,16QAM
0.014338040851272962,-0.00024781402515309056,0.7289808718248667,0.7323940109314588,0.5314131114865428,0.5364009872482698,0.0038031136935020916,0.9679567842026507,0.3620488965293491,0.1310794034781193,-0.018389824868453926,1.7894595440200367,1.8555294063007535,1.8617292916215737,5.493218690440652,10.52436804910928,Rayleigh,16QAM
-0.007651157244702418,-0.004685036687794645,0.707547363474807,0.7188150562187369,0.5006232715601505,0.5166950850467458,-0.002266264538556685,0.9565345913535069,0.32006315302925004,0.10244042192702514,-0.0031264567827844355,1.7954820476139952,1.659671954862836,1.6185175677643926,3.689275702674601,22.86776465502943,AWGN,16QAM
-0.016872571768713353,-0.004341443267159211,0.7315003632684695,0.7335202725835552,0.5350927814619028,0.5380519902910532,0.0034598232268499276,0.9676851868032056,0.37018060835534516,0.13703368280233344,-0.004577981158694779,1.8288389128754308,1.8744539221022911,1.8513226685901945,5.208733464806717,11.074467313715456,Rayleigh,16QAM
0.00856533273488419,-0.0009056304832322202,0.7365096513100523,0.7399048931711608,0.5424464664728548,0.5474592509386269,0.004114384626496493,0.9757945322447522,0.3712208686808413,0.13780493334415841,0.04129913705520883,1.7877351195809366,1.87624844869902,1.8440701428280257,6.007598214372438,10.667524978507629,AWGN,16QAM
-0.013222473594554664,0.00558708654027122,0.7822217794858521,0.7780274108804407,0.6118709123020132,0.6053266520813221,-0.01160597394149976,1.0159472198890733,0.4304124302653971,0.18525486012696532,0.013544750232318135,1.826399326151332,2.1288742183629963,2.1862045524175726,6.924702345053655,6.036679699765239,AWGN,16QAM
0.005298819867217474,-0.00664612129509211,0.7799181614645341,0.7699739167506203,0.6082723385822191,0.5928598324762911,0.007105817554451752,1.0081085435852055,0.430025096743528,0.18492158382928062,-0.020506808241235963,1.8030172997330467,2.188957519145303,2.155105141977485,6.585170036644072,6.307175153694559,Rayleigh,16QAM
-0.009344627508161965,-0.012855455583778059,0.7189603163559194,0.7308048104908829,0.5169039364946036,0.5340756710366152,0.0013675321852732083,0.964324309827943,0.3482970252638009,0.12131081780761278,-0.024053803594871657,1.8082130040395028,1.7657976244798972,1.730266672870134,5.297414927524002,13.150349151212167,AWGN,16QAM
-0.0129962051027698,-0.013548155331649466,0.7737125566101092,0.7528906270113923,0.5986311202561514,0.5668442962416075,0.002372692166119715,1.0023961431211585,0.40128523846953107,0.1610298426135484,-0.02569436983784521,1.8246043985920946,1.963004558094404,2.007144260438416,6.041529554439805,7.921706543221486,AWGN,16QAM
-0.008536354708545704,-0.019585968971201125,0.7063491824293464,0.6988160064622405,0.49892916751860616,0.4883438108878342,0.005884572769821978,0.9398487893171735,0.3231311052154131,0.10441371115773439,-0.040719622733069165,1.7929780442045833,1.6563208645906158,1.68673759606873,3.295299185092313,26.393710526615966,Rayleigh,16QAM
-0.008423298642240113,0.015410580914775818,0.7296883952328425,0.743620719231278,0.532445154137481,0.5529717740700432,0.011537048589774812,0.9788045121063464,0.35730532217128913,0.1276670932519287,-0.012089242474901169,1.8065203796139455,1.7885072622922698,1.7663392547387546,5.232801302195137,12.009643695589565,Rayleigh,16QAM
0.008301118311705798,-0.015857724473208646,0.7563686078072781,0.7537087108123838,0.57209347087632,0.5680768207544655,0.0026951234119769888,0.9943554665042889,0.3895482946368997,0.15174787385451682,-0.01064049082118797,1.7920356456347875,1.906490257963454,1.8969106978501349,5.933699711569076,9.401917902329998,AWGN,16QAM
0.03564754943813282,-0.01611817779191506,0.7109485085516898,0.7193416079508419,0.5054477818118721,0.5174523489293028,0.015491770242981295,0.954711489834213,0.3360902339491407,0.11295664535598816,-0.05016674243469623,1.7434812495273073,1.7247737584723437,1.6952903108001582,4.606586095117141,15.890157585340173,AWGN,16QAM
0.005395791490120075,-0.0009162371753488095,0.703690639454616,0.7109810194018619,0.49518051605604635,0.5054940099497106,-0.0020975807305400654,0.9457178736885199,0.32607082581578434,0.10632218344818758,0.013551979513057026,1.7791530384849943,1.661527260229166,1.6422827464017744,3.2399680374907183,26.444177717916077,Rayleigh,16QAM
-0.014858343991901427,0.008124641085471776,0.7198612227009709,0.7233882179599116,0.5182001799485367,0.5232905138832166,0.008165002910748549,0.9614150516703852,0.3427222963746795,0.11745857243233364,0.010682909946543431,1.819013111976973,1.7248362891609121,1.7439545727674213,4.837345701559876,14.305479014511164,Rayleigh,16QAM
0.028188977624136895,-0.003990324850966137,0.7147271142744923,0.699478892294562,0.5108348478791431,0.48927072076562733,0.012768758213941718,0.9466821119356312,0.32358783774699207,0.10470908873777365,-0.017718229596855886,1.7584590947971936,1.6253806121289316,1.676256925918442,3.2261530138647796,25.684791298729234,Rayleigh,16QAM
-0.004360366584872689,0.0016706700724310102,0.7404227611262764,0.7584238312045333,0.548225865193859,0.5752067077389623,-0.0005173087137792737,0.9885273258967374,0.3824501311589684,0.14626810282351213,0.019186764882502805,1.80342605136718,1.9566230152243034,1.9069236832592402,5.735791542411075,9.135727657222905,AWGN,16QAM
-0.012354254979536435,-0.01293479148068482,0.7474987507844195,0.7529380111301006,0.5587543824242677,0.5669156486045515,0.0016141471542713314,0.9881419026432379,0.3867370524221452,0.14956554771616906,-0.04318463716625876,1.8156448150465865,1.9472085905908854,1.9642962753644666,6.507501697004167,8.448118141299735,Rayleigh,16QAM
0.0028594528588803884,0.005239457358459581,0.7159352521307432,0.7196294407213747,0.5125632852435108,0.5178665319529585,-0.0035510337761187134,0.9539988781416505,0.34691726115171184,0.12035158608500504,0.005266777787218692,1.7889326462988653,1.7434697877964627,1.7500905219218945,4.750364030882055,14.66306385281297,AWGN,16QAM
0.0065691197707740895,0.0029096070755960145,0.7203206623163565,0.7144874546816413,0.5188618565598745,0.5104923228974504,-0.001575312699411455,0.9553319883243891,0.3416820022907137,0.11674659068939128,0.03007980169367546,1.7893966595526851,1.7369449865928348,1.7501120942281658,5.390541724075866,14.625730797958,AWGN,16QAM
-0.001130587650998717,0.0054385496305473105,0.70537785371627,0.6975768909559854,0.4975579165133717,0.4866135187958187,0.009510292380194121,0.9355080203477604,0.33019242151316186,0.10902703522472557,-0.006383631738462055,1.7943015404484288,1.6741426123094192,1.6933829447732587,3.713813141342937,22.93920909242667,Rayleigh,16QAM
-0.008183122002747428,0.032697043771370664,0.7036086194241046,0.7048067224558052,0.4950650893278944,0.49675251601889453,0.0014904712532141553,0.9425618911148107,0.323312150903673,0.10453074692195942,0.03970332033687994,1.7976100478151897,1.6664206695291253,1.6563257558981515,3.235698386551658,26.043781117488646,Rayleigh,16QAM
0.004363221419572091,0.0006255891620970435,0.7087813441697025,0.7185328740703589,0.5023709938430102,0.5162894911198103,-0.0065691870506495815,0.953755838033158,0.3301964800591381,0.1090297154434448,0.014441973402446809,1.7801008044289246,1.6639817734574176,1.6293643913943596,3.4947159151276748,21.489688487736835,AWGN,16QAM
-0.0038268972003488795,0.00336766976190619,0.7120511585739245,0.7087146218057814,0.5070168524264682,0.5022764151613117,0.0017291644519814168,0.950520579145684,0.3253150512197996,0.10582988255014082,-0.011431150950933357,1.8047169018922167,1.6455589729054514,1.650496210682586,3.5001464950098176,23.85287725818163,AWGN,16QAM
-0.0249955533387864,0.013087003004910489,0.7065086768418767,0.7078113323672257,0.49915451045285936,0.5009968822274672,0.0001373695406755804,0.9457626720677013,0.3263133588102864,0.10648040813805072,0.013439504851279272,1.8174208693930238,1.663361050309292,1.6551511856569214,3.415549392212559,24.2006630199252,AWGN,16QAM
-0.02310635223808346,-0.0017418117359948636,0.7032003505814672,0.7176571287836027,0.4944907330578984,0.5150317544939245,-0.007507754588497884,0.9520636785921582,0.3219226256094231,0.10363417687926478,0.008238595905355625,1.8070999481121306,1.6772346057031349,1.6150899033802608,3.380630034306858,24.354724374527148,AWGN,16QAM
0.012690378753372733,0.008502657392440896,0.7066292388723121,0.7134539118939002,0.49932488122926305,0.5090164843967091,-0.013441945518455801,0.9534099016888312,0.31556974804835547,0.09958426588330256,0.03704791257002432,1.7789879732516904,1.6448539513975373,1.6288124926147363,3.115449085967166,27.305414601822747,Rayleigh,16QAM
-0.0006304182810561685,0.02394101897258844,0.7158185090445456,0.7244103445926503,0.5123961378907562,0.5247703473528423,-0.02097916792042568,0.9540405305296862,0.3571368381543529,0.12754672116688842,0.08245562977816834,1.7921944205520581,1.7831916050789325,1.7687628125208106,5.497630349617182,13.31794642599801,Rayleigh,16QAM
-0.020336441524898264,0.00023591326560710578,0.7423864287517236,0.7359368076527715,0.5511376095947379,0.5416029848581524,-0.003594239527503597,0.9787928695551484,0.36758500985466336,0.13511873946985295,0.018312884083191795,1.8316016276798832,1.8576778719436138,1.8515051298066787,5.600666373776972,10.232933473753231,AWGN,16QAM
-0.006888199957561048,-0.00022002390427461145,0.753791415074129,0.7594881094641559,0.5682014974394578,0.5768221884174376,0.017959987727900265,0.9933410156051067,0.3979256315980219,0.15834480828268466,-0.015312638690439495,1.812066826048755,2.002193743040098,1.9961168433738044,6.252719649610638,8.030674849682491,Rayleigh,16QAM
0.004101459795711813,0.006662115502162486,0.7004058321506551,0.7059047266136488,0.49056832971065173,0.49830148305549016,-0.016695681786641502,0.9411499236934691,0.3211975087906804,0.10316783965333921,0.04621121802633934,1.7866233541176761,1.6747187144837372,1.6579074060259142,3.352840174365822,24.91786826394314,AWGN,16QAM
-0.00312592761985199,-0.0017945199402507775,0.7800340809963272,0.7958754897154737,0.6084531675157847,0.6334177951298452,0.004420341856084447,1.0302619011880794,0.42478744017597125,0.18044436933125435,-0.05154535830184407,1.8005239583458639,2.0985860727319547,2.0472515858645086,6.770541120331847,6.383982236040699,Rayleigh,16QAM
0.02308373222460114,0.008914641466358394,0.7271036165048717,0.7201855922802167,0.5286796691344635,0.5186672873280065,0.004478188436905296,0.9638045611468312,0.34502181655791686,0.11904005390092484,0.047042185640110375,1.7733401643287237,1.7315922533428103,1.7452219451281916,4.810168753133597,13.445818599129689,AWGN,16QAM
0.016211978032217064,0.024071228293334277,0.7125223697653968,0.7158368312469388,0.5076881274160969,0.5124223689696583,0.004314821902321373,0.9548448697827641,0.33049057974253726,0.10922402329855836,0.04872171521619583,1.7686013075628644,1.6864970186457433,1.6921849493377856,4.2005002647195875,17.19945749764667,Rayleigh,16QAM
-0.027107661084382294,-0.005755146737218509,0.7080564523869146,0.7107700885558921,0.5013439397667431,0.5051941187857506,0.009538501100504793,0.9514469653543464,0.3194599782037361,0.10205467767393155,-0.00514057632050055,1.8041302421137615,1.6555047396285918,1.643075187964807,3.3162686479007144,23.3093337482395,Rayleigh,16QAM
-0.016042647307260318,0.030566309670422225,0.7148753378717096,0.7175413309192475,0.511046748697191,0.5148655615773651,-0.00819988101627428,0.9533194309630563,0.3439273740811045,0.118286038642324,0.07486610133339613,1.8074113404726373,1.7682590061360608,1.7552199380665021,5.046025111523943,14.0381274448181,Rayleigh,16QAM
0.0009202891704027745,-0.017651424068680255,0.7292244751546179,0.7337231322198119,0.5317683351645278,0.5383496347544516,0.006835692512100812,0.9693966163266758,0.36152536546856656,0.13070058987718064,-0.002588197857851884,1.7945805197261913,1.805852057358732,1.8055912426007328,5.776189113668163,11.742499605511245,AWGN,16QAM
0.00824188950305866,0.044439677637743716,0.7068436430633916,0.7186171715099966,0.49962793573912734,0.5164106391890279,-0.005136954897121243,0.9553159390324601,0.32473503853112523,0.1054528452498114,0.07434657368021629,1.7741439114906925,1.677931592796015,1.6465712474151624,3.8296725553639828,19.051287475993092,AWGN,16QAM
-0.006598778555843612,-0.000768465701487165,0.7417218558005055,0.7498844621023358,0.5501513113721459,0.5623267065025095,-0.014494976695139952,0.9926247761940886,0.3566766126034261,0.1272182059782545,0.03690744754573493,1.800749934730798,1.7910398648681483,1.7644808821068259,6.780678449852817,11.516265045170286,Rayleigh,16QAM
0.001373223200680269,-0.01356353264498807,0.7033191642259675,0.699007895324127,0.4946578467675135,0.4886120377254657,-0.0036341274120122082,0.9361137528949857,0.3273328295384006,0.10714678129361561,-0.03222879750105311,1.7897786940933347,1.6636791094676973,1.6822485313144624,3.3686515789682785,25.43135003870193,AWGN,16QAM
-0.0006494043789967931,-0.011068614363940465,0.7142118415892702,0.7163987650140723,0.5100985546663368,0.513227190513688,0.011039405226866809,0.9568862785694112,0.3283554948765025,0.10781733101559285,-0.023001773591194426,1.7926313285304942,1.674909372595095,1.662950691626304,3.9493429440899517,18.41972290505966,AWGN,16QAM
-0.029592641366353707,0.002318175762728853,0.7482740368366473,0.7549469939275582,0.5599140342038121,0.5699449636402566,-0.010255991174312551,0.986330284280665,0.39735710200875435,0.1578926665167956,0.004713855176680325,1.8236340641477728,2.029930357288462,1.963266052761675,6.560003241456926,8.072293663756254,Rayleigh,16QAM
0.02175064795926586,0.014766475687823313,0.7856805327954278,0.7570823696435928,0.6172938996137074,0.5731737144251576,-0.006574557707625852,1.010187594749081,0.4131340907560381,0.17067977694481828,0.02015569783116272,1.8001472308030826,2.004715016736989,2.083145240521167,5.984148007795678,7.294007291797234,Rayleigh,16QAM
0.008150993010028024,0.005002861803379419,0.7218910479964811,0.7083074356573904,0.5211266851774577,0.5016994234075483,0.0025661266061053757,0.9514004569599955,0.3431541146403329,0.11775474639459073,-0.0008651710632474269,1.7939354780151047,1.7480277158162083,1.7791825959636152,5.008822834791191,13.553213548292538,AWGN,16QAM
-0.015498305589223526,-0.011646009737322802,0.7097383983759991,0.7115358390244673,0.5037285941293284,0.5062832502162525,-0.005408348817205738,0.952344666496012,0.3216011622508837,0.10342730756111923,0.01938332888420057,1.8110903724423335,1.6340595001910931,1.6264172901365983,3.051035538311667,29.751080493194795,Rayleigh,16QAM
0.025762069287122914,-0.002064238507373067,0.7789480643874911,0.7829118406375953,0.606760087013019,0.6129509502105475,-0.013890805268954991,1.0180599124115453,0.4288741042062726,0.18393299725873274,0.019971121253723002,1.7828354746226158,2.1312777634894826,2.117412973189481,7.139767945440816,6.715251791726619,AWGN,16QAM
0.004813103285216571,-0.0019141576315684508,0.7070869800785394,0.714591197029086,0.49997199739658876,0.510640578871462,0.01546049897667043,0.9513141715350698,0.32502423489221083,0.10564075326726705,-0.06564461919511229,1.7860183099371054,1.656789765313863,1.6287743285784881,3.22129584131389,24.70239747144716,AWGN,16QAM
-0.001225024588747122,0.011072748163101314,0.7271720986115896,0.7389082395026391,0.5287792609991834,0.5459853864048894,0.002980293393237161,0.9700457767013653,0.3659234140432176,0.13389994494504406,0.01405458464550725,1.8070627995117052,1.8448055380804715,1.7909585167181006,5.791057281858595,11.319499036449624,Rayleigh,16QAM
-0.005865599265070227,-0.007110404153036232,0.7245025976115729,0.7320102143096056,0.5249040139459167,0.5358389538535946,0.0035026636632593754,0.9708772598706762,0.3438390279876279,0.11822527716747676,-0.02192731110955129,1.8008504466443096,1.748995795153636,1.7451616444308078,5.132789187494735,13.138507379237847,Rayleigh,16QAM
-0.013676600826060559,-8.82323828515219e-05,0.705763184833211,0.7055116966498076,0.49810167306591707,0.49774675410969016,0.00024790343713693743,0.9451866058695301,0.32040250382222957,0.10265776445555383,0.008329012023455606,1.8009521584029466,1.649563694276466,1.6478025035952437,2.9897644689995797,29.724200494551226,Rayleigh,16QAM
0.0006009542738920897,-0.011414046929354578,0.7387019914160675,0.7430066975950642,0.5456806321220639,0.5520589526711233,0.007685858428586154,0.9786881509376583,0.3742188258502758,0.14003972962075908,-0.01424006293206044,1.7977210088267477,1.9078708495449659,1.8751251891492757,5.778450040870359,9.582302804317582,Rayleigh,16QAM
-0.0256605179290918,-0.03237558027300221,0.8056231251090484,0.8014730290214817,0.6490286197104694,0.6423590162488687,0.010617719503520334,1.0443042227745234,0.4500255177576484,0.20252296663303948,-0.052686634369700704,1.8377242418277577,2.1998031045091424,2.2264955385457643,7.509349440346109,5.086919202105193,AWGN,16QAM
-0.01121549625145398,0.021175516985638923,0.7251560620673687,0.726203024865846,0.5258513143530534,0.5273708333243046,0.006862620234315199,0.9666088203205352,0.34563524998425255,0.11946372603167675,0.03234863685352489,1.8161320950913045,1.7683240829420541,1.7509968701880931,4.981535116696552,12.975831811980308,Rayleigh,16QAM
-0.014079960439497786,0.0006102013724398143,0.7049688692386726,0.7152228571383991,0.49698110659565264,0.5115437353732147,-0.0059247117889754276,0.9523321880642479,0.31904053532007787,0.10178686317732187,0.01678281156913837,1.8032578786329907,1.662985884363485,1.6200171835339119,3.1937649373873995,24.692762359974385,AWGN,16QAM
-0.006617555411240379,0.012419099758980501,0.7812455648678243,0.769209720703747,0.6103446326256459,0.5916835944251365,-0.010496659527111605,1.0139613450342417,0.417263278884661,0.1741086439055784,0.03273441572574993,1.8143841741309756,2.1329887007891304,2.08166033752039,7.036441710993724,6.533310691513035,AWGN,16QAM
0.005456588577203278,0.010634546172916261,0.7054558444885145,0.7114710952184402,0.4976679485230032,0.5061911193313269,-0.00524539847089991,0.9486999297666634,0.3224443813222101,0.10397037904626281,0.043710001517234975,1.7823322772311454,1.6495415790063135,1.631961900790953,3.154282809677254,28.49347013539338,AWGN,16QAM
-0.0012370785359557606,-0.019387852298180713,0.7060863272276169,0.7120978408905668,0.4985579014977852,0.507083335001007,-0.002752572136654738,0.9428700952513299,0.3420740258475945,0.11701463915958074,-0.04384280883159539,1.79575209459111,1.7502560232199946,1.7326113231806999,4.563380850406846,15.450522100567294,AWGN,16QAM
-0.00907980846069402,0.016068055458747902,0.7096452739195539,0.7099973787415382,0.5035964147963587,0.5040962778198552,0.01677966296796917,0.9499658043718833,0.32495890273725847,0.105598288468203,0.026879776856860934,1.8039756472397195,1.6499671326292553,1.6525467364241557,3.4056439931281233,24.601146612242385,AWGN,16QAM
0.007202163190618952,-0.022399072455336278,0.786449375667306,0.791209823601183,0.6185026204874954,0.626012984963015,-0.011436237693119838,1.0312999402997898,0.4260159952274608,0.1814896281896439,-0.04419337894208478,1.7996920180240714,2.0946428730435684,2.115634076814871,6.469493541273986,6.222480381694377,AWGN,16QAM
0.024831366754737787,-0.024242470802443697,0.7395579086668972,0.7437630894963677,0.5469459002717546,0.553183533297182,0.0070763884964587555,0.9785861715702392,0.37908156450288444,0.14370283254595453,-0.06365780857545801,1.7813099760337654,1.9102069867379812,1.8693687707870834,6.357798956967958,9.945778024545763,AWGN,16QAM
-0.007256718755464434,-0.00043984526646695144,0.7103545858734726,0.7050915546145141,0.5046036376714728,0.4971541003887124,-0.004332094093785036,0.9463431887395133,0.32595269690166623,0.10624516061746948,-0.013419942187494715,1.8004176842485964,1.6373405317875767,1.655622633765329,3.216586551400048,25.963587392390263,AWGN,16QAM
0.0009373430462172868,0.0010860141428266803,0.7091772217599549,0.7120031198814226,0.5029323318631682,0.5069484427208795,0.004759261197202705,0.9459906517227007,0.3390936736006915,0.11498451947601229,0.006391816419551294,1.8079257792539434,1.785100176768273,1.7591140530874998,4.941536111483022,14.322310813047563,AWGN,16QAM
-0.002908649382581921,0.02870577810147486,0.7240911747453408,0.7264768818027562,0.5243080293440876,0.5277686597938558,0.014736600070661717,0.9638314080576486,0.35204855903297777,0.12393818791719605,0.029687857085136018,1.8084075981173997,1.7532184968541422,1.7663837325481955,5.229426131073089,13.316083695531612,AWGN,16QAM
0.012255033088330035,-0.01602500463134237,0.7114357678916343,0.7144332564873108,0.5061408518355595,0.5104148779750636,-0.014421373633965381,0.9541166007410299,0.326533656167991,0.10662422861043576,-0.02386288048451252,1.7713757970348918,1.6446220036230277,1.6385214541771715,3.417311393300959,22.998086344745545,Rayleigh,16QAM
0.02139581018836085,0.010166278643709553,0.7116597142148244,0.7038206574267981,0.5064595488363256,0.4953635178206904,0.014180503060077124,0.9474764735859018,0.32353134712623727,0.10467253257331782,-0.013649406461238588,1.7759382476430046,1.6678717653385797,1.7000080854381252,3.804637463837005,19.864922366215872,AWGN,16QAM
0.01270882265196031,0.01435956254147088,0.7902172462435989,0.7914551987263706,0.6244432962608166,0.6264013315909989,0.015596218448127445,1.0337548658547777,0.4272741700395279,0.18256321638296738,0.0010332495993736466,1.79279870705225,2.0399983884186588,2.126077268674418,6.367189222478389,6.374807799903632,Rayleigh,16QAM
-0.0180685255930852,0.021930385301704065,0.7107121088225072,0.7019427991673336,0.5051117016269354,0.4927236933028717,0.002812623536130404,0.9455769149205819,0.3233065206822636,0.10452710631567097,0.04409989807550477,1.8060125492374943,1.6398742282652645,1.679365442551147,3.39857645720066,23.106361258939707,Rayleigh,16QAM
0.012594708477627505,0.0075070772249801925,0.7153266365865366,0.7132837601349945,0.511692197010207,0.5087737224723164,-0.007260994435277653,0.950967859092992,0.3410880140736594,0.11634103334471288,-0.002529457343715687,1.7855756079882266,1.7027028001761053,1.7203896646466525,5.235813499727763,15.414879555987493,Rayleigh,16QAM
0.00898028835589164,0.018682419778614415,0.7075689164001514,0.7037754973864171,0.5006537714556845,0.4952999507214988,-0.010756229523051622,0.9455945171022917,0.3197411606143419,0.10223440979100636,0.048253975866301105,1.7814885152972133,1.6469780074602849,1.6581529424326096,3.037926410912806,29.183421019224422,Rayleigh,16QAM
-0.023955135444019972,0.0075208011710032364,0.7849537331427134,0.7720882224165457,0.6161523631746822,0.5961202231943414,0.020361887952328083,1.0159694967089923,0.42509878744863056,0.18070897909029596,-0.008568337089350083,1.8356074107924591,2.13959672075894,2.1380056594528005,6.789399725589204,6.193624384448761,Rayleigh,16QAM
0.009397951110652806,0.02793684878818561,0.7045250711147077,0.6914999713029292,0.49635557582918394,0.47817221031195184,-0.0004976857100820511,0.9332329651556649,0.3232225361777754,0.10447280789319334,0.06828955206143897,1.7822357320466344,1.65927908793887,1.7192269930614057,3.345672630729595,24.891296660402034,Rayleigh,16QAM
0.014495879522537874,-0.006616271291166059,0.7447571878807399,0.7485420869022126,0.5546632689000276,0.5603152558639195,2.1374313067221096e-05,0.9871853682757646,0.3750966262113272,0.1406974789951201,0.006181802830864907,1.7979294875709066,1.8983329452258373,1.9101701800000552,5.658913734879773,9.28283485587316,AWGN,16QAM
-0.004071199610837491,-0.03484576430980171,0.7574562467730892,0.7563889326075013,0.573739965775575,0.5721242173711151,-0.017601535041257547,0.993456717279044,0.40017338241872247,0.1601387359964411,-0.0486454926513438,1.8025192233643244,1.9848402517652726,1.9820560510744825,6.361814139924668,8.193291811337652,Rayleigh,16QAM
0.013724411236402395,-0.0017156996563433273,0.7074267912155642,0.7175431934691443,0.5004526649295494,0.5148682344938978,-9.508540811214589e-05,0.9546731774493601,0.32266286859706445,0.10411132677128648,0.01356471878821254,1.7746081438093433,1.650478142598694,1.6133154945151298,3.1382026946856056,26.284089351752225,AWGN,16QAM
-0.021908141724260144,-0.016932261724482166,0.7039964278436366,0.7069474299672198,0.4956109704166007,0.49977466873725723,-0.0015712521244786917,0.9448112267386997,0.3216893736872394,0.10348405314328833,-0.01751220852772515,1.8117506132382637,1.661722643094267,1.6512972123290024,3.2969400689008124,25.469196473608758,AWGN,16QAM
-0.00970397637733555,0.0074852950060188585,0.7254731901460552,0.7284971641684753,0.5263113496206944,0.5307081182015105,-0.014450549170312205,0.9669681665952361,0.349488525437548,0.12214222941251164,0.05171898525933762,1.8073903218693308,1.766224556689271,1.7575402370420115,5.162168482992662,13.016105162073453,AWGN,16QAM
0.005939525209017305,-0.007607607981732132,0.7148323360983528,0.7046628224074313,0.5109852687318285,0.4965496932832071,0.007667054894824956,0.9500837199323959,0.32398926030559766,0.10496904079336833,-0.02058476877754988,1.7807512855222525,1.6229772521316004,1.6581309163656264,3.128768578603596,26.474776610383145,Rayleigh,16QAM
-0.008794246182945565,-0.002439378186601265,0.7565367739006587,0.7483358378340135,0.5723478902640163,0.5600065261867349,0.008872532726632961,0.9909483737504522,0.38789048240959606,0.15045902634394914,-0.02580153423370383,1.8173010837064212,1.9562414789582698,1.9454073334990682,6.614744424397862,8.076700498678303,Rayleigh,16QAM
0.00441048881963845,-0.02406623950328078,0.71321736671733,0.7153489355689117,0.5086790121872025,0.5117240996195749,-0.0012672189038901275,0.9533161721171655,0.33494779306947214,0.11219002408210992,-0.03818223157284528,1.785978013729965,1.7050346240041185,1.6957404119525128,4.129291718550366,16.448032030286754,Rayleigh,16QAM
0.01292101858209385,-0.016633525158827753,0.7486979314813459,0.7465952765139786,0.5605485926044461,0.5574045069129842,0.00430021336339854,0.9883662157535258,0.37620333591675315,0.1415289499548934,-0.01231701397942207,1.793916306735695,1.9021714272792605,1.890047991380104,5.580909105711138,9.459756400555253,AWGN,16QAM
-0.016583881307737608,0.001918655809425195,0.7376723425567355,0.7349031032903645,0.5441604849731417,0.540082571225808,-0.0055887807866036145,0.9730543643584784,0.3710619443721109,0.13768696656121152,0.018048436409387962,1.8185466414735048,1.8099465204948637,1.8583938867988121,5.374019581109381,11.014867320019645,AWGN,16QAM
-0.002551469422011385,-0.0030100045360105772,0.7467614255942093,0.7520575452934425,0.5576526267554959,0.5655905514327982,0.013111810356654293,0.9838369891269304,0.3941110593950243,0.15532352713746836,-0.07014939419013802,1.7905308566101155,1.950325131618065,1.977440741024251,6.50045270121794,8.3840386317274,Rayleigh,16QAM
0.011971230351626765,-0.025544627067763507,0.7162550504476268,0.7082810885169044,0.5130212972917325,0.5016621003506909,0.010355599363815096,0.955316566513745,0.32070156487765344,0.10284949371497577,-0.08053045919036556,1.776348657482924,1.6245164555118865,1.6514532171603402,3.396174922145803,23.75496303687038,AWGN,16QAM
0.004032037695899199,-0.008183572098412075,0.7270827338680319,0.7231447746061261,0.5286493018890114,0.5229383650401449,-0.02277189426307174,0.9622919101451223,0.3544928416465968,0.12566517477867914,0.017525637766638832,1.7915179377680703,1.787071070990558,1.791857129753894,5.461453838878821,12.562523062793613,AWGN,16QAM
0.0009126568793384097,-0.02237854293315569,0.7394936078334899,0.7442642026839584,0.5468507960265914,0.5539292033967884,0.004764079974872651,0.9814371193308616,0.37156804538241783,0.13806281234931053,-0.058065559998412,1.7921798619741747,1.861100008789426,1.8660678955024912,6.20476523240458,10.066321024056084,AWGN,16QAM
0.0312394907359544,0.009366879392776617,0.725072911942269,0.7270104797512353,0.5257307276324413,0.5285442376681213,-0.005943698993633499,0.9645226174691607,0.3536025026806264,0.1250347299020024,0.016078465894202403,1.7690896767938251,1.8201187966062164,1.80416906787404,5.718517170278998,12.218919402823504,AWGN,16QAM
-0.003459161293006683,0.009758559164851577,0.7025784019593018,0.7049775616088828,0.4936164108996862,0.4969933623720062,-0.004062144156700594,0.941688476690924,0.3223969314572403,0.1039397814130445,0.013638901694976193,1.7837321704896691,1.670971021465287,1.6584852077613965,3.509169588935035,24.661017461320398,AWGN,16QAM
0.003513635129605123,0.020118226148492888,0.7053770514587627,0.710867676947115,0.49755678472465803,0.5053328541281878,0.009886961074800176,0.9483296261810462,0.3224556521684013,0.10397764761534899,0.023397225231629324,1.7759804869833637,1.6505373560957044,1.6299704061216231,2.9338039112733623,29.527642573351056,AWGN,16QAM
-0.025170572602001052,-0.008758304405133411,0.7163859052100603,0.7017115032315309,0.5132087651836376,0.4923990337674547,-0.002540297082076908,0.9500711123404599,0.3219983634561197,0.10368294606841935,-0.011878599625716855,1.8042616160580052,1.621946396383338,1.6671940550359665,3.3327098991893545,25.73601880344844,AWGN,16QAM
-0.03316512008370421,-0.011748732487997252,0.696629915976523,0.7016087837477563,0.48529323983345757,0.49225488543200574,0.008248615996999437,0.9342005196642797,0.32566159157888735,0.10605547222969403,-0.049983562924647,1.8128262354325444,1.6860043002239045,1.6682416187948366,3.233685651098021,28.483858725931846,AWGN,16QAM
0.003255140167097241,-0.011819584397295609,0.7325858990197469,0.7252914208697399,0.5366820994425708,0.5260476451872461,0.006149329428935168,0.9696127736668353,0.35033000483081067,0.12273111228475583,-0.02167293225055932,1.7909114932892685,1.7574788451794903,1.7523595757128159,5.113613132659317,13.224104132502552,AWGN,16QAM
-0.00047536589510883693,0.026751805119407827,0.7148802558863679,0.713445366951459,0.5110537802561589,0.509004291624502,0.004782020903946928,0.9538312074108773,0.3331365856516659,0.1109799846996497,0.07225550614325119,1.792592335964271,1.7098289398937057,1.7167301249864033,4.511197448316501,16.7251810587396,Rayleigh,16QAM
0.0038018252072842033,-0.010623543920491524,0.7040030308249767,0.6985818991850965,0.4956202674107531,0.4880166698690563,0.003623495751080305,0.9370510689005888,0.3251146645606915,0.10569954511241096,-0.022326609793097616,1.7812104589925764,1.6827471133546794,1.6863628955860457,3.58216104221998,22.159877824268865,AWGN,16QAM
-0.0006322809878940348,-0.014604391631200362,0.7207461421189335,0.7137678316318516,0.5194750013793259,0.5094645174724353,0.0050048831001111484,0.9562201446141065,0.33881594106550417,0.1147962419201032,-0.05129507669096848,1.793448638659954,1.7328049762228876,1.764399041127389,4.775407237447047,13.778392555611457,AWGN,16QAM
-0.0009706800597706688,-0.012639036249376803,0.7038398965906699,0.6990499318732699,0.49539060003276486,0.48867080725202333,0.00418974408773573,0.9370239174423252,0.3258961074988752,0.10620827288291841,-0.039167432834710345,1.7868777019473951,1.664177246332281,1.6802148628072502,3.2414515000963946,25.879403379788435,AWGN,16QAM
-0.010692503515287935,-0.001922435022657544,0.7091122146401169,0.7023317081621038,0.5028401329518112,0.49326982828989857,0.0030986794770880956,0.942907352300202,0.3273434154031106,0.10715371160777344,0.0001656565472938366,1.8057906133000525,1.6795676533626165,1.6954606385614037,4.133928754478195,20.00130974402034,Rayleigh,16QAM
0.03491653950218956,0.007729128589388798,0.706066356176689,0.7189461488709484,0.49852969932462704,0.516883564976368,-0.0056675117666849595,0.9547701907746309,0.32420063428181184,0.10510605126872911,0.024805400025200562,1.7532299403492304,1.6634030339689116,1.6273551503956267,3.413319626360915,22.80179255838653,AWGN,16QAM
0.015799203161859936,0.005758804780957901,0.7653957897044145,0.7387539687003299,0.5858307148972443,0.5457574262704881,0.009173823066645237,0.989493631574981,0.3908622172752731,0.1527732728933428,0.009136684343993642,1.7915447670421767,1.9273908823186146,2.0055050911608636,6.46171914061771,8.670643441040166,Rayleigh,16QAM
-0.007903051921450922,0.00972009030483348,0.7048382775580845,0.7139518357169526,0.49679699751104733,0.5097272237236065,-0.005350611898434461,0.9461692292379754,0.33383371498858017,0.11144494926307658,0.010196766126709987,1.7851761997289055,1.7170326533095794,1.6759365127969852,4.11821776829337,18.13264468090295,Rayleigh,16QAM
-0.015803592898137365,-0.009198885344078343,0.7640126747311349,0.7746092924920435,0.583715367149823,0.6000195560150242,0.016507094669603546,1.0093924706136745,0.40644327583727224,0.16519613647333298,-0.0028927076050429086,1.8071058443976726,2.057633601609208,2.0494045411103192,6.410977196710203,7.049230214115474,Rayleigh,16QAM
-0.013057894046552889,-0.005814200432235449,0.7157960324179449,0.7074561004132628,0.5123639600252715,0.5004941340119405,-0.0009606587384809604,0.9518252672799781,0.32724771676546094,0.10709106812820736,-0.03183850384503919,1.8140358248607413,1.6706178475044926,1.6900282409071978,4.055620506799827,18.64397083785309,AWGN,16QAM
-0.014651571594459411,-0.008527588009100369,0.718451775872946,0.7245527999764915,0.5161729542549898,0.5249767599537736,-0.003425772982969177,0.9669717685106418,0.32619426944630026,0.10640270141960552,0.000508187207958325,1.8048738229303647,1.6710888426398638,1.6463244219428077,4.363353566457801,17.679990137893544,Rayleigh,16QAM
0.02209536998628582,-0.02520053459294372,0.729472389551819,0.7210238118650909,0.5321299671184407,0.5198753372764661,-0.00849587297903087,0.964183447827997,0.351395582852181,0.12347885564802397,-0.042390610858921145,1.7834320159481745,1.7681390239655805,1.7677849613171752,4.987542080433727,12.813149284852319,Rayleigh,16QAM
0.01055254932702557,0.010989389668302516,0.7225762441203787,0.7183017563701743,0.522116428567113,0.5159574132044773,0.022473135482271464,0.9620038890051571,0.3359382120169197,0.11285448229312489,-0.020814599777030457,1.791148336652836,1.7115826713754598,1.7115776922952568,4.790404163185475,14.855800173563415,AWGN,16QAM
-0.0065744070832457644,0.006100568304001793,0.7133287511089951,0.7056952902180643,0.5088379071587186,0.49800584263595804,-0.01812955093163162,0.9501940105459008,0.32257639696589874,0.10405553187950108,0.02584966440663312,1.7906572699586987,1.6400106942326922,1.6703586093142837,3.6122218570600713,22.852669334502274,Rayleigh,16QAM
0.0019518516942247672,0.03147944182160223,0.7641588095188663,0.7661439209139896,0.5839386861652909,0.5869765075534615,0.011853569627920987,1.0044300605173482,0.40376999917069684,0.16303021223030453,0.037703898706416335,1.8010883837857736,2.0578427903935754,2.000144184858477,6.7913955942512025,7.428289606752626,AWGN,16QAM
0.01887817850360443,0.0022425274733842136,0.7093275655445064,0.7074884530478834,0.503145595241296,0.5005399111960872,-0.007171095852091433,0.9431459459938012,0.3384119465177372,0.11452264554592383,-0.003294967803716423,1.7747533644009748,1.7337166323122526,1.7346510045859602,4.43085504189748,15.838859455822478,Rayleigh,16QAM
-0.020961403032775765,0.009025247709771473,0.7025787714174802,0.7077070766372672,0.49361693004649576,0.5008493063224667,-0.004034947488781461,0.9451415136450494,0.3188958937757469,0.10169459106703244,-0.011981725425807043,1.8119214678794033,1.671045938075075,1.6506148792345552,3.311722469012514,24.956234922153605,AWGN,16QAM
0.00036522790794403336,0.0297220559561211,0.7309560081442801,0.7536374298021161,0.5342966858422208,0.5679693755987395,0.013191015714462611,0.9838760639780986,0.3676105087910415,0.1351374861736084,0.054596600087102105,1.789126007269238,1.8789362566993388,1.8293912840758964,5.480292748738524,10.36932727599907,AWGN,16QAM
-0.019118688482767588,-0.002839423606226458,0.7171898212284497,0.727256716096877,0.5143612396736955,0.5289023311080135,-0.015631722726571987,0.9617387598712424,0.34452244501447254,0.11869571511875025,-0.0005278557557418674,1.811414251393494,1.7575179654551065,1.7549517788865654,5.206694955231895,13.636231216344187,Rayleigh,16QAM
-0.012031965445214633,-0.015249510615351552,0.8107859030183622,0.7900405128807594,0.657373780533301,0.6241640119928933,-0.007138672096504616,1.0405071444540321,0.44638547314265603,0.1992599906327929,-0.06211618544418146,1.8205040566389856,2.099872586677728,2.2843532934522774,7.797494705187127,5.225112996928206,AWGN,16QAM
0.000620664735128655,-0.001551140684794462,0.7880538668503546,0.7711915310120634,0.6210288970577965,0.5947363775047303,-0.011715703089008794,1.0206175369545192,0.4172623983604979,0.17410790908555485,0.015729009997055555,1.806132431522791,2.0745561437382563,2.0776015018223135,6.949755723207672,6.4613517429481,Rayleigh,16QAM
-0.006733667523609183,-0.0042150605501776435,0.7132624354605125,0.7190996328791996,0.5087433018390617,0.5171042820069998,0.003120551216236448,0.9622439893096734,0.31622333547229997,0.09999719789722677,-0.02334081566635089,1.790210167788621,1.6314816048129264,1.6063799507791545,3.433723380938862,24.652510662472817,Rayleigh,16QAM
-0.0038044985560291783,-0.011121099541588993,0.7178681081082486,0.7103539006112571,0.5153346206389161,0.5046026641136278,-0.01912250721443048,0.9513645954645229,0.3390882544610551,0.11498084431344525,0.0077299179388112755,1.800040891810931,1.7092592395806228,1.7298032266451302,4.435927200260598,16.430222718508922,AWGN,16QAM
-0.0107308191665375,0.01641444929819209,0.7094729846091608,0.7028872856025764,0.5033519158902304,0.49405053626175777,-0.0037482422086488653,0.9452418718928776,0.3229625990702094,0.10430484039818481,0.007468236408418708,1.791991374638679,1.6443681471835254,1.6665116737516485,3.4259532518092497,25.69911192667839,AWGN,16QAM
0.007160412033173359,-0.0037285037166161243,0.709697839462664,0.7152925021281089,0.5036710233379732,0.5116433636006906,0.008426256595674635,0.9560960125527231,0.31821372528521874,0.10125997495989666,-0.03002456529507179,1.7796878808045222,1.6401756760212316,1.623606728364665,3.352370454116161,24.064550303829513,AWGN,16QAM
0.02728091626454744,0.011902461332292846,0.7352801918496134,0.7370125689958305,0.5406369605264042,0.5431875268578338,-0.010687567868265573,0.9741263092336979,0.3684946919847994,0.13578833802097218,0.029567299407639323,1.7741122950116397,1.8682175045593148,1.841950586473829,5.720768496818172,10.383026915420853,Rayleigh,16QAM
-0.011679074768716189,0.015375365801911815,0.7192424925677076,0.7233453438454062,0.5173097631150089,0.5232284864628288,-0.009138980317770686,0.9640876030926132,0.33383550710188653,0.11144614580197372,0.04610753501939042,1.8082365774374187,1.6984307690073381,1.6752708952736886,4.239462618194352,16.39122131593946,AWGN,16QAM
0.006915279315215671,-0.0011317594709792861,0.7924107447649038,0.7842449294539496,0.6279147884188695,0.6150401093742305,-0.008678362526403605,1.0257503634614114,0.4368525971301877,0.19084019161939006,-0.018628906457668896,1.8199572810916385,2.165246376693775,2.1956731717774693,7.2016469587288015,5.836697109686469,Rayleigh,16QAM
0.004717652367130439,0.0007048523006842557,0.7329941363793053,0.7276956572426656,0.5372804039664436,0.5295409695698351,0.0131804528239536,0.9684145926346742,0.35918978739535423,0.12901730336911976,0.009324981335502323,1.8041740990303545,1.817668229232025,1.8655061763531378,5.521222158838523,10.977723463805159,Rayleigh,16QAM
-0.005147515549349632,-0.00010485716649506036,0.7195049320149226,0.7135858967972872,0.5176873471937984,0.5092048321079886,0.020001731485305086,0.9602950526685189,0.3236542893791304,0.10475209903350988,-0.05165846037771873,1.7920232292870846,1.619551399403175,1.645302862825447,3.33906884201077,23.357174827537325,AWGN,16QAM
0.026937009696542336,0.003117632096775658,0.7131741664327096,0.7130327733801866,0.5086173916669902,0.5084157359142405,0.01606836811869299,0.9563343659951206,0.32123671975542295,0.10319303011922415,-0.03235116615524242,1.76017491158994,1.650264901895583,1.6432167121946404,3.3759368078152896,22.353107536569958,Rayleigh,16QAM
0.00042969069643522295,0.03158208039066223,0.7001712730704114,0.7050841144350253,0.49023981163304065,0.4971436084286238,-0.0021871705661534796,0.9397304479334295,0.32448068929351925,0.10528771772439739,0.03149360618458651,1.7857772252047361,1.6690850068425462,1.6555659544813275,3.2181521275089935,26.84367373893362,AWGN,16QAM
0.0065669974072738,0.003000243820992943,0.711551283956928,0.7030640480263958,0.5063052297007529,0.49429905562726206,0.0014152471556785555,0.9452222879681066,0.3274312730547974,0.10721123857428531,0.002578522473442634,1.7859035090342081,1.6643508390508845,1.6966974982232983,4.008649267347541,20.082458884453867,Rayleigh,16QAM
-0.0006189852953338752,-0.004662283014394105,0.7098134406259189,0.7061916850900763,0.5038351204932049,0.4987066960903616,0.00524645271903014,0.9444613972483525,0.33250053491228904,0.11055660571695836,-0.02281311131489065,1.7881956435338928,1.6999682234284792,1.7164984390602671,4.2781299064849945,17.000664292811656,Rayleigh,16QAM
0.011257209354476298,-0.0037719842047098722,0.7102948741502161,0.7111431636369245,0.5045188082440712,0.5057245991875337,-0.00883180959734559,0.951385098505957,0.3244237266287822,0.10525075439970681,0.015430036467639874,1.7805774021660001,1.6660412040961299,1.6688913767066968,3.7898158182472668,20.039463350274673,Rayleigh,16QAM
0.00667402250462279,-0.019547274010771887,0.7061665026978676,0.7066643870227939,0.4986711295325375,0.4993745558863011,0.008814570596880985,0.9453632857685221,0.32366739384347387,0.10476058183742641,-0.07743890340775057,1.7824157253376522,1.667142642371312,1.6621187800769495,3.4260592067413005,22.74377493861221,AWGN,16QAM
0.003238294180773752,-0.0031343853788594754,0.7139190336347816,0.703992774053605,0.5096803865860204,0.49560582591969016,-0.007206995695920707,0.9475932461356603,0.32767905533417435,0.1073735633046969,0.013887012096125634,1.7881523663359482,1.6391650625138336,1.6841442560268236,3.5621148351111187,21.525231608135464,AWGN,16QAM
-0.0020577534179824324,-0.0016052585928665673,0.7023218665110115,0.709165085699508,0.493256004179511,0.5029151187751906,-0.010753218196712508,0.9438289857695179,0.32459941432520145,0.10536477978026379,0.04204691080910531,1.7878239907485538,1.6753418298999567,1.6479331960480748,3.626045138324887,22.916833909364584,AWGN,16QAM
-0.023849018023025102,0.012965722791874645,0.7026577763952665,0.7067004444589504,0.4937279507287403,0.49942551819847814,-1.6052110983391e-06,0.9429411020941059,0.3236548045942618,0.10475243253694981,0.004770678339248957,1.8096638247085364,1.6628349974369105,1.6532572763050335,3.18499518008072,27.147253378437124,AWGN,16QAM
0.010180827185658627,-0.020295897262984284,0.7823887723007944,0.7842574639522337,0.6121321910223443,0.6150597697647893,0.012685701286962784,1.023271553802975,0.42499748311333824,0.18062286065267222,-0.028367291099956664,1.7893991523291648,2.1019497707029196,2.0624611593500566,6.762790122230744,6.603437511943875,AWGN,16QAM
-0.0022834398478037035,-0.025635385028478078,0.704879177529121,0.7080655596502472,0.49685465491413006,0.5013568367628178,0.008610852532784815,0.9462483577142128,0.32169539049106716,0.10348792426320019,-0.06231815332966826,1.7866342881979533,1.6558737876196337,1.6471798347764788,3.193035959147459,27.682773918706367,Rayleigh,16QAM
0.018806767344432474,0.0005872750899717131,0.8061822573755625,0.7788484595854609,0.6499298321071576,0.6066049229986453,-0.010765980958642228,1.028763562291269,0.4455719104673904,0.19853432739756016,0.018095903112359216,1.803085052432055,2.161172294240778,2.2586529803886632,7.871946613394318,5.441652614668076,AWGN,16QAM
0.010777724819989386,-0.007839585247603396,0.7051381249263691,0.7120230702225928,0.4972197752246757,0.5069768525292073,-0.015631410219994993,0.9472705057629086,0.32718929553809695,0.10705283511471615,-0.002137393602898091,1.7723673684483154,1.6781381084095843,1.654159507489452,3.6820913474180337,21.771247504185162,Rayleigh,16QAM
0.013207085135382912,-0.010793658737505084,0.7026490609704481,0.7081029740748943,0.49371570288265254,0.5014098218937104,0.011293234394392879,0.9445172045400646,0.3214089377582704,0.10330370527089973,-0.026206274083538646,1.773115757097718,1.68143064981851,1.658141737882956,3.467385857158367,22.900639198074796,AWGN,16QAM
-0.0036938036411212276,0.011939222672141106,0.7142540908425236,0.7212068761435202,0.5101589062852798,0.5201393581966949,0.00817348450677563,0.9591255695696695,0.33246442742492854,0.11053259550298558,0.02255400899393999,1.7973539819873516,1.6904034113450204,1.6812544442471584,4.098877163245732,17.279565980598726,Rayleigh,16QAM
0.023070714550252815,-0.006274390379740738,0.7267406390959265,0.7141112548294063,0.5281519565135556,0.5099548842740292,0.00777234110958013,0.9587400172814935,0.3456820011154226,0.11949604589516301,0.011205533991348991,1.771252258576931,1.7379032448811988,1.762220586358276,5.499993999257548,13.45470038695331,AWGN,16QAM
-0.0012674758923616348,0.011440440703935429,0.7475546010658496,0.7574309820005714,0.5588378815747216,0.5737016924943499,-0.00633118832310172,0.9976937275048631,0.37051219999503576,0.1372792903451614,-0.02313546327049227,1.7992707198815423,1.849280972445624,1.8331419748287414,5.869579763950946,10.12268971251795,AWGN,16QAM
0.0029214669094231134,0.004817359771168098,0.7146638502133225,0.7163415358528281,0.5107444188017302,0.5131451959879886,0.005286277407424035,0.9602501711366834,0.3191253132325246,0.10184096554575692,0.015655529446937762,1.7944442165343903,1.6188148542474836,1.6138918832586349,2.942012404445425,28.84410588719615,AWGN,16QAM
0.014628146056644038,0.0078132166545368,0.7110663807644889,0.709084729598609,0.5056153978535091,0.5028011537499324,-0.0018246080704157226,0.9513647307425429,0.32186445860665525,0.1035967297141553,-0.002227276380600776,1.7788815169492023,1.6494616341013157,1.6478982646523224,3.3675536775233854,23.257871542892616,Rayleigh,16QAM
0.004207041273031067,0.0029321465636832173,0.7545571600859169,0.7296161559783911,0.5693565078369239,0.5323397350646839,0.009256370802909789,0.9831463879205877,0.3676217070577483,0.13514571950005294,-0.0028454389508865197,1.8003571041119324,1.807089210279568,1.878661949200859,6.101087629886829,10.562679254828401,AWGN,16QAM
-0.015924584526245667,-0.014564922617192475,0.7935113173667782,0.8041111069583249,0.6296602107891597,0.6465946723337427,-0.0006000406868942448,1.0420267332715465,0.4369220750128218,0.1909008996335099,-0.019115806975695912,1.8314415622427869,2.126379125529954,2.1624559492613433,7.313441526781252,5.822492901508598,AWGN,16QAM
0.007354723200574903,-0.006675470151013147,0.7095247683847826,0.7055567600951286,0.5034253969514795,0.4978103417159348,-0.0063802587681351525,0.948473833121848,0.31895419797465796,0.1017317804056573,-0.01834821696841793,1.7781195071560039,1.637004586587779,1.6508521219952241,3.235117606855969,27.176614910747976,Rayleigh,16QAM
-0.004301932837105499,0.01697437211725924,0.7160170681884257,0.7179046438092185,0.5126804419371487,0.5153870776028409,-0.007997961650140632,0.9596164241031021,0.3278878986276791,0.10751047406647514,0.04990155256664141,1.7930577057758,1.6875097848761778,1.670340234801831,4.31216653167236,17.21801202617369,AWGN,16QAM
0.026778739455311357,0.018223437956856398,0.7168392623160573,0.719892869891571,0.5138585279978293,0.5182457441207223,0.0033116582014400386,0.9600443032133087,0.33386884036101194,0.11146840256400688,0.02272557064582215,1.7622074271527475,1.7095162995148292,1.6875792256161446,4.535899234055894,16.05368788110099,AWGN,16QAM
-0.012713772876283402,0.007846572804871573,0.7233624257004962,0.7332462473964632,0.523253198915306,0.5376500593209953,0.021720079806454205,0.9663275046359081,0.35684397255099054,0.1273376207459721,-0.027902963166183542,1.8116474500054425,1.7822737089422351,1.7765956437173425,5.152722244848709,12.49887195448131,AWGN,16QAM
0.004856776338928407,-0.022016409607690322,0.7142935877737233,0.7166521236123241,0.5102153295346578,0.5135902662780538,-0.0012415935416100112,0.9602361817570627,0.3197817718784936,0.10226038162574891,-0.046559015660685855,1.7794389072928176,1.6193519851750036,1.6139935202322901,3.0660275876071887,27.74397086021673,AWGN,16QAM
-0.012232838363606106,-0.0004041210702626568,0.7745447885339798,0.7709884041904056,0.5999196294451474,0.5944231193960683,-0.004423843858887255,1.011729092186695,0.41339666001622577,0.17089679851257097,-0.004651915172932513,1.822541339781297,2.0607423893524786,2.1153857295305443,7.4932449937251775,6.7314584823938715,AWGN,16QAM
0.015737245403270362,0.00426725995236895,0.7486923667051175,0.7622231846297923,0.5605402599625101,0.5809841831871825,-0.004052445881315298,0.9950113066453892,0.389541799038193,0.15174281319791197,0.016524918678111945,1.7846221160396285,1.9669666741075544,1.93814962199813,5.97746375195949,8.355182720521729,AWGN,16QAM
0.004624753370807794,0.0043109200570009215,0.7092331852803698,0.7272695486427685,0.5030117111029394,0.5289209963830562,0.00022884383561687832,0.961577000522233,0.3276314269543444,0.1073423519281399,-0.004687304225074434,1.774289857821609,1.6943414650461672,1.6449369550064163,3.9336535656999336,17.881637995502807,Rayleigh,16QAM
-0.0035738457230130474,0.008590052894921145,0.7092903153733776,0.709858480825491,0.5030927514824655,0.503899062799874,0.005485077203498361,0.9497868487180332,0.32401129249857474,0.10498331766659695,0.004353797663385006,1.7874179620405988,1.6589857862372779,1.6464134278373097,3.4076889979646605,22.29593784037629,AWGN,16QAM
0.01135139015135212,0.006148632675378965,0.6995469370656191,0.715654425367213,0.4893659171578893,0.5121612565476759,-0.004687469607108324,0.9461872590978146,0.32622615494266405,0.10642350416867503,0.0007057207613596386,1.76704043912457,1.677287760331197,1.6217930372946665,3.206109400296409,25.873188647112148,AWGN,16QAM
-0.0231087937197205,-0.0011006007420003728,0.7302325987760785,0.7179866649038458,0.5332396483152653,0.5155048509797473,-0.0045791614710665954,0.9625088049153483,0.3505089548422615,0.12285652742461453,-0.032956154871252565,1.8215478775896725,1.7465578160639803,1.814870706069512,4.9378351011445005,12.081852789365614,AWGN,16QAM
-0.0013286006367601445,0.0031591269993667377,0.7170284025305067,0.7217617895087712,0.5141297300354504,0.5209400807949038,0.01085468716876946,0.9549161913990277,0.3510222549887397,0.12321662349737977,0.02619340172226812,1.8009878380331066,1.8175649424585194,1.7883993416934694,5.181500286133232,12.499055630074494,AWGN,16QAM
-0.008582228921105089,-0.022364435337901212,0.7263047780176453,0.7144947082489156,0.5275186305712609,0.510502688115703,0.002994516536042466,0.9635507895365629,0.3319111587332781,0.1101650172916673,-0.017380962831329373,1.808309125777328,1.6544708119387697,1.700956993326012,4.467651562262014,16.58146454587426,Rayleigh,16QAM
0.016654171327223178,0.01613725390034863,0.7637580617526208,0.7742275717168624,0.5833263768921202,0.5994283328065894,-0.01519089749237137,1.0112030087437927,0.4009500682033256,0.16076095719225147,-0.008697225620777942,1.7831327321558454,2.00999789449195,1.9810114859432384,6.205621581836218,7.725584525950447,Rayleigh,16QAM
-0.015310511003576171,-0.007480537830240518,0.7019538091321834,0.711565485230537,0.4927391501551817,0.5063254397713696,0.006035986535575895,0.9446329338467685,0.3271445864018203,0.10702358041201807,-0.0020959232364600867,1.8030974208337818,1.685088914349633,1.6570675041781093,3.571968645956722,21.46485119087793,AWGN,16QAM
-0.023074370728611283,0.010417076657915421,0.7081248258560439,0.7174910428141154,0.5014407689936524,0.5147933965184867,0.011155261794012928,0.9532083371602837,0.32904251024887937,0.10826897355088387,-0.004286832350934168,1.814441500278827,1.6828839787247918,1.652558388933642,3.7109302314883275,19.488324265511668,Rayleigh,16QAM
0.004414801960951986,0.01105739511559042,0.7031187969817869,0.7124258047585147,0.49437604266911533,0.5075505272858173,0.002916589411944519,0.9482961438010066,0.32062867942554696,0.10280275007017015,0.029013753422211554,1.7801596323695532,1.6910953066222298,1.6599509318684804,3.9838162388964666,19.573525173811305,AWGN,16QAM
0.0036941717098534547,-0.026960165063966895,0.7337700833256401,0.7295589160563529,0.5384185351837167,0.5322562119973205,-0.0028235706155149837,0.965578825224913,0.3729246262493434,0.13907277686321248,-0.044877125270405445,1.8016592386857908,1.8866931768817974,1.9057857326226806,5.472890956721085,9.935718673925276,AWGN,16QAM
-0.01682526565308878,0.017086173984539047,0.7133466566275262,0.711405101692612,0.5088634525216696,0.5060972187142755,-0.0003822463812011321,0.9550681406608339,0.3215284510526706,0.10338054483632957,0.046684100440854075,1.8068569610964038,1.6253928349333349,1.62966206328548,3.153761629762708,27.909879211712433,Rayleigh,16QAM
0.010933293509935728,0.010087174121316388,0.7159115099814336,0.712962786719667,0.5125292901238963,0.5083159352470733,0.01535882011637641,0.9571955957692491,0.323794849865853,0.10484310479965027,-0.024845083185828076,1.7812628967506956,1.6253784777452667,1.6391835936396848,3.252978127986465,24.02133620817407,Rayleigh,16QAM
-0.017671287898296324,0.007656267420992663,0.7168228061823478,0.7146215887839548,0.5138349354631359,0.5106840151561037,-0.004156567669604029,0.956992451672448,0.33023520543395035,0.10905529090800338,0.016689407433109652,1.8069469474130906,1.6976138847208733,1.6931987525177266,4.371843512502849,16.614218508795066,AWGN,16QAM
-0.014301059773658125,-0.0029894255113869133,0.7983111042721928,0.7845414022318018,0.6373006192042878,0.6155052118158418,0.018138661095983725,1.0318337953768626,0.4339796155510609,0.1883383067138466,-0.013229189264635887,1.8140797925997656,2.141750277647517,2.1119275208685018,6.599125334966239,6.15484512115471,AWGN,16QAM
-0.005375312020286248,-0.03725323008763392,0.7067889368891754,0.6994867687306896,0.49955060130893075,0.48928173962930127,0.02767144286151309,0.9375208253251351,0.3336221517693143,0.1113037401511874,-0.10604197851925291,1.7975675149764474,1.69211082003251,1.7239336109447607,4.1105624514417975,18.813498218102282,Rayleigh,16QAM
0.008408914711204037,0.01369825413747886,0.7353278603767116,0.7328954820992165,0.5407070622461927,0.537135787681443,-0.004548942264269474,0.9714253645618759,0.36665237354543007,0.1344339630264976,0.05816653754819634,1.786609964185312,1.8194827649760972,1.8161157195540116,5.380233750320445,11.653326844593273,AWGN,16QAM
-0.00924126168459498,0.002356864777281688,0.8020610235226896,0.7747020476538505,0.6433018854542645,0.6001632626390689,-0.015285146851651369,1.0313176361219272,0.4241933960427898,0.17994003724631516,0.02272183106691045,1.8147848934793727,2.0695637739150325,2.089724462403585,6.7889124066659,6.3568742058663315,Rayleigh,16QAM
-0.007753998769352466,0.002446403574707914,0.7494525034468437,0.74797581399386,0.5616790549227413,0.5594678183197774,-0.0007474915083491972,0.9851272809881969,0.38824891871412354,0.1507372228826861,0.02216041261679111,1.8083909038422645,1.91478925924119,1.9693445311217381,6.666290268524492,8.985674365654438,Rayleigh,16QAM
-0.022111792959990214,-0.0006096903782997186,0.7119897227083428,0.7141337087814814,0.5069293652423029,0.5099869540179938,-0.007927528755191137,0.9512154496991575,0.33555147239162736,0.11259479062418906,-0.010115297601152625,1.8109322733057778,1.711396960349843,1.694359091630969,4.5427298292724,16.93576959691904,Rayleigh,16QAM
0.0013838725104942987,0.0004015729979655518,0.7026367574503237,0.7215250213063514,0.4936984129203051,0.5205983563711309,0.009351286517716578,0.9478891799435025,0.340301260946045,0.11580494820146821,-0.010437487841346989,1.7944345218054187,1.7712121019569214,1.7308462797366808,4.769910522131541,14.77368236675464,Rayleigh,16QAM
0.008566265596936995,-0.0017579603884961222,0.7056416730610834,0.7056750438054673,0.49793017076044493,0.49797726744984816,-0.006162291281753955,0.9436961788997351,0.32468666660541695,0.10542143147133717,0.03941493182230111,1.77645526523395,1.6612212591054392,1.654812523624575,3.4112190488010246,23.859751678571524,AWGN,16QAM
0.008551557950551406,0.0028674822806844173,0.7537073010110132,0.7662143682729645,0.5680746955973062,0.5870844581479381,0.002275926843710657,0.9998126053389266,0.39448100023783644,0.1556152595486439,-0.0013578044399881798,1.799530128367372,1.9810506154809846,1.9774224478330025,5.9502125348804125,8.014652065295408,AWGN,16QAM
-0.0014863111702307942,-0.0038573170614174166,0.7429099942071304,0.7383731392140921,0.5519152594928386,0.545194892712873,-1.768015297160026e-05,0.9773021878662426,0.37683905558391123,0.14200767381337412,0.010729480100995444,1.81307418431545,1.8929277288463315,1.90151545494211,6.522721114912903,9.818326969334798,Rayleigh,16QAM
0.0039110620391772585,0.009855097986240718,0.7147049710099778,0.722844749101491,0.5108031955863731,0.5225045313035974,-0.019564346495300387,0.9596127780065195,0.33550478765462327,0.11256346253917383,0.03998733432039787,1.7797212372342706,1.7220549241985768,1.7000824690872092,4.40633140284352,15.206525993809898,AWGN,16QAM
0.013447058068108352,0.017612743372090213,0.7167988131805034,0.7079263565149477,0.5138005385769783,0.5011597262485289,-0.0013478636950673985,0.9541329557110959,0.32416292161703714,0.10508159975129336,0.009940300879368997,1.783765130967049,1.6341152176498641,1.6666429640944993,3.6450131235257976,21.057803014092244,AWGN,16QAM
0.0013999367296098884,0.009579063560223781,0.6995592237647588,0.709046294482406,0.48938310755435177,0.5027466477192308,-5.66270814914725e-05,0.9416676362938503,0.32478536960872073,0.10548553631187335,0.03486782429887567,1.7840923596256766,1.6810254171711385,1.6510919409145273,3.3654606907036024,24.404683828628503,AWGN,16QAM
-0.016583555563064883,0.02522340044824683,0.7095722478630417,0.7407276773441214,0.50349277493741,0.5486774919836168,-0.0032119567912081803,0.9634197540712105,0.35341742830777434,0.12490387863168081,0.0607236601659535,1.7985552763048935,1.7911623735557551,1.7095962600475911,4.751008070287381,13.445611191980085,Rayleigh,16QAM
0.008923428021104273,0.0034513261319031514,0.7130775238315655,0.714552970613125,0.508479554993757,0.5105859478120415,0.0015130731222725746,0.9475724315098241,0.3482291329973346,0.12126352906807536,0.013078339676895818,1.7872270789115503,1.7931575745499322,1.7816451571645773,5.840074469751873,12.951608449776437,AWGN,16QAM
0.005804614360221972,-0.029315688030825425,0.7138582975575535,0.6965187186631527,0.5095936689917686,0.4851383254481601,0.005855496473726531,0.9442973832966005,0.3223779605551742,0.10392754945171347,-0.05227171744940619,1.7885247744960175,1.6226003671222256,1.6815152346273055,3.1970375138454754,28.99434770269562,AWGN,16QAM
-0.021828152955423764,0.005120323795996557,0.7091722047479405,0.7217616404867849,0.5029252159870549,0.520939865678175,-0.011785678738368954,0.954568342828952,0.3364031012211979,0.1131670465112395,0.024058601196763854,1.8142987558424843,1.7353702735609071,1.6975738644763878,4.602940929279511,15.94685449038616,AWGN,16QAM
0.016302272962210956,0.006842340476706049,0.7180447588966242,0.7009107717118411,0.5155882757789112,0.49127590990168873,0.006429973647548006,0.9478990474513231,0.3296424779187412,0.10866416324840777,-0.014663301986099076,1.7727982876805601,1.6469321317722174,1.6986756867055943,4.0157825079326805,20.01014523543168,AWGN,16QAM
0.01638553626089708,0.011605830067560639,0.7007186427597051,0.7200772814281182,0.4910066163110031,0.5185112912289094,0.0002915631246466242,0.9531354868123706,0.31851818222665434,0.1014538324089722,0.03372873267497156,1.7605172215566902,1.6695190901798456,1.5975202885574182,3.053318139174786,29.671326253760807,AWGN,16QAM
0.02491445285036172,0.005346050780123892,0.7259166975877261,0.7155294519648359,0.5269550518366702,0.5119823966290984,-0.01421656753284103,0.96324416218428,0.33428646802323553,0.11174744270344966,0.031157856309667806,1.7602094452696837,1.6536504974582706,1.6927841440878657,3.9299408763014614,17.31255041985058,Rayleigh,16QAM
-0.016559498895350487,0.0036248802862732755,0.7174340365213946,0.7081161940861425,0.5147115967593817,0.5014285443270433,0.002295896197458334,0.9546291610630367,0.32420774619873355,0.10511066269526242,0.01362587220940285,1.816544295401247,1.6301513533254144,1.658168685692476,3.5816671747836852,21.791707063821427,Rayleigh,16QAM
0.0032688728546072425,-0.0003328271664634046,0.7813405425554566,0.7804668836970876,0.6104930434408553,0.6091285565478433,0.012023932928605884,1.0210583187350295,0.42079960317751686,0.17707230603435567,-0.020102463915331357,1.8106624739420758,2.0782407448655107,2.0692122318674935,6.559763337382282,6.447474109399479,Rayleigh,16QAM
0.007775659201029823,0.010408539874708305,0.7152881927964824,0.7008821234020527,0.5116371987540578,0.4912357509045702,0.004178812237497827,0.9474590260466494,0.32459689185156465,0.10536314219969636,0.022494087715251337,1.7867311349515618,1.6239071407305339,1.674576801643009,3.123305029691062,26.36127299218927,Rayleigh,16QAM
-0.010468620658154274,0.006366797922183998,0.7565421784681357,0.7711214125452281,0.5723560678013124,0.594628232885748,0.015404519908813155,0.9980270692166104,0.41361382705638583,0.17107639793222987,-0.01598761772404617,1.8134052822239637,2.070668903397429,2.03155300834388,6.972776638963093,7.261596611059163,Rayleigh,16QAM
-0.02332975351529393,0.02184382516066562,0.7033244322438917,0.7084959030473974,0.4946652569911926,0.5019664446349471,-0.01669095390841173,0.9455622033901644,0.3218155546936961,0.10356525124281132,0.05253489439496984,1.815248120873372,1.66232616417051,1.651325228516153,3.202549414616969,25.81667895977529,AWGN,16QAM
0.01026673249635148,0.013863250696102945,0.710546866298103,0.716460901711659,0.5048768492060542,0.5133162236814836,0.011498775588890994,0.9503724296271612,0.3395333759855122,0.1152829134081192,0.010896579303996764,1.784670846912444,1.740127744917365,1.7430318762823496,5.375928800010965,14.717592805515753,Rayleigh,16QAM
-0.01016394195265659,-0.026321194110628585,0.7094860155459946,0.7140984713539859,0.5033704062553312,0.5099366267900993,-0.011537657770968159,0.9536855821447697,0.3233990637433083,0.10458695443004837,-0.03429572287766823,1.792729591460448,1.6609435727673845,1.6355051509799203,3.3982388153952456,23.288087438386228,AWGN,16QAM
-0.006626605102015179,-0.014429584427812461,0.7038467564266083,0.7090964419186299,0.4954002565322573,0.5028177639416608,-0.007792691327979354,0.9443387416708222,0.3266412194678189,0.10669448625542381,-0.01148118157272096,1.7887761364466104,1.6605505661479758,1.6367300158640234,3.126988292099124,26.845168167991407,Rayleigh,16QAM
-0.023287746087968714,0.009769111836612799,0.7083976509131051,0.7072124648574931,0.5018272318192056,0.500149470449811,0.0017909280391856638,0.9477127015459313,0.32319513031830066,0.10445509226146334,0.01245142326736727,1.8068669932367494,1.655967369694298,1.6513288082792814,3.3767016980053826,24.293392850401155,AWGN,16QAM
0.005710458867176546,-0.0152535269410323,0.7280813609497231,0.7354268119119766,0.5301024681624009,0.5408525956790138,0.00254892590048471,0.973002633748099,0.3528260449361581,0.12448621798529187,-0.04884535209859423,1.7964858133354036,1.7936585441124653,1.7860978331666986,5.4482683174555016,11.811100549176558,AWGN,16QAM
-0.022589842154262872,0.02120797065902006,0.696438965215306,0.715968053690154,0.48502723227016625,0.5126102539048673,-0.0002577000708109251,0.9453884206843363,0.3237874290318238,0.10483829919903831,0.024884078193556945,1.7962287105402452,1.691584638341366,1.628335514352227,3.4048111095234863,24.241175968840043,AWGN,16QAM
-0.0015373264752187202,0.00537254392589289,0.7070190778310478,0.7013644441567356,0.49987597641706527,0.49191208352728666,-0.003874433367251201,0.9428011656028994,0.3208508215403123,0.10294524968309332,0.02408039806033932,1.7953640935207629,1.6459260086810867,1.6651223200006167,3.12542185106743,27.61487640050812,Rayleigh,16QAM
0.010786948320792702,0.028815018031614903,0.696654650768301,0.707272514536513,0.48532770243710344,0.500234409818802,0.013051081207166472,0.9396913683654994,0.32169691946538564,0.1034889079935188,0.03330643008677184,1.772190305203276,1.6829157443369107,1.6442017862655411,3.1019938559403872,29.229733895394563,AWGN,16QAM
-0.004421742824088887,0.001781898720603486,0.714528749274817,0.7036603240842446,0.5105513335402343,0.4951378516903442,-0.004442239946442291,0.950792620124061,0.3189126929440948,0.10170530572085448,0.036452836274271136,1.803437764559611,1.6177873258401902,1.6579830979978707,2.9400289713134393,29.02609943931787,Rayleigh,16QAM
-0.01135151495161436,-0.009360022595984582,0.7966019563915228,0.8029615287941766,0.6345746769268015,0.6447472167234813,0.0028848929066582563,1.0410186041039693,0.44251398449585777,0.19581862647440024,-0.043546459050733836,1.8124053914867069,2.153466001041891,2.1919643200479575,7.035453309090473,5.732201392099835,AWGN,16QAM
-0.014362865795548,0.001919136232438332,0.7033600282318283,0.7193734055538193,0.49471532931427825,0.5174980966180999,0.013118653678881194,0.9439988217289279,0.34826660119011366,0.12128962550451368,-0.031695278078638436,1.8032942364677502,1.7608286875897952,1.7207669101955367,5.032674219967825,14.927335959282333,AWGN,16QAM
-0.031066388483116956,-0.01310206914216264,0.7118473269161758,0.7146461768380422,0.5067266168377048,0.5107191580692303,-0.009664392866775132,0.9567170769854411,0.32136427029238773,0.10327499422055883,-0.023847512266331517,1.8258193270134015,1.6718291024154683,1.6451038718083213,3.778944828189452,20.736406931908704,AWGN,16QAM
0.026602234819346756,0.0018998120335890828,0.7574843673159009,0.7620542347613829,0.5737825667279707,0.5807266567177569,0.004293068779042871,0.9996875363731614,0.3947725183558665,0.155845341249033,0.004592327255932086,1.78840211745628,1.99076595851126,2.021623413521688,6.567455324232102,7.660717972674522,Rayleigh,16QAM
-0.010940363400739858,0.010669698781858042,0.7085023556474639,0.7023863269060215,0.5019755879580055,0.49334655222453255,0.022287522901032558,0.9401453100157403,0.3341892731093885,0.11168247026138146,0.005722557801950692,1.803934594555522,1.6920556346377456,1.7283557804704255,4.10961512581222,18.36457125675895,AWGN,16QAM
-0.01915741914388609,0.0033797596712316527,0.7038696902625455,0.7134583129915673,0.49543254087029176,0.5090227643767732,-0.01252161566020811,0.9434252301260315,0.3387957642775355,0.11478256989239938,0.033271229114699874,1.805906689006788,1.7673052806550806,1.7229777493391125,4.551468829530686,15.319480141686565,AWGN,16QAM
-0.0006525182248887385,0.024239935141452684,0.7134095642201501,0.7120655486010223,0.5089532063207846,0.5070373455044749,0.001989971529893961,0.9518007538715412,0.3326467751091552,0.11065387699052086,0.026608768170265522,1.7839766914954436,1.6691241446441467,1.6702503197971785,3.799760400031448,18.633482449316176,AWGN,16QAM
-0.016762829769495148,0.0073512932747507986,0.7208746416255699,0.7169658429079574,0.5196602489387939,0.5140400198967178,0.010800385674443249,0.9577556316644228,0.341671556945097,0.11673945282528664,0.020513420412098134,1.8143576250123832,1.735892235552525,1.730698179388735,4.941660247935459,14.383477914345132,AWGN,16QAM
0.014274075560394206,0.022074703509865352,0.7252970017280636,0.7208107082824505,0.5260557407157187,0.5195680771746479,-0.004813506024107068,0.9612811535544034,0.34964754178977836,0.1222534034796348,0.03492637948438122,1.7811841255099183,1.7650606671764626,1.7573485197180148,5.096504883236552,13.241056014509235,Rayleigh,16QAM
0.008374734688318479,-0.007599303672454801,0.7145811828899672,0.7014494383247745,0.5106262669404247,0.4920313145261416,0.011503574014674943,0.9464418424843646,0.3271594502055126,0.10703330585877331,-0.03337706077993103,1.7901436555367511,1.6370768671357043,1.6883672970211674,3.7789824180501146,22.95254540535572,Rayleigh,16QAM
-0.003590448901465051,0.016533699015621798,0.7133145505995472,0.7070628324830428,0.508817648097034,0.49993784907894345,0.006479383639139337,0.9516488200666934,0.3215684607795063,0.10340627496810088,0.00960784762605989,1.8021709056894528,1.642206881110851,1.670172418031051,3.5405234827179246,21.905546946049334,Rayleigh,16QAM
-0.007591774332659578,0.01090948763538942,0.717374084548709,0.7027835560777443,0.5146255771820983,0.49390472669328,-0.008288857389469613,0.9495281711960774,0.3272662645895479,0.10710320793839598,0.011029426586660061,1.7920701710516538,1.6283213384085902,1.6747646664378446,3.6931388725018155,23.13537783979094,Rayleigh,16QAM
0.009295416855516483,-0.0005012749266655326,0.7176983854009817,0.7177724290739979,0.515090972407176,0.5151972599387873,0.01363187936032231,0.9580088840177455,0.3355500954255671,0.11259386654010718,-0.04729936342199724,1.794485260774623,1.6999277496810403,1.7143269461730728,4.512024692762185,15.579070524279857,Rayleigh,16QAM
-0.01604738879909436,-0.015232124857475032,0.7172910946518603,0.7070681049801295,0.514506514466864,0.49994530508019147,0.0023647886637627553,0.9529719915326109,0.32678087339434037,0.10678573921636791,-0.05405822533035336,1.8151584882290193,1.635868122619091,1.6788683569660268,3.611154456341756,21.358943892179514,Rayleigh,16QAM
-0.02411632892463793,-0.028169149436544128,0.7210280794076741,0.705556215306618,0.5198814912943193,0.4978095729577987,-0.006830542785929705,0.9550246356382494,0.3270995381790179,0.10699410787692676,-0.06469970894113375,1.8135853723845101,1.6318940358504603,1.6778982651951202,3.8637738154526495,20.544071956134008,Rayleigh,16QAM
-0.022912317953195073,0.017430808157360943,0.7893126975994844,0.8004633569887039,0.6230145345917751,0.6407415858816252,-0.015521674829706131,1.0407279369043376,0.42599329713887296,0.18147028920724811,0.005843772705232388,1.828070455900558,2.1414840400745523,2.152157468720559,7.297135101341619,5.727715502284468,AWGN,16QAM
0.001175038753478502,-0.0128993213750051,0.7023654143309621,0.7065630308421946,0.49331717524830415,0.49923131655290814,-0.012948590133429659,0.9423660921584186,0.3235157080564884,0.10466241335929101,-0.02272886358928678,1.7901511346967,1.660916089053726,1.6454122203049624,2.9905861341950053,28.805520547790394,Rayleigh,16QAM
0.003489273620370127,0.0038002664728876688,0.7814972153296834,0.7804883794565248,0.6107378975680495,0.6091621104666723,-0.020437725393099123,1.01868630926104,0.42685457525310094,0.1822048284145052,0.01765410324793686,1.7906254751143578,2.0888693956895765,2.0794605674826667,7.247193635985295,6.5885327947791685,Rayleigh,16QAM
-0.004790144947899984,0.008929415593287568,0.7122853443307074,0.7156819629877594,0.5073504117483145,0.5122006721460126,-0.005842929304468429,0.9551401745576815,0.32765990110434356,0.1073610107917082,0.031616527109314944,1.798860756707807,1.7045789663734892,1.6867365353338881,4.3030276594928685,17.246813099191613,AWGN,16QAM
-0.02709517614157775,0.0001748727857245408,0.8004665558201949,0.7866276087766497,0.6407467069866452,0.6187829948896698,0.00282675760698959,1.0367925432824465,0.43049402228238376,0.18532510322086554,-0.006751184426631613,1.830370482193623,2.1779947014564804,2.072259675583081,6.882024649075377,5.936437641165666,AWGN,16QAM
-0.012487937946334553,0.011607930923069677,0.7138591054675384,0.7199762364065433,0.5095948224589141,0.5183657809901306,0.005209395678174236,0.9559968955990817,0.33811422878729863,0.11432123170842973,-0.0005210764532227137,1.8044408872931574,1.723420409299221,1.7062252846552077,4.750003410888278,15.463170494926482,Rayleigh,16QAM
-0.028130403219337425,-0.0020444683561882697,0.7086845054396439,0.7035281243811157,0.5022337282502327,0.4949518217952106,-0.014808275285704347,0.9449467009779902,0.32412463928618246,0.1050567817923979,0.016326256653621512,1.8165355086595245,1.666192657633458,1.6806607558645688,3.5583633012806093,21.552543514754593,Rayleigh,16QAM
0.019325805518643158,0.0024892398401944564,0.7305665945567188,0.7255013510052657,0.5337275490822012,0.5263522103104658,-0.001138927146776545,0.9667937452850424,0.35463967141919434,0.12576929654431412,0.012259792804577101,1.7790838622531677,1.7664920502291364,1.7815730638233331,5.171048887967795,13.153095080535033,AWGN,16QAM
-0.0011630192878131448,-0.01405788648440525,0.7121523352363286,0.7104757081893118,0.5071609485825561,0.5047757319271041,-0.004437305861526671,0.9531145605467867,0.3220377179301181,0.1037082917696383,0.0028555519909254923,1.789044257747096,1.6509346435981558,1.6447287219655755,3.5404497911872053,22.51111759802607,Rayleigh,16QAM
-0.014633353076278265,-0.009380090917193787,0.7098797356448546,0.7122150029823854,0.5039292390792086,0.5072502104731993,-0.0021571702602976852,0.9530171500232448,0.3213096363974317,0.10323988244184978,-0.021589714876733664,1.8029947675114708,1.6354386240663603,1.6320053943180768,3.0324637531370264,28.371038438398003,AWGN,16QAM
0.0038143503541168966,0.00398235315182019,0.7264347315901802,0.7184325025965858,0.5277074192604971,0.5161452607871932,-0.0017641110624558422,0.9633087691936212,0.34046924038393106,0.11591930364761102,0.012032488304603297,1.7891698865839818,1.7107579117872762,1.7214077439233353,4.553428817278121,14.541613824197647,Rayleigh,16QAM
-0.0015062377100114666,0.0033062629943135077,0.7164251556431883,0.7179539797163,0.5132650036383666,0.5154579169904734,0.0019857357970929574,0.9602216910238888,0.3266656162547409,0.10671042484308962,0.009258369796536091,1.7964142035151236,1.6677606696987737,1.6617799962733777,4.127743280548243,18.182049952181906,AWGN,16QAM
-0.015742772783278684,0.0020885560405507716,0.7131442529335903,0.7093397617118988,0.5085747254922086,0.5031628975454935,0.0004443149392745718,0.9523123073026349,0.324177558382554,0.10509108935887423,0.008374391608070587,1.7983163270690639,1.6505482777033038,1.6593332707968076,3.6206882304264,21.10024959768122,Rayleigh,16QAM
0.010294172425217003,-0.0021044796536126642,0.7096399603498175,0.7109564532859098,0.5035888733252906,0.5054590784688802,-0.009452389870573548,0.9511492870028037,0.3232234280629452,0.10447338444876189,0.038432308614265345,1.7707438334390901,1.676688463888458,1.655136525619482,3.9273995478231862,20.58911405101484,AWGN,16QAM
8.815653617669771e-05,0.007457498531858545,0.7070422215346377,0.7040382184255407,0.49990870303263574,0.49566981300380936,0.004110716361861364,0.9386116138660981,0.3385888013624361,0.11464237640805121,-0.01247456486162654,1.7956072778221372,1.74096001774573,1.7365451767972908,4.810743634697278,16.3144239278834,AWGN,16QAM
-0.007842501482049104,0.008634991812127702,0.7453510708041073,0.7419213764502055,0.5555482187488294,0.5504473288337676,0.012128275286165446,0.9825727967124829,0.3750764117567221,0.14068231465629813,-0.0018857492546008035,1.8140454361049363,1.8585139108256354,1.8584939428181038,5.400013519614798,10.217169514731971,Rayleigh,16QAM
0.01793713966598792,-7.641593247458604e-05,0.7362928353277072,0.7382393619776358,0.5421271393549142,0.5449973555731468,-0.005745243667205697,0.9770554748702152,0.3644294729752129,0.1328088407729914,0.02663727248171822,1.7898975173353595,1.8173796373343127,1.838596357853686,5.177627940495528,11.183021183139118,Rayleigh,16QAM
0.005180266803395584,0.0007451587855737365,0.7085635287759678,0.7116090308521225,0.5020622743114518,0.506387412790297,-0.012601872421690141,0.9504042825139436,0.3243590253202071,0.10520877730667476,0.019233023989966402,1.7897755130055237,1.6648479371807896,1.655998955340481,3.741832632283228,20.109795947628548,Rayleigh,16QAM
0.024884168135627945,0.006053894489775999,0.694871888940144,0.7115200999234503,0.4828469420392438,0.5062608525950768,0.005426753010260831,0.9396664362785646,0.3267883942678479,0.10679065462815841,0.001597996302424641,1.760095289003086,1.7304913408183678,1.6640399330322724,3.6872565492092164,20.41774839856801,AWGN,16QAM
0.001621050624040862,0.015293576496219808,0.7184303932025597,0.7198875924829263,0.5161422298771846,0.5182381458108638,-0.0025139552502035914,0.9574690000728326,0.34332202212318097,0.11787001087474996,0.029675583955867633,1.784505382713878,1.746219389791241,1.7373201218919163,4.925932862427532,14.183315123356687,Rayleigh,16QAM
-0.010178567655098732,0.00831096069203745,0.7035442114709923,0.7125299853945859,0.4949744574943404,0.5076989800864088,-0.0019281636906900198,0.9483057582137685,0.3218109721971777,0.10356230182649269,-0.022380780842156344,1.7953464762811355,1.6547984815989973,1.6252961750231418,3.0137933911010224,28.09081099276892,AWGN,16QAM
-0.008681839078194167,0.002825340412520344,0.716984050925202,0.7059266765982946,0.5140661292811126,0.4983324727331132,-0.010009594421835868,0.9494266819166353,0.3332730630537374,0.11107093455722042,-0.018863756009728734,1.7987302190655412,1.675878765637717,1.7239072642565256,4.231871806459362,17.146687287959338,AWGN,16QAM
0.01992494966617193,0.0023451065834259564,0.7090223955150866,0.7134792813044168,0.5027127573419519,0.5090526848506672,-0.014693460631550054,0.9510081269632576,0.32825521745517267,0.1077514877865427,0.039528341080595226,1.7704233610628697,1.6628495901156297,1.6466240357138326,3.7362695032881152,21.063560584212254,AWGN,16QAM
-0.002827486648167169,-0.0055906032079782566,0.7684624601767852,0.7721542509444981,0.5905345527009571,0.596222187251659,-0.0027787351554975797,1.015251298185707,0.3950453024778645,0.15606079100982748,0.0024850182728866003,1.8076927814790016,1.9481287885918988,1.9303759988211584,5.825157236093036,8.216568021028177,Rayleigh,16QAM
-0.00794678429222835,-0.008444332705923542,0.7199366824993791,0.7115805696725616,0.5183088268082118,0.5063469071355272,0.010162734642776453,0.956670282960659,0.3310168602641672,0.10957216177914722,-0.01035972243188071,1.80569562473819,1.6830462146547285,1.7046203720794197,4.2880940482514065,16.720337768836156,Rayleigh,16QAM
0.016717048760712668,0.004617255692234583,0.7161259797580464,0.7160021870883777,0.5128364188844219,0.5126591319153402,-0.018934515643725936,0.9567918993391481,0.332183068394738,0.11034559092814318,0.061008366480799464,1.772227949465734,1.6927674061458364,1.6940412998511674,4.541516416515608,16.60389444987232,AWGN,16QAM
-0.0047955780528739006,-0.0037928289018988037,0.70956058219767,0.7030246272613074,0.5034762198086965,0.4942436265359002,-0.001920215236757049,0.9456346494500046,0.32176441572073183,0.10353233922410393,0.012578855025996212,1.7902331392180733,1.6545323838224546,1.6746805068739656,3.4783305550527666,22.708470775362294,Rayleigh,16QAM
-0.0026205564294389835,-0.0015116199818478828,0.7072414103058988,0.6971763255679033,0.5001904124514767,0.48605482893236307,0.015040338455794887,0.9406979672414504,0.3183421557422331,0.1013417281226122,-0.05081071779112831,1.7859487600496213,1.6432218174666504,1.6826756210711011,3.0496655503075525,28.673057443584902,Rayleigh,16QAM
0.003038298758261996,-0.009267718280819334,0.7168123735178079,0.7214879898593116,0.5138199788282334,0.5205449195112302,-0.009440593497510311,0.9551779729421541,0.34942103572489486,0.12209506020705824,0.00976549541320431,1.803393664324447,1.781151640690016,1.7698942008087801,4.68658220485421,13.16640952132412,Rayleigh,16QAM
0.005425444275767766,-0.008226015700204084,0.7642546773859471,0.7612591026400631,0.584085211906298,0.5795154213523541,-0.00764244624518921,1.0065425222586313,0.38803335800388855,0.15056988692377396,-0.01385237691318167,1.794693266820918,1.9050628655301334,1.925406515174571,6.053487508891518,9.109883804721015,AWGN,16QAM
0.018513776667477694,0.006610080017079806,0.7303618837894837,0.734228999890055,0.5334284812925233,0.5390922242795503,-0.008726381515391094,0.9732013211538456,0.35466370995748725,0.12578634716080864,0.033250307753095544,1.776654594810501,1.783739803077749,1.7858246043112957,5.788453919790956,12.153021118750424,AWGN,16QAM
-0.026948687241330236,-0.021768797038681682,0.7094359917868684,0.7094062234104535,0.5032994264426176,0.5032571898134822,-0.010589927692687625,0.9517927566677105,0.3191352015674907,0.10184727687952293,-0.040220018023207384,1.8104040338474836,1.6366860976709172,1.6451640962293397,3.25824182034535,26.043274837332955,AWGN,16QAM
-0.004770502038416736,-0.00417305133975685,0.7125331013307027,0.7042846296831317,0.5077034204919495,0.4960168396079059,-0.008474066567116089,0.9449298363655069,0.3329685217753988,0.11086803649329424,-0.010259360097400418,1.8069833044246084,1.680822652423344,1.7261104790364687,4.369015092482999,17.088061491179634,AWGN,16QAM
-0.011528334760958658,-0.0027085737590900856,0.7098805704148837,0.7049129082395827,0.5039304242525607,0.49690220820278636,-0.020730069162306155,0.9467379555740356,0.32351215557535334,0.10466011480501161,0.01030862684383686,1.7983240902923645,1.6405922927280352,1.656216229362736,3.192122329983788,24.475256870866144,Rayleigh,16QAM
-0.022532881851729428,-0.015602085942265736,0.7088187543580569,0.7058854929943679,0.5024240265297074,0.49827432921990183,-0.00496555369819178,0.9495081008933076,0.3160441075829248,0.09988387793788735,-0.036510822250303984,1.8169357934066122,1.6403582740682487,1.6517037891427686,3.1315524190428827,27.357486708888295,AWGN,16QAM
-0.018466098857015268,-0.00045491206560109755,0.6996122270589005,0.7132756106028486,0.48945726825031444,0.5087620966808666,-0.015968675667980534,0.9460032288108016,0.32192927757925965,0.10363845976270401,0.036955383325872664,1.8112835632437465,1.6913758086400552,1.6534875049053,3.532876386388355,21.982161100771965,AWGN,16QAM
0.005227928401976919,0.0018939461976251435,0.6962565376444326,0.7108270067520532,0.4847731662126133,0.5052750335280836,-0.0011579268778104306,0.9403556642117366,0.3252850177816007,0.10581034279317626,-0.004344602188195184,1.7710190931864422,1.6894821037627794,1.6366647387934334,3.5387546128802287,23.85514196135967,AWGN,16QAM
0.01711635159032181,-0.02511298220940953,0.7111666211717758,0.7216217835941893,0.50575796306888,0.5207379985576589,-0.0025218528308731444,0.9607073166138553,0.32320433907724394,0.10446104479835806,-0.05577323296139163,1.773086795934473,1.669253941393644,1.6393808176319016,3.7154416711434264,19.524202426634947,AWGN,16QAM
0.010339899809575549,-8.866716848908017e-06,0.7148301697473443,0.7105496072375059,0.510982171581017,0.5048807443453739,-0.01941633392595667,0.9529322523925166,0.32846605895161607,0.1078899518832065,0.01721361516220002,1.7852132901863935,1.6637225355283622,1.6729037675188876,3.869643155059466,19.103151997254187,Rayleigh,16QAM
-0.0010600662534773885,0.011016770115858587,0.7093974773566786,0.7157885991759562,0.5032447808800192,0.5123533187102776,0.016133595282503084,0.9529597288742694,0.32800662752210263,0.10758834769842336,-0.020501982145472535,1.7940267917158899,1.6664224620941162,1.6487447325841311,3.768893035517485,20.378151381562745,Rayleigh,16QAM
0.026289794381983863,-0.0007488861418619237,0.7716189570691453,0.7745504092358159,0.5953958149084755,0.5999283364473698,0.0139815971216672,1.0097893922159147,0.41993005232200187,0.17634124884315924,-0.034464629202767265,1.7857546835590308,2.082491216162328,2.098228406249731,6.74140121943506,6.954045005256308,Rayleigh,16QAM
0.0009768043144880107,-0.0011117331129448299,0.7101198815238019,0.7131035393649071,0.5042702461353784,0.5085166578547576,-0.0018255777289878025,0.9533986397658972,0.3222113092053971,0.10382012777985603,0.026537270529445635,1.7812585077714391,1.6521799009548674,1.635594110087028,3.6934006736459084,22.5169468607478,Rayleigh,16QAM
0.013640946515422388,0.023262670895147292,0.8113336963700467,0.8015826376866247,0.6582623668654831,0.6425347250406468,-0.01836733343066205,1.0463750882988372,0.4545585702335213,0.20662349377274314,0.0391759638788879,1.7927710659510796,2.215826811890317,2.214004465881113,7.417237690767472,5.0686780962848825,AWGN,16QAM
-0.0021569373601547878,-0.016618015366710568,0.7713298687441947,0.7744119151451534,0.5949497664169366,0.5997138143187843,-0.001114034477950773,1.0156660230475367,0.40418674047527275,0.1633669211760255,-0.035973718996679636,1.8066636069028006,2.0458907832349897,1.9847567370029913,6.159886228491463,7.383860768096419,AWGN,16QAM
-0.014912162114298064,0.005043262174717332,0.7042304790528437,0.7101099872200866,0.49594056762699784,0.5042561939497114,0.01331470020394863,0.9475946447222823,0.32017020152201414,0.10250895794264714,0.004096524952656537,1.8097433403691754,1.667952824797102,1.647734258521329,3.3361866237143856,23.997794404345772,Rayleigh,16QAM
-0.0017659578522575695,-0.0004461280428320058,0.7112115220159116,0.7102428210333877,0.5058218290481895,0.5044448648294647,0.0006032019146652932,0.9532716542335974,0.3186583825192136,0.10154316474976142,0.01147966251357215,1.7950546825638873,1.6401593907532563,1.654267273637502,3.398337078909242,22.783584167501793,Rayleigh,16QAM
-0.0008011810335503001,0.011342644743977089,0.7103784118132868,0.6984337278800034,0.5046374879703676,0.4878096722403586,0.012876907526378632,0.9419640875729349,0.32446897450211015,0.10528011541445101,0.017981329304758237,1.7963165209494294,1.6353114975582776,1.6786701984366104,3.131785164491401,27.963031548254246,AWGN,16QAM
-0.0027601522302901807,0.014352334473256723,0.7082648076368956,0.703294569781383,0.5016390377369288,0.49462325188398065,0.010604701746731553,0.9460420679485593,0.31855973260550324,0.10148030323768972,0.02194854357072882,1.7877870657274462,1.6407792670114856,1.6613394957422563,3.1852822154088445,26.852779906506903,AWGN,16QAM
-0.01129033432200044,0.010918478660106465,0.7351570789851121,0.7250528194696164,0.5404559307819223,0.5257015910208401,0.0045981767321378085,0.9698412406539105,0.35470011919225525,0.12581217455500007,0.03108935212732425,1.8045504870318396,1.7412736615566762,1.7715949989591717,4.891682079938323,13.0738128521426,Rayleigh,16QAM
0.008629504373105093,0.0028302560869549382,0.7427820668616887,0.7319248192063039,0.5517251988513222,0.5357139409701807,0.0006115250465852063,0.9747804545124111,0.3705734529311607,0.13732468401732315,0.013093865972750843,1.7971637408437082,1.8661586952595917,1.8848258528092316,6.459787681717182,10.013602434112377,Rayleigh,16QAM
0.005451801905150143,-0.01804513152469103,0.7810456353875156,0.7728318574232418,0.6100322845578879,0.5972690798482579,-0.010906385804635453,1.0167165754522225,0.4170660841193005,0.17394411852260747,-0.0316181218548385,1.7968372297940454,2.0870333581638065,2.0526606159402716,6.545643925872354,6.794264761714079,AWGN,16QAM
-0.009556037886577029,0.006276985074921709,0.7047387747598981,0.7084951240213639,0.4966567406500824,0.5019653407620478,-0.023527434878472014,0.9447819506487997,0.3257911379121592,0.10613986554209955,0.06356740762783489,1.7923104585608027,1.666985649083594,1.6523654666919507,3.2907122970444656,24.282773733871487,AWGN,16QAM
-0.005410789426501313,0.008079411824007194,0.727558308882959,0.7267064314602687,0.5293410928246313,0.5281022375257183,-0.0046218733754265695,0.9622445978590375,0.36279914247292316,0.13162321777908842,0.04459189331394655,1.8013454071721633,1.8539660899972876,1.8226827487870285,5.823221684213636,11.179714188287981,Rayleigh,16QAM
0.01752819617789763,-0.009478987737869782,0.708124788338032,0.7063923478776737,0.5014407158587827,0.49899014914013234,0.0071485582501514,0.9455248295575286,0.32681914044147825,0.10681075055890668,-0.0373105863324635,1.7710222258870159,1.6580720525380055,1.6660185218872778,3.5355284990391938,23.37994889198114,Rayleigh,16QAM
0.008103462872604156,0.006496670515888464,0.7061340268945046,0.7232394320758911,0.49862526393824885,0.5230752761094576,-0.0029073621197522543,0.9571202660371491,0.3251602823639495,0.10572920922700338,0.012271633111181865,1.7823245449015837,1.6642538314153845,1.6026670848801794,3.5303203202343267,22.7534728049246,Rayleigh,16QAM
-0.03404693553389564,-0.011034658625668282,0.7070131152012513,0.7044098827731227,0.4998675450665778,0.4961932829484444,-0.012378221581613173,0.9447306288881456,0.32376816453423146,0.10482582436586518,0.03213215288624558,1.822609575708631,1.6518522684343198,1.6540371818645272,3.353245480406535,25.323856342363307,Rayleigh,16QAM
0.030158467301608715,0.01493911730065533,0.7520065722289991,0.7400472922283964,0.5655138846756088,0.5476699947345814,0.018334409579706567,0.9860878437581285,0.3767590134002633,0.14194735417833979,0.011552817395319121,1.777672506542246,1.848776530683122,1.903542227510163,5.693091426950632,9.69491788429725,AWGN,16QAM
0.015433527659097772,-0.01622180006842866,0.7298190843950386,0.7331175343298431,0.5326358959472125,0.5374613191418686,0.009958710221445202,0.9650756975898743,0.3731319519740475,0.1392274535839629,-0.037344880836411576,1.783521537904165,1.8980066784886216,1.8876620447753596,5.597518512657538,10.232719037741155,Rayleigh,16QAM
-0.011023295505405303,0.0006406763061441614,0.759554573179308,0.7636368974630937,0.5769231496376007,0.5831413111670595,-0.003677903434324084,0.9998881641818996,0.40051222633465233,0.16041004344353976,0.004656416207955926,1.8162990789891615,1.961326812532413,1.963470103221577,6.121598041273797,8.292153128111991,Rayleigh,16QAM
-0.000489898816206142,-0.0008404630376216874,0.7136158386479408,0.7043334069076127,0.5092475651692038,0.4960855480860848,0.00427558686656778,0.9492985551950821,0.32274806388077065,0.10416631273878603,0.0024619028976079,1.790259145086439,1.6323287898571912,1.6661977361584366,3.425098394271513,23.247584662924314,AWGN,16QAM
0.008800183444156385,0.013209464216425689,0.7000518608599232,0.6966814675075379,0.49007260789344126,0.4853650671684565,0.0029105145192373596,0.9329467242401361,0.32449964247288915,0.1053000179650329,0.02918064693244871,1.7769466604230737,1.6721492198375896,1.685759071330301,3.195608760685056,28.039491752875772,AWGN,16QAM
0.001585288777126275,0.022125052678844948,0.7129998529327647,0.7160301962393437,0.5083687902821441,0.5126992419265531,0.0013131995999371509,0.9590350753974785,0.3190795942435032,0.10181178746259863,0.05072062846445417,1.7851157377999918,1.6343590494507545,1.6306992813878802,3.427241392759188,22.165611629198178,AWGN,16QAM
-0.009021880503375254,-0.006931000485377799,0.7242270528812134,0.7140747768782292,0.5245048241250079,0.5099027869736927,-0.009304119138223554,0.9603144203566498,0.3351615405283214,0.11233325824931764,0.001755641658835836,1.8075854294100897,1.665453371893928,1.7222554468373912,4.520025507025823,15.901073517799093,Rayleigh,16QAM
-0.005968618907470164,-0.016407650207299118,0.7047161240509393,0.7129912720363127,0.4966248154973789,0.5083565539999594,0.006914638391160106,0.9473438332307021,0.32836849199350016,0.1078258665340854,-0.06981463345216538,1.787381345112273,1.6936101521074416,1.6722222190868776,4.163042218092558,19.466747394187127,AWGN,16QAM
0.02675403423643415,-0.02347697123105527,0.7171904952643491,0.7077812392569844,0.5143622064975224,0.5009542826441526,0.005027463351009582,0.9552351463744531,0.32265965164358595,0.10410925079876025,-0.034105219038152765,1.7647752792880196,1.6423889192278778,1.680154162372361,3.8826969955262314,19.88823090190014,Rayleigh,16QAM
0.007913562801986974,0.005534243641544568,0.7118087595359283,0.7040793614302704,0.5066717101520769,0.4957277471920573,0.009765909325160723,0.947712732245628,0.3230066358645991,0.1043332868125657,-0.027645205155895948,1.778746601545418,1.6270524624448135,1.6506803377194093,2.920613244613736,29.32206205758989,AWGN,16QAM
0.012625623794252762,0.015828727179446722,0.7183564318926219,0.7125753454364698,0.5160359632414991,0.5077636229239043,-0.001967486110852249,0.9582643387719219,0.3254827156451327,0.10593899818373032,0.03852016696361501,1.7744023339595638,1.6376795797516641,1.6585384404509338,3.712845214460761,20.288204738577534,Rayleigh,16QAM
0.003336831592905106,-0.010540408155683014,0.7240593034645071,0.7205201724506556,0.5242618749335072,0.5191493189083224,-0.005870281868238302,0.9628846952711804,0.3411546454374077,0.11638649210352335,-0.013236951144617365,1.79772492684221,1.7114351766463867,1.761566933525847,4.684627524406796,14.206145182812191,AWGN,16QAM
-0.015274936566070886,0.01186607394246646,0.7000986678540563,0.7088256959220629,0.4901381447310242,0.5024338671993968,-0.00014476952237564247,0.9439115795545137,0.3193384870497596,0.10197706931122949,0.018352841259854234,1.7972497529021223,1.6764814660135106,1.6384932425601646,2.9946179857416544,29.787573650781685,Rayleigh,16QAM
-0.0016538199539244355,0.014008687186603874,0.7110663201414257,0.7077731739280212,0.5056153116394685,0.500942865732145,0.007637979083732324,0.9499121788660245,0.32314703812776513,0.1044240082507473,0.026489684553939397,1.7843939276426921,1.6445254642374674,1.6593763066771097,3.5396195012519494,23.73852400854064,Rayleigh,16QAM
0.007242817110870403,-0.03370265525897801,0.701291777431908,0.7104640048130063,0.4918101570936047,0.5047591021349355,0.0033556654361190223,0.9448780149584068,0.32398012816839206,0.10496312344800776,-0.06026791277853048,1.774483217871665,1.6899852238602446,1.6638506973430058,3.814756176052913,21.119922270086594,AWGN,16QAM
0.0007381705820102233,0.014541187031658201,0.7044479666140376,0.7011913956868475,0.49624693766665223,0.4916693733852692,-0.008211506624200624,0.9404953536246817,0.32186455517562657,0.10359679187840394,0.029907047490715738,1.7850174279854223,1.6593545992492655,1.665323613564354,3.214550867525125,25.82143833062294,AWGN,16QAM
-0.0034010810289881637,0.010191288842050925,0.7121733637900415,0.7130508609081657,0.5071909000920228,0.5084415302418762,0.009437865086445884,0.9548595976345536,0.3224763694590738,0.10399100885950509,0.01343081595886545,1.7845167067057421,1.6272922956521276,1.621535718026666,2.901740138827904,29.96453633864568,Rayleigh,16QAM
-0.016922365429484436,-0.003299273941510159,0.7164620565609986,0.7026812562278029,0.5133178784916155,0.4937609478538832,-0.005318379073835309,0.9516929350377555,0.31883637716702135,0.10165663540499108,0.006676021734145752,1.814452795134727,1.6213233669581146,1.6712709935857948,3.3595698025132736,23.737960680432153,AWGN,16QAM
0.014185122877011678,-0.005910553554668453,0.704975265890101,0.7030457021193581,0.4969901255168186,0.4942732592685013,-0.009139594568243047,0.9430461113445222,0.3196303631034661,0.10216356901765358,0.011130533301521202,1.779515555688828,1.651505565523184,1.6612555726616045,3.0026444290744485,28.767796227305798,Rayleigh,16QAM
0.009498397140071306,0.006663286292811005,0.7725581874892914,0.7800514875714317,0.596846153056739,0.6084803232624035,-0.0014104811392204905,1.0115107816835238,0.4269742776673788,0.18230703378957988,0.0222507124142993,1.7966812114266046,2.0962974811474284,2.0795691004127783,6.136317941427269,6.6903474392378826,Rayleigh,16QAM
0.0018512052854899892,-0.012140502314411406,0.7112780856523008,0.708257835679099,0.5059165151292018,0.5016291618008415,0.0004791209771760407,0.9510497456942563,0.321248932920234,0.103200876902389,-0.055605244954874164,1.7836575914556947,1.632119295847897,1.6463324337416199,3.1044620846076905,26.586980666261823,AWGN,16QAM
-0.010531764495348532,-0.022865564344591416,0.717136885580693,0.7030874084380533,0.5142853126603759,0.494331903904138,0.007591157167933831,0.9516751692716907,0.3218156939187319,0.10356534085239492,-0.055619507934258336,1.8102762713586407,1.614394341334237,1.6615902198299561,3.114368016562567,27.72286063111078,AWGN,16QAM
-0.0193100208221256,0.0091284896268344,0.7049996007984847,0.7047214382655287,0.4970244371260228,0.4966323055510353,-0.009070654392096814,0.9417223806935889,0.32752390234130324,0.10727190660487555,-0.03132232656713387,1.7961926106027302,1.6789415541605317,1.6899689837069387,3.850997300116046,20.493868879033258,AWGN,16QAM
0.005074844454342383,0.01354472299900009,0.7132568202689606,0.7196882911048726,0.5087352916601885,0.5179512363534519,0.007366637241086574,0.9495588185868999,0.35388386742665534,0.12523379162484657,0.04470166283003145,1.793286242640515,1.7943020684159916,1.7447594452540067,5.046403264250535,13.707358035898338,Rayleigh,16QAM
-0.026638245126162217,0.013281782066310003,0.7109201879336009,0.7078144717731454,0.5054075136115465,0.5010013264514968,-0.007445316146913357,0.9520479136476759,0.3176469927772166,0.10089961202040908,0.051817050292927165,1.810664692106878,1.6327477972994002,1.6464910703287536,2.9530933998624933,29.998380255639614,Rayleigh,16QAM
-0.007820213435618001,-0.018741298005914345,0.70803104657814,0.7118738323058815,0.5013079629185363,0.5067643531218623,0.011004089055950246,0.9502888245242904,0.32470888194468317,0.10543585801376619,-0.05612899128113855,1.7890593239081631,1.6606110614824576,1.643652408849042,3.3986445573866817,22.632975539443162,AWGN,16QAM
-0.004773081119383957,-0.022517100268641333,0.7153225013723514,0.7170053116125075,0.5116862809695978,0.5140966168805489,0.011227422390106804,0.9576680256286586,0.33043101041901873,0.10918465264653367,-0.04784682199911251,1.7942685427866858,1.689675642188143,1.6681602474378534,4.199118270892199,17.433944549293596,AWGN,16QAM
-0.0021761798910014253,0.0008369440777355802,0.7143555520815017,0.714968042236308,0.5103038547896671,0.5111793014192192,-0.005015974842821007,0.9546949061446632,0.3317321639887008,0.11004622862462628,-0.004399748914073672,1.7912290370031085,1.6727478514966463,1.6752308032917005,4.2074329135954205,18.05065128580267,AWGN,16QAM
-0.011920616907647336,0.017585572352921252,0.7170507464288693,0.7009854587613005,0.5141617729541987,0.49138061339479083,-0.006600910381560286,0.9457357612959285,0.33403234816023264,0.11157760961743887,0.01866183605034899,1.8174866024510932,1.703215909400342,1.7630982574130811,4.295102458241044,16.375497885993862,AWGN,16QAM
0.006325144100177575,0.019738050214878986,0.7495171497260568,0.7416837207763317,0.5617759577334722,0.5500947416646236,-0.0001706548280764512,0.9838026800583904,0.38004287150556737,0.14443258418219718,0.02370716926731263,1.7967895406514347,1.9106223397321878,1.8782624305678624,6.023690214166875,9.53306632931062,Rayleigh,16QAM
-0.011478285442840524,-0.004429174293836633,0.7089813734617467,0.7086040589305396,0.5026545879157047,0.5021197123328356,-0.004344740372649065,0.9500111108167076,0.3200071221003965,0.10240455819497807,-0.016129084727217958,1.8016358960295524,1.6433650548517973,1.6494389363538762,3.1645964584246227,25.80684391609494,Rayleigh,16QAM
-0.005372264806515813,-0.021921079133052808,0.7182926186078592,0.7231763109124888,0.5159442859465355,0.5229839766649966,0.0006564778053143168,0.9648044241545809,0.3295300907091626,0.10859008068278894,-0.03177596121873957,1.8005096038721915,1.6530352051108317,1.6698168577352792,3.929963561838992,17.6355689996213,AWGN,16QAM
0.01530547797270988,0.025051888330947278,0.7405063033209366,0.7318586750734741,0.5483495852580389,0.5356171202803011,0.007411535697915705,0.9741314047445505,0.36864151501651066,0.13589656659366825,0.024417479842429365,1.783951136046473,1.8362913565457475,1.8861124580344248,5.464714073918651,10.172682338504902,AWGN,16QAM
-0.006680907660424605,0.012630754997166623,0.7170045301080394,0.7035505364274668,0.5140954961954504,0.4949833573073763,0.015044543653050116,0.9510687937824227,0.32365285955022766,0.10475117349503939,0.03522936901518821,1.7947818054067821,1.612867474869964,1.6641859325534487,3.1435388376057025,26.108554580051422,AWGN,16QAM
-0.0008022108761753853,-0.008706187396370404,0.7168580769745588,0.7186881063394699,0.5138855025236625,0.5165125941938131,0.0103332674983531,0.9567364467352507,0.33930798612345237,0.11512990944715293,-0.057862979648157446,1.79580996494557,1.741588579863805,1.7439456992758402,4.6873062362071325,14.291625504303672,AWGN,16QAM
0.01721445832145046,-0.0010587439429091297,0.7003172159354878,0.7063054258353463,0.4904442029356326,0.49886735456444986,-0.004716485747335809,0.9401606916245583,0.32512596011108086,0.10570688993815214,0.021009918639225845,1.7636910097445064,1.672379052413938,1.6533149508925802,3.1280039318953246,27.662439459534063,AWGN,16QAM
0.004058506246279051,0.029762956524786877,0.7126868833159491,0.7152565835557627,0.5079225936506012,0.5115919803198617,-0.002110445851860152,0.9564408411714266,0.32501968611732507,0.10563779636380449,0.03982798299103386,1.7841470083231163,1.6675759277128501,1.6543453267667185,3.983164615268798,18.821008032779677,AWGN,16QAM
-0.021597486231001488,-0.004905980724572105,0.7078775559375724,0.7013197327100396,0.5010906342001509,0.49184936748848135,-0.0032497723772877433,0.9429464910000988,0.3229279127879796,0.10428243685760095,-0.011154630062949897,1.8150838819053434,1.6449563227825268,1.6680804987958369,3.154859856530427,27.932486095285466,Rayleigh,16QAM
0.019046485565179388,0.005255243651720856,0.7205693542363046,0.7098981273103745,0.519220194264525,0.5039553511587767,0.008691067124767478,0.957980396688617,0.32532981907880054,0.1058394911818451,0.002681264422797565,1.7692601687072187,1.627033777363507,1.6775940976260797,3.9227913416960747,19.55952863028977,Rayleigh,16QAM
-0.00396430108662933,0.02185660571523335,0.7058696498276663,0.7111981771324519,0.49825196254783227,0.5058028471565225,-0.0013892683373951656,0.947473764873181,0.3268664887655076,0.10684170147789172,0.028381385452307725,1.7892106187844719,1.6697849850046866,1.6596739038226522,3.656924266278515,21.35387531355282,Rayleigh,16QAM
-0.015847352210742956,0.00905429583398223,0.7168147411409749,0.7105347157957999,0.5138233731170029,0.5048595823510181,-0.0024096483091384053,0.9570253202813902,0.3211208661134684,0.10311861065346412,0.0557327811379697,1.797426327432852,1.6227193109919418,1.6423189885486538,3.306246236662162,23.81469556148171,AWGN,16QAM
0.015586912069402714,0.004229414958764082,0.7111516993016035,0.7121781230800013,0.5057367394195582,0.5071976789937535,0.012990479060896717,0.9498535636840671,0.333126801306563,0.11097346574874234,-0.014458654334122271,1.7719350190919896,1.6802558317693645,1.6859473099281985,4.355676584743876,17.769505895265375,AWGN,16QAM
-0.0072212805374539295,-0.009973124025941742,0.7093032114431198,0.7091997717708542,0.5031110457635232,0.5029643162798317,0.011400853854437749,0.9490172219053039,0.32495120351512957,0.10559328466593115,-0.034745872348806245,1.7928642206651424,1.664785555988002,1.655640716603929,3.8146222249173194,21.22109135560055,Rayleigh,16QAM
-0.009890567088412,-0.007614157732653279,0.709362092631645,0.7076584269018219,0.5031945784627464,0.5007804491651612,0.01578314366065775,0.9491997836327163,0.3211706666163965,0.1031505970948205,-0.02471177121465113,1.7944115180809512,1.6509657431740268,1.6529161533335133,3.752141373989335,22.82189756945422,AWGN,16QAM
-0.0022299758300276433,-0.008564251151350715,0.7489014491236589,0.7415898642197454,0.5608533804995162,0.5499555267134604,0.007796412771692465,0.9830578818271766,0.3801110724254524,0.14448442738042752,0.0015295837587939514,1.8112297252743395,1.9149194364878703,1.9382574124822387,5.509806879031306,8.87693892981584,AWGN,16QAM
-0.013561389538289894,0.0027302952610401216,0.7088737435814633,0.7059971728696637,0.5025019843391981,0.4984320080999578,0.004699568469772255,0.9444661571220927,0.3303165698063054,0.10910903628860386,-0.00023303088121613027,1.8091482454811152,1.700880008526454,1.7206159282497797,4.408250270827745,17.340928147898005,Rayleigh,16QAM
0.014637577219613767,-0.007176193679507425,0.705977331963672,0.7023786217828204,0.49840399324654466,0.4933357283375342,-0.0064788082161594,0.942639889034725,0.3216139263266849,0.10343551760726631,-0.0024812271676935608,1.7852594395539432,1.668733598225878,1.6780393550938426,3.4702224031268356,22.525509361221456,Rayleigh,16QAM
0.005082473900027095,0.015957315974537454,0.716612274109675,0.718323914975526,0.51353315140464,0.5159892468257666,0.007238283152271398,0.9562880150436253,0.33958224039013796,0.11531609798838544,0.015196066951591982,1.788643801354201,1.691782352168316,1.686730311584011,4.36117985622948,16.856370242454414,AWGN,16QAM
-0.001513698517864641,0.012913219111151003,0.7045995997645389,0.7058339479828709,0.49646059598834846,0.49820156212508615,0.006000585021835275,0.943606311809411,0.3231691955274988,0.10443832893789075,0.01552310376030955,1.786784608455467,1.6529624962176996,1.651225320472481,3.1497393072346345,28.131129730639902,Rayleigh,16QAM
0.005791959219268677,0.01601302135323628,0.7018956336831106,0.7115864424146133,0.49265748058341535,0.5063552650282859,-0.007455906337236008,0.9466889781290299,0.32106492792762575,0.10308268794517153,0.01945491127593852,1.7732097670300029,1.663472202496286,1.627820740957709,2.9507020204175474,29.913686198588668,Rayleigh,16QAM
-0.007627294946883535,0.028811144532985253,0.7168237590212202,0.7139499006399943,0.5138363014973123,0.5097244606238578,0.010475899630981285,0.9521138982114106,0.34340667528653096,0.1179281446313489,0.03641030530725249,1.8034466233851663,1.7474519674954045,1.7404472597616427,4.927179522237361,14.649320691684979,Rayleigh,16QAM
0.012806511331928071,0.014715371612981575,0.7177667413783325,0.7104028606801254,0.51518909502887,0.5046722244625056,-0.012821363820956253,0.9534819066069538,0.33333784987418835,0.11111412215874694,0.0589528634999898,1.782885147328247,1.6730749310836819,1.7112594671292645,4.29062097225703,16.790516866463296,Rayleigh,16QAM
0.00711039375383845,0.0013034296614686095,0.7116334432523816,0.7005301829409711,0.5064221575552407,0.49074253721131056,-0.0007502053812485614,0.9444368220373908,0.32443187354925884,0.10525604057468227,-0.016200798991096707,1.787223839984456,1.648679887937217,1.6875859659710286,3.639603125284792,21.94733651081805,AWGN,16QAM
-0.012637207394911261,-0.005751398654432561,0.7657471671940508,0.7658337078618551,0.5863687240657135,0.5865012680974373,0.004059918491830906,0.9993085146826243,0.41766644854857843,0.17444526224318233,-0.01333607774934154,1.8321537264937031,2.081055758877634,2.1077531637937295,6.790847124798268,6.786607009566615,Rayleigh,16QAM
-0.008404936686044237,-0.027518563035227383,0.6993120682472386,0.7059202362183117,0.4890373687962304,0.49832337990251696,0.002780441153253666,0.9394656286078171,0.3249507587858296,0.1055929956354864,-0.08678602476286323,1.784740371298262,1.6877647858714886,1.6705195037435239,3.7421797982349085,22.0396892378495,AWGN,16QAM
0.01162596949237601,0.017596704134140516,0.7055123992229068,0.7139554832077418,0.4977477454572622,0.5097324320024001,0.002779676404437758,0.9495587716301163,0.3259802506947148,0.10626312384298912,0.028031738780762424,1.768474958352228,1.6551355667597374,1.6356224197785743,3.264267344222584,25.236014099888436,Rayleigh,16QAM
-0.03510574605413821,-0.0035555443686513134,0.6920142176109643,0.7139507912573007,0.47888367737571497,0.5097257323369256,0.00665471661227119,0.940498187261837,0.3245267705007008,0.10531762477161452,-0.04660318542567427,1.8123906151624052,1.6990354101635268,1.6220128346275393,3.033353538142267,29.346886185577716,AWGN,16QAM
-0.0032901347955997156,0.008344807769687176,0.7075325163667888,0.7083225585941365,0.5006022617163203,0.501720847013344,-0.009187251958820345,0.9489047452860946,0.31934832692043735,0.10198335390688253,0.022055295982102725,1.7904589470699233,1.642942704556537,1.6464105679942804,3.221852635184099,25.995154298482916,AWGN,16QAM
-0.013461249225878096,-0.02101192052955993,0.7349275432573599,0.7360761565385643,0.5401184938382986,0.541808108224585,-0.00907426481961416,0.9773709704056294,0.3567846609739601,0.12729529430630365,-0.010685497407815726,1.8135476664302985,1.8110667811804757,1.804779838682015,5.833459961669174,11.238354114892653,AWGN,16QAM
-6.0895569015292437e-05,-0.006635180826473041,0.7745635983405723,0.7845783776195598,0.5999487678742955,0.6155632306281406,-0.005026971430763006,1.0184833491788348,0.4221939072046993,0.17824769528077025,0.0016611134700079012,1.801123330013334,2.0577703106036567,2.0321208046012984,7.080202706175093,6.641716017676298,AWGN,16QAM
-0.013378895944294157,0.010313348695480324,0.7580990836356515,0.7641478505414481,0.5747142206092145,0.5839219374871152,0.0019571365309618495,0.9998437093384792,0.3990414452291933,0.1592340750106033,0.044785836752324275,1.8164276756531978,2.0090874586367065,2.033836426239924,6.948127693548183,8.043208445402037,AWGN,16QAM
-0.030655986903046065,-0.0090924766346361,0.6958736595467436,0.7068730815728489,0.4842401500509772,0.4996695534522955,-0.0013311579459903808,0.935092774462599,0.332466042349385,0.11053366931546303,0.007133668306709338,1.8106382176928921,1.7478894720139397,1.7111130942720372,4.245540073297668,17.570241610002526,Rayleigh,16QAM
-0.013285219158833034,-0.006764580093567391,0.764495348794722,0.7577884920362316,0.5844531383287637,0.5742433986625457,0.0028177687927063437,1.0014242830591866,0.3950546783454714,0.1560681988826439,-0.0033592852494486567,1.8194360889679841,1.9608197805446141,1.9633240794705984,6.431198345493278,7.92938783953047,Rayleigh,16QAM
0.007544035745594976,0.007551148187608347,0.7139097906446323,0.7146343732867231,0.5096671891782628,0.5107022874829075,0.005559003367548367,0.9556473274983776,0.3274470864439949,0.10722159442066105,-0.0076964046734912025,1.7700441960629953,1.6625835250964582,1.6455604288070234,3.675923688101019,19.925923485159462,Rayleigh,16QAM
0.0067785185205646945,0.007751344032155905,0.76653776707108,0.7722003744001303,0.5875801483463173,0.5962934182237014,-0.017631647914009133,1.011514516189003,0.4010211737010711,0.16081798175658465,0.06848653428527147,1.792742766384775,1.9830429364829258,1.971544281963126,6.330391679045912,7.908673809434068,AWGN,16QAM
0.0024245691307185654,-0.0028725053781596217,0.731059068246694,0.7335888970763588,0.5344473612657243,0.5381526699137086,-0.0024257119036219387,0.9680686805701737,0.36804509329859747,0.13545719070117332,-0.00943969882313959,1.7858354061606425,1.8465232468017403,1.8396638066297941,5.480386781872655,11.18592862004893,Rayleigh,16QAM
0.006283955461877998,0.015581670166181843,0.735773571299944,0.7363812131244675,0.5413627482234739,0.5422572910426624,-0.012903238028624394,0.9742431901230476,0.36708653245034495,0.13475252230641815,0.015890105672730942,1.8037335677365103,1.8360849437434994,1.8258599801421975,5.54376781645111,11.262348983017882,AWGN,16QAM
0.002951138040063725,-0.0056606913966825954,0.7045357209250627,0.7068115513336055,0.4963705820593978,0.4995825690986181,-0.0015034512240804053,0.9444945969237438,0.32237223854217123,0.10392386018269055,-0.020208596179326962,1.7749418442902092,1.6571083901378785,1.6486938857981315,3.0847754166165804,28.239088800405057,AWGN,16QAM
-0.0024402453605748492,-0.015103561540238977,0.7157517737982209,0.7246568191419528,0.5123006016952995,0.5251275055289328,0.008360648884876847,0.9649496537442321,0.32639599466252367,0.10653434533173817,-0.02161686663965122,1.7921940984378197,1.6731749152582651,1.6542899434008669,4.066185343097811,17.484354284577076,AWGN,16QAM
0.011752287606821676,0.0008316876802738192,0.7717855735318931,0.7656932038275124,0.5956529715119533,0.5862860823876404,0.009704712757916744,1.0060822348954814,0.412160646466518,0.16987639849569805,-0.01948908064860743,1.7928926752513845,2.0889616417092407,2.0073962746130602,6.209308874243766,7.359573789179331,AWGN,16QAM
0.009640285868488882,-0.02975501604814253,0.7396636272345953,0.7252823613223576,0.5471022814538383,0.5260345036453348,-0.0027983711978987976,0.9749872331223779,0.35144697528815666,0.12351497643919421,-0.06432953268251791,1.779202531887378,1.759972117076807,1.7823755329958368,5.703780180064658,12.420739217592896,AWGN,16QAM
-0.0028628192395125864,0.011135703168527996,0.7284732270545907,0.7359312373956034,0.5306732425353293,0.541594786174624,-0.014249685163718209,0.9686480364959629,0.36622562679518283,0.13412120972152455,0.04267807205331775,1.7901600919014926,1.817860101639481,1.819491324502012,5.348988701049359,11.318493137366247,Rayleigh,16QAM
0.007250497100921405,-0.0007564468694784729,0.7156618936482044,0.7050610675920311,0.5121719460201339,0.4971111090340147,-0.001439290203349039,0.9514679476891031,0.32255998123529134,0.10404494149451152,-0.011934713122317203,1.7774145590945885,1.6341397021806061,1.6743696574861304,3.510959709249335,22.041056784451953,AWGN,16QAM
0.0026073812123766408,0.025201217497044844,0.7702888480667022,0.7770199422044628,0.593344909455927,0.6037599905834267,-0.017479945443107894,1.0154701226761558,0.40812648749076186,0.16656722979154698,0.08195251005942782,1.790518276541736,2.031151622490986,2.0081568360335798,6.344424331420358,7.280092318779317,AWGN,16QAM
-0.01899725709072121,0.00796830436229724,0.7408940643638455,0.7414826805385405,0.5489240146095781,0.5497965655386193,-0.004050657809430157,0.9789597580998894,0.3752102901315265,0.1407827618205843,0.010896207924158118,1.8264051538267339,1.8553939646960607,1.8700280404119867,5.950134744716645,10.027322164581694,Rayleigh,16QAM
-0.014825384957375233,0.006161380192225428,0.7189040967884255,0.721216562996451,0.5168231003791818,0.5201533307404137,0.005653896657430219,0.9630643628186787,0.3312721220284849,0.1097412188332554,0.013034281615747472,1.8029923632423615,1.6731116054713413,1.6652860095231312,4.257732346743494,17.27989060997833,Rayleigh,16QAM
0.010703205429882604,-0.020798349226142054,0.7273356874332491,0.724010466426317,0.529017202213997,0.524191155494853,-0.005197121610120929,0.9644915998189427,0.3514419461654413,0.12351144152455293,-0.039837631092095066,1.7842868279887665,1.7579647526378375,1.7643968443850218,5.447904254751116,13.223533262910113,AWGN,16QAM
-0.010843581171401943,-0.013606825925514869,0.7234784755690495,0.7232487494221009,0.5234211046117158,0.523088753540633,-0.010179719641954958,0.9640642034586938,0.34262632520909875,0.11739279872629109,-0.029902728722543567,1.8128911794006966,1.72310575348376,1.7138693299203573,4.700973946882818,14.592207103755781,Rayleigh,16QAM
-0.033794179746154694,0.025586988224547632,0.7363324526912155,0.7323893513518366,0.5421854808862612,0.5363941619735639,0.006310628424661406,0.973137780305964,0.3652112319632638,0.1333792439521249,0.043711694874597605,1.843969171955419,1.810114793308798,1.845908927756617,6.230567086284226,10.858631066809505,Rayleigh,16QAM
0.004901254549237316,-0.010276246507112896,0.7053729795723132,0.7042337162490188,0.4975510403107229,0.49594512710190347,-0.004146503289009262,0.9433431455476802,0.32207064551005865,0.10372950069926586,-0.012463650169060727,1.7846268831317007,1.6625223594471605,1.6646864113273685,3.475011161901034,24.290236424125187,Rayleigh,16QAM
0.0035998302263834793,0.009432216799369767,0.8005395481448708,0.8016285699296603,0.640863568143994,0.6426083641274722,-0.01853370426881488,1.0388907721836238,0.45197325278669864,0.20427982123458902,0.017277116157043266,1.8037416568115447,2.2226110849493574,2.23227253224045,6.9258110571699785,5.049627987002454,AWGN,16QAM
-0.00726113839917444,0.01033523176981477,0.7065869836968698,0.7093371981848223,0.49926516552984046,0.5031592607286939,-0.0010073893708356274,0.9453989691906407,0.3298556600369258,0.10880475645839596,0.025244897695330323,1.7969541237928537,1.7273692853438845,1.7196660333238203,4.2429051693664235,16.862506370453257,Rayleigh,16QAM
0.0427145667194041,-0.009716603247687538,0.7037130941817351,0.7045082431432867,0.4952121189228315,0.49633186465684037,0.004314975316321544,0.94598551246152,0.31396550826689007,0.09857434038128661,-0.041577260911344234,1.7464639287487338,1.6630925407625146,1.6537116473366007,3.2512127763011445,26.89602937807088,AWGN,16QAM
0.001586517051487417,-0.018356514401284826,0.760212807958827,0.7595929307988263,0.5779235133846443,0.5769814205195505,0.0022934452831534177,0.9972346787747186,0.4009581125387014,0.1607674080105979,-0.03455083741065541,1.8036754179771328,2.008473140176812,2.0210466461917207,6.329755057914884,7.749356692078997,Rayleigh,16QAM
0.005183904220365986,0.0026149290915341884,0.7121663650283331,0.7105945556363416,0.507180931477669,0.5049446225000097,0.004103788807248761,0.9527997347997321,0.32300453566530357,0.10433193006035837,0.011636932954618559,1.7870969765427134,1.6521040842980903,1.6521163632511517,3.610415152729613,21.7467591009235,AWGN,16QAM
-0.0003984676615881386,0.006170284377972833,0.7071659559203413,0.7114851584477708,0.50008368921273,0.5062111306914495,-0.007552117535831281,0.9502320584739448,0.3215463981112708,0.10339208613833185,-0.007791513758494219,1.797551851975506,1.679461129993854,1.6662408183783115,3.907454009533077,20.00495920456998,AWGN,16QAM
0.007443090310878256,0.022678044450905106,0.8168374860295196,0.8043757277095016,0.6672234785830256,0.6470203113281903,-0.008541432807773608,1.0529266930056707,0.4540472027893695,0.20615886236085085,0.013336654007911595,1.8035192318253541,2.213171348282202,2.232463841328398,8.168123433101997,5.117990791995065,Rayleigh,16QAM
0.0006006556828417162,-0.023754970402573697,0.8147040102820288,0.8075992575736386,0.66374262436962,0.6522165608334922,0.005422835938229909,1.054819752969719,0.45152977017478013,0.20387913335408975,-0.03692726852476357,1.8107914663383347,2.2057347519844757,2.1928351169612332,7.029710365129009,5.2109179697178165,Rayleigh,16QAM
-0.01408720300595521,0.0027153251966567636,0.7405413939451919,0.7496955066550304,0.5484015561462879,0.5620433526987427,-0.0030104432094400797,0.9868873224970054,0.3697352347547863,0.13670414381917695,-0.012443679937017942,1.8162635151328894,1.9088781386216167,1.9027868142667634,5.957696471040351,9.32196167093561,AWGN,16QAM
-0.002693453928372209,0.0076332640236571195,0.7166961468052814,0.7195895820104846,0.5136533668455374,0.5178091665380239,-0.003427230960701353,0.9603478659005248,0.3305450517820351,0.10926003125758824,0.03131078210908273,1.7912819245446616,1.709246656954197,1.6863502411128313,4.3409239816324465,16.18515590569926,Rayleigh,16QAM
-0.032207704374991326,0.001978073209842073,0.7085109740057236,0.7130073998624442,0.5019878002865391,0.5083795522586034,-0.009185750518620134,0.953686034956123,0.31920455552755067,0.1018915482695412,0.01663254007609532,1.8144153970661259,1.6434897701025728,1.6245672473645496,3.320038634244593,26.436956669347097,AWGN,16QAM
0.005997767718045262,0.0018657818430996358,0.7046163425103836,0.6983351380737204,0.4964841901327102,0.4876719650684422,0.008321149762316085,0.9367605626523685,0.32661178456977935,0.10667525781985597,-0.03006364990648705,1.7832102582826221,1.6583051149256225,1.67614788445416,3.284116944424066,27.862037365795683,Rayleigh,16QAM
-0.012978862204887002,-0.01796927358008696,0.7179023687482637,0.7142193671580257,0.515383811054368,0.5101093044236107,0.005102254807052298,0.9534174580332718,0.34202282358416164,0.11697961185248254,-0.047307207232222655,1.8122470365885757,1.7376843890398532,1.7372121237854465,4.65292147272115,14.755309513654698,AWGN,16QAM
0.006131983362017682,-0.00129758108779692,0.7418030570677839,0.7571939052437929,0.5502717754751099,0.5733426101383461,0.003133637073737019,0.9866504607664016,0.38752359775829776,0.15017453881953496,-0.041824457267817576,1.79383688703604,1.9463327051116228,1.9416257185793557,6.642654390659216,8.96185156154031,AWGN,16QAM
0.008196312971655484,0.0023847147598566785,0.7066548863216527,0.7192457715306834,0.499361128362268,0.517314479864768,0.019509557701658617,0.9541554218652233,0.32609186675390867,0.10633590556304892,-0.005385812298796429,1.7774345913209537,1.6951314304733631,1.6571425709894414,3.872353470248082,18.49306993260999,Rayleigh,16QAM
0.009320449939498765,-0.0014474274154195116,0.7220706865118643,0.7188246820347618,0.5213860763197151,0.5167089235023764,0.00659386421356896,0.962217130379093,0.3351449830451187,0.11232215966031289,0.0363556002183203,1.7842879441483213,1.6854525070972495,1.6897376591248252,4.328075894137356,16.777648392057593,AWGN,16QAM
-0.01199597949331433,-0.0008427293501813391,0.712205403061506,0.706990382202792,0.5072365361500023,0.49983540052724984,-0.0028574708109781765,0.9461123427114073,0.3347954380859249,0.11208798536314638,-0.007258183311518861,1.808053514415058,1.7238556644839065,1.7199553232339253,4.361047923840088,16.200532739995758,Rayleigh,16QAM
0.015875352568972097,0.011861967041097822,0.7350386383038863,0.7423058845010934,0.5402817997996313,0.5510180261649505,0.014059276158174606,0.9805405571699655,0.36087778373109725,0.13023277479066858,0.009152739589483837,1.787185737084752,1.8121623038884154,1.7902249711101408,5.844359412522744,11.22240951828656,AWGN,16QAM
-0.020788554590507494,-0.01137419274366192,0.7593451237306446,0.7484938144858239,0.5766050169335079,0.560242990323539,0.017237427844674833,0.9922347965281616,0.39099827631115847,0.152879652078297,-0.013562632834926522,1.8277917981888476,1.9246833006498958,1.9705678540088567,6.232661988020198,8.65608767525628,AWGN,16QAM
-0.02612810880227651,0.011489718568926376,0.7281158357434138,0.7323873436606204,0.53015267026033,0.5363912211542597,0.007576243118334437,0.9684277114575829,0.3598699081584827,0.12950635079799477,0.01775639942687707,1.8202682770728922,1.8097759846755872,1.8021950250358156,4.845675562450763,11.532273212227608,AWGN,16QAM
0.010953797900855782,-0.03370624012818643,0.7111978146221701,0.7003107961777649,0.5058023315233506,0.49043521124313505,0.009879804835394962,0.9382877864865523,0.3422128998279923,0.11710966880868348,-0.04365752747131395,1.7925299183505161,1.7440919006263256,1.7962799623032364,4.064586294921644,29.804961294729253,Rayleigh,64QAM
-0.002697943555229994,0.029260420039665242,0.727220704366758,0.713812874097319,0.5288499528596836,0.5095288192270749,-0.010463858962804315,0.9579334395786535,0.3487201578688756,0.12160574850409352,0.08817653667227887,1.7953458663793254,1.7711038682276796,1.8111783439224938,4.575815614175608,16.862353191154533,AWGN,64QAM
0.02045661020966559,-0.02117244362855105,0.7615629261548365,0.765000541891915,0.5799780904935169,0.5852258290949236,0.003805372644459301,1.0012292406443422,0.4044881611835739,0.16361067253766887,-0.004780207395275544,1.7919239593959804,2.052298266912497,1.9922589410776776,6.371537868614141,8.177709270009451,Rayleigh,64QAM
-0.008980026336324255,-0.0016075064538417425,0.7230415701086584,0.7114022379080605,0.522789112105194,0.5060931441005967,0.002466849105363434,0.9541290973260776,0.3443880758555894,0.11860314679151521,-0.004859065134746676,1.816227294251745,1.7688870379278634,1.783319160766878,4.67537283795895,17.882438549260876,AWGN,64QAM
0.018674115030309385,-0.0008602355234144992,0.7146907027186001,0.7133238776789427,0.5107828005524064,0.5088309544669232,0.012930694565404488,0.939453579253964,0.37066182703856426,0.13739019002356653,0.0009482714611840574,1.7856243033812529,1.9332672066240697,1.9335180878686984,5.46090149220136,13.401418856797745,Rayleigh,64QAM
0.010564690737419394,0.034542726682307345,0.7163153110406916,0.7075414938736799,0.5131076248313227,0.5006149655529987,0.012282811768485022,0.9468735001246728,0.3441772476544589,0.11845797780299872,0.09038979429687724,1.804231963032904,1.7592546390622021,1.8291153530098592,4.698626462605187,20.526038826685266,Rayleigh,64QAM
0.005466817660822942,-0.003979016944849586,0.7042182259900456,0.7057330918456143,0.4959233098165669,0.4980591969259702,0.005042199640640678,0.9338391309249665,0.3492459061564282,0.12197270296702466,0.004942043858793805,1.8023884349137493,1.825680096889753,1.817265221310889,4.79246106212076,19.21943281058289,AWGN,64QAM
0.0236840208593715,0.002037825235685682,0.7507987895192189,0.7429914852772661,0.5636988223435243,0.552036347194518,0.00337633360138743,0.9805515351848788,0.3934703825707569,0.1548189419603778,-0.0020513453895038506,1.7910021240015708,1.9823303872969023,2.0283823995763957,6.340044196149446,9.387081155851394,AWGN,64QAM
0.017123040389720963,0.02481465824521767,0.7054402359646509,0.7154572908700582,0.4976459265178623,0.5118791350591231,-0.010576186699990216,0.9453044109442893,0.34180930063746157,0.1168335980022706,0.04460786198440237,1.7709357679779627,1.779840079610274,1.7526833061337934,4.041025490705035,25.83124864279914,Rayleigh,64QAM
0.012025036109356672,0.017907600284228282,0.7192560209334811,0.7176521802425108,0.5173292236490641,0.5150246518068292,-0.017106237210332876,0.9512655493990301,0.3576492885828598,0.12791301362382573,0.024123492888410376,1.7913372711714943,1.7930365751100878,1.7712214066307927,4.554528989902734,19.055519515045933,Rayleigh,64QAM
-0.024805266622364725,-0.018440532717001204,0.728106204548094,0.7353503171200573,0.5301386451014309,0.5407400888885688,-0.007594582518888009,0.9661522279847722,0.37199994737789127,0.1383839608491539,-0.0327970185896487,1.8191524026026202,1.9127977409652062,1.9094373366510837,5.517973136827989,11.763840864946214,AWGN,64QAM
-0.0047688449938898215,0.028980882564175376,0.720050369143218,0.7035145810457105,0.5184725341032844,0.49493276574392164,0.00015680850360717095,0.9452178765799283,0.3476076798313176,0.12083109907771178,0.07096993127228649,1.8143871394161062,1.7427909148494314,1.792104393198644,4.34508250833148,21.280306853934782,AWGN,64QAM
0.003643366702397655,0.0034225103089026657,0.7005026955597023,0.724861223810137,0.49070402648640904,0.5254237937835294,0.0012923395017888693,0.9469678051814736,0.34554997311165264,0.11940478391746387,-0.006890564437277532,1.7821217134366216,1.8224711479443252,1.743082966077499,4.392255540007882,23.045146235720523,Rayleigh,64QAM
-0.009529409108946181,-0.00666320179079178,0.7390247575635841,0.7457100264129217,0.5461575922919143,0.5560834434927604,0.008096401907320867,0.977262144857424,0.38384234251761823,0.14733494390941254,0.004619832755790883,1.8197014581178588,1.9540508848628717,1.9303385657711756,5.601049560659135,10.772126902479213,AWGN,64QAM
-0.0010086304464777406,-0.038768485155113504,0.7304924656364672,0.7190499845716936,0.5336192423516453,0.5170328803125527,-0.0077995733063760736,0.9546045386835271,0.37534825184834425,0.14088631016560807,-0.05178256625113738,1.8050560753764302,1.9468900175971122,1.9467016631181364,5.873645165896058,11.754712950915728,AWGN,64QAM
0.022048354896801188,-0.016469885183282934,0.7269990219649167,0.7510209790206686,0.5285275779379455,0.5640325109291634,0.021265625028956278,0.9753267280510564,0.37690217495782036,0.1420552494879354,-0.05444521014929214,1.7809705839223273,1.9667533208950352,1.9003232240638832,5.971435300372567,10.93826844724559,Rayleigh,64QAM
0.019567409931281882,0.03236592851376748,0.7152217914815745,0.7017023067072333,0.5115422110101128,0.49238612723825215,0.009946781544075472,0.9431966756616508,0.3402040654212595,0.11573880612915265,0.06180233591651222,1.7757089111529631,1.7576889265230193,1.806529717797094,4.1363761464326965,24.914263764195635,AWGN,64QAM
-0.022363326167398802,0.000494964456601791,0.7249449055727253,0.727775707422207,0.5255451161158475,0.5296574803138938,3.596836353051588e-05,0.9554428356608361,0.3779311412958775,0.14283194756120451,-0.02911958205779209,1.834011565912854,1.969907113831685,1.9780474949555922,6.106297755256779,10.636310564108582,AWGN,64QAM
-0.010726053597852125,-0.004766971554468611,0.7126367655371876,0.7081293309547163,0.5078511595953045,0.5014471493583742,0.01054914193120833,0.9409142630882336,0.35230161894943124,0.12411643071439024,-0.039720676361064654,1.8218070037188612,1.817988978805935,1.8310574301656282,5.553721437182474,16.175899746420974,Rayleigh,64QAM
0.02494429434257658,-0.014422025823899098,0.7665902578481311,0.7709214937627737,0.5876606234276641,0.5943199495454264,-0.023324393199955527,1.002316629815988,0.4221044411239052,0.17817215921652438,-0.05597424868347607,1.7907337557208847,2.134718618074726,2.1336835577468007,6.794447051955679,7.7972287671536895,AWGN,64QAM
-0.0072109394294834405,-0.003801803797685881,0.7294269458431606,0.7214003520827685,0.5320636693220812,0.5204184679851424,-0.02077105244530239,0.9597232426445256,0.36260155294023816,0.13147988619467235,0.01566050345253277,1.802087280636053,1.8541391501494702,1.882466524173728,5.672213203828077,13.363267349003985,Rayleigh,64QAM
-0.021414618467013667,0.0005268462318730362,0.7715313546870736,0.744694747116746,0.595260631265271,0.5545702663832742,0.006100649733782159,0.9881001086964035,0.41707066103208557,0.1739479362937408,0.010460564432915606,1.8441514118820366,2.1717133282045484,2.1975588293034725,6.389519948922344,6.86090543174485,AWGN,64QAM
-0.0018953029457773293,-0.011439576315490438,0.782500107533996,0.7799862940699939,0.6123064182907153,0.6083786189370429,0.011948740726694367,1.0205342767442027,0.4234728837806256,0.17932928329747924,-0.0785245318247877,1.8166056100599828,2.0208175622313957,2.1509455160315336,6.582580099768372,7.224242870024448,AWGN,64QAM
0.010383581582320953,-0.026439096072467777,0.760110487412264,0.7536238793901153,0.5777679530741094,0.5679489515870071,0.009739978399034094,0.9889584660574318,0.41046912385958345,0.16848490164205407,-0.055367615211620806,1.7968868742103956,2.073446768502185,2.071596680435028,6.514781853771135,8.04535631607567,AWGN,64QAM
-0.016350954999178352,0.0023377639509651353,0.7457164988429933,0.7514619934789665,0.5560930966466521,0.5646951276433823,-0.008014825003080001,0.9834868724275937,0.3921920638186089,0.15381461492229978,0.002777238376138007,1.8062726473705992,2.0080179557749616,1.954642646410455,6.131410393152868,9.340818829081538,Rayleigh,64QAM
-0.01739463766066656,-0.02626195742094057,0.7743499363820576,0.7583677047492026,0.5996178239748967,0.5751215756065737,0.007838884305862234,1.0047023984301369,0.40780479888927995,0.16630475399712608,-0.09943819978893421,1.8239377882796914,2.036391925306768,2.1146291624690905,6.674892115023969,7.519380662497245,Rayleigh,64QAM
0.018187692123163825,0.01262255869256499,0.7183775574077335,0.7130440977770912,0.5160663149871014,0.508431885374746,-0.010113151792352828,0.9465152029820287,0.3593011160829456,0.12909729201845038,0.012239698312866245,1.7966249969348866,1.8345674570126569,1.8582701278941383,5.9410945080991775,14.699039545628091,Rayleigh,64QAM
0.01920730689916231,0.018028418435384354,0.7066240936640639,0.7036857095233208,0.49931760974655975,0.49517357778733934,0.013209864358770603,0.9373839549052154,0.34131576747896686,0.11649645312975618,-0.0035274806221963,1.782866827324732,1.7808052815581303,1.7651425217279333,4.140093822278336,26.768346470822202,AWGN,64QAM
-0.01454031482956086,-0.018436058758432503,0.7175118400371101,0.7313957092490514,0.5148232405934395,0.534939683507923,-0.00047857047193832375,0.9575546699414164,0.36524414737629246,0.13340328719263483,-0.02745411213449986,1.8180699541947625,1.871437588621353,1.8579059637049564,5.831816861044263,14.309394162922882,AWGN,64QAM
-0.01873810888912485,-0.00018079099500086543,0.8142664594421296,0.7851992997940314,0.6630298669724213,0.6165379403970371,-0.02045157580935645,1.03771749124023,0.4506233073795294,0.2030613651536658,0.0005549120313133181,1.831598292744593,2.2182093432432852,2.225813638895453,7.772930430307853,5.814265709058779,Rayleigh,64QAM
-0.010611646312350167,0.01278851920280947,0.7205603419181531,0.7237483845204364,0.5192072063452058,0.5238117240959415,0.01313817719668451,0.9548587110406462,0.36268433334209765,0.1315399256518018,0.01536008107599872,1.8106084141839487,1.901657473051889,1.8550821438143024,5.081997395093328,13.737167764260073,Rayleigh,64QAM
0.013192573012074167,0.01230178612718135,0.7094752426573989,0.7079039621480119,0.503355119943775,0.5011280196248539,0.008191315879460403,0.9417741458927678,0.34332197078132737,0.11786997562117461,0.01273491645521906,1.7834103495881433,1.7571374023258932,1.7920119333156699,4.159563812982109,27.628174018530856,Rayleigh,64QAM
-0.02850025256851089,0.014437349908366358,0.7445881635247144,0.7599709703876745,0.5544115332611068,0.5775558758319836,-0.013709132882610374,0.9921971275131429,0.3853997544324646,0.14853297071660404,0.06269704564230828,1.824101411943384,1.9897117309762005,1.9301740870949182,6.8808065026088805,9.607726088023504,AWGN,64QAM
-0.006346480005126337,0.008086635278125488,0.7136350697068938,0.715640060347283,0.5092750127155632,0.5121406959738629,-0.004143999756235898,0.9499281194488823,0.3451926245566567,0.11915794804831298,0.025729484065587043,1.8054842911534836,1.7538994319045143,1.745722389910738,4.189660337213844,25.263327646550543,AWGN,64QAM
-0.011057828829253432,-0.007388216206087725,0.7128148458744421,0.701838064209218,0.5081050044990046,0.4925766683729424,-0.009657114217478165,0.9395009965788492,0.3437970500403126,0.1181964116164212,-0.0028773207682284527,1.821406589340022,1.80575111797816,1.8095834514885163,4.635266402918818,20.117460108841065,Rayleigh,64QAM
-0.004629956272004834,-0.005038506127562672,0.7019244203544378,0.7067437525502769,0.4926978918899135,0.49948673176884706,-0.009652452187995583,0.9350461036189844,0.3433951525644966,0.11792023080479391,0.028937742790615447,1.8045925228089692,1.7860489967300368,1.7545885485894557,4.292351771022458,24.598413507988834,AWGN,64QAM
-0.006580112416859798,0.008332960081020427,0.7119974944903033,0.7056694669926377,0.5069404321604695,0.4979693966456733,0.010992055882094781,0.9390974282801983,0.35088258022704816,0.1231185851067909,-0.033270031200237964,1.8029248411117906,1.7714229209053236,1.7549617227882521,4.206931115087876,26.637651724362613,Rayleigh,64QAM
0.019026350654762138,-0.04510177249865548,0.7169000898948943,0.7115688068908405,0.5139457388913075,0.5063301669400542,0.009286186343353294,0.9473652809078191,0.35379528298660096,0.12517110226356906,-0.08335164822460565,1.7956732114145002,1.8155393630971617,1.81603647921573,5.342181311066679,16.028721139229212,AWGN,64QAM
0.00824183417548797,-0.003989859828301212,0.7012339901675221,0.7139261262790406,0.4917291089662644,0.5096905137837966,0.004323073575825446,0.9358419027134103,0.35454675670189206,0.12570340268783065,-0.08109290619849915,1.7941069591351575,1.8587496642405057,1.8066417035860576,5.383109073681945,16.31629863053759,Rayleigh,64QAM
0.012617282617370922,-0.01828895594355554,0.7057255357212011,0.7045845019417288,0.49804853176897623,0.4964393203764741,-0.0033211071472119724,0.9342145152520626,0.3496065980040367,0.12222477336795612,-0.034839945201498815,1.7809198229264553,1.7845593774519484,1.785870159124202,4.141073251891586,27.78784767490799,Rayleigh,64QAM
0.011081930828856456,0.01913365673324306,0.7093567681725153,0.7091730056201418,0.5031870245521556,0.5029263519003058,0.0036613607255045763,0.9407048610358693,0.3488217981818633,0.12167664688682858,0.04762561771780004,1.794380087948191,1.7949043769607798,1.7783378965676786,4.422935680989922,21.979524314722763,Rayleigh,64QAM
-0.0009243308661274243,-0.00566062919706973,0.716936908064725,0.7019224210430249,0.5139985301454079,0.49269508516290156,0.0045397957645541736,0.9399860361661905,0.35093128135197554,0.1231527642313394,-0.008566312181008453,1.8149337703106327,1.7979480470910416,1.852732266091366,4.943679904358237,16.3420698859801,Rayleigh,64QAM
0.0029092093734996026,0.002312090640391699,0.7005799248135565,0.6995401935341478,0.49081223105176847,0.48935648236979296,0.005230216194938218,0.9269438997020603,0.34778949019343086,0.12095752948900654,0.06460817655318861,1.8040771683334993,1.8087642464180622,1.8395692726603239,4.6036004292442945,18.772898639215253,Rayleigh,64QAM
0.01853668923913079,-0.009087778693667762,0.7041984403093937,0.72603917642833,0.4958954433341827,0.5271328857087277,0.01715231831902672,0.9511832492718392,0.3445358499737144,0.11870495191710985,-0.04469504390045463,1.771778511232931,1.7971337245982442,1.7267127935105966,4.131936607024636,24.868336526387008,Rayleigh,64QAM
0.021138927699271046,0.008962308826212883,0.7068306624788417,0.7065732998128204,0.4996095854202782,0.49924582800837775,0.00578107606118557,0.9410414498255346,0.3373775042629296,0.11382358038268309,-0.016385120071823574,1.7776752747716196,1.7760654001092582,1.7612183806633335,4.167880120079499,26.13690004068343,Rayleigh,64QAM
0.03889317669850415,0.021134149181710794,0.749104300229891,0.743954890338399,0.5611572526229148,0.5534688788584192,0.006627627770063547,0.980570673640787,0.393784988200824,0.15506661693232313,0.09566666035847432,1.7766390055433336,1.956962257443606,2.027090706253605,6.709578849103249,9.144859776841773,AWGN,64QAM
-0.01976555717185278,0.008912078978129569,0.8067558428498031,0.8116169080365315,0.6508549899722962,0.6587220054107796,-0.011485242209560589,1.0517727337643956,0.45146562914010563,0.20382121429487138,0.0314838407096585,1.8278353643511067,2.2773178398529157,2.2748026477006764,6.774136477844285,5.395151763617488,AWGN,64QAM
0.009142570552802395,-0.00883494623608843,0.7660299867145418,0.7887632643315526,0.5868019405458811,0.6221474871589668,0.003319537929360122,1.007397626684792,0.440750601050077,0.19426109232600414,0.05098922988657712,1.7969764125644874,2.247448945978187,2.2373110408661123,7.205416664425945,6.254495835015598,AWGN,64QAM
0.03739813643784962,0.017572035979876034,0.7111769012183233,0.7096663919807037,0.5057725848264968,0.5036263879069098,-0.016237637327431675,0.942689468916872,0.3499184690526273,0.12244293498413449,0.09792223601504586,1.7535234662520915,1.7667239914854984,1.7797496453907642,4.234373949546073,23.259381346361717,AWGN,64QAM
0.007777262981171872,0.023122930691584356,0.7143035299931267,0.707683740308667,0.5102295329606418,0.5008162762972649,-0.009908871318929884,0.9425971661579957,0.35092954756199796,0.12315154735206857,0.06710972915637545,1.7979542288491526,1.7604336701072067,1.8011220359821238,4.320299551284835,21.494469446801702,Rayleigh,64QAM
0.0010362789859980053,0.017671482987189707,0.7603216249051048,0.7662270867472454,0.5780889732983389,0.5871039484651708,0.021828127080242666,1.0002198399895479,0.4062838276868722,0.1650665486398961,0.000736014430100901,1.8006165679285708,2.077865301605898,1.9946950830215509,6.533454318078381,8.447287368101682,Rayleigh,64QAM
-0.008728085413106764,-0.027402732291206454,0.7302664713815145,0.7331569327633701,0.5332891192240082,0.5375190880589928,0.0045520440585795,0.9650098994859435,0.37468812416346003,0.14039119038913245,-0.06117183918349457,1.8168982820579918,1.8962908677618562,1.9300826660169594,6.093599677214511,11.585394470043678,Rayleigh,64QAM
0.014854920782577097,0.014921533565133914,0.7182146800009473,0.720712075196707,0.5158323265688631,0.5194258953343438,0.01189240355486553,0.9480211013860927,0.37007774056986853,0.13695753406529892,0.01989888031114144,1.7875481858846678,1.9482083152777911,1.935832888945517,5.9472988406922465,11.5711451478792,AWGN,64QAM
0.002695839627589226,-0.005265028051795451,0.7067460161523563,0.7018391737083903,0.49948993134722675,0.49257822575167604,0.0010247981716820767,0.9351984250038317,0.3427930148660258,0.11750705104093939,0.0005070004469697437,1.8019670771587006,1.7578015279420383,1.801222000250409,4.516014865393106,22.007174189101537,AWGN,64QAM
0.029039758090901573,0.028014245543421957,0.767895810374129,0.756757869430517,0.5896639755901404,0.5726824729450154,-0.0042212862243702675,0.9989979512304825,0.40740354376931903,0.16597764747579943,0.05182201010011677,1.789384311084901,2.0705491876782407,2.0922861087729747,6.390414771159652,7.695286565653032,Rayleigh,64QAM
-0.013073495785133334,0.011061390096512963,0.7033303892564866,0.7040094098424301,0.494673636451681,0.49562924914668666,-0.007281614596241344,0.9348942476321302,0.3414218826988568,0.11656890198563194,0.03241588260942288,1.795061203350767,1.778151073667151,1.7525126133524211,4.096663316002692,26.955558880343762,Rayleigh,64QAM
0.02522884585573524,-0.007003021328879978,0.7075862630011659,0.714214066095689,0.5006783195879551,0.5101017322089373,-0.01982696933590284,0.9433261797227948,0.3487137901165295,0.12160130741743495,0.03819645644992534,1.785952126848177,1.7648185054762542,1.7578990957535843,3.998307714209063,27.590081433681245,Rayleigh,64QAM
-0.002324565784757498,-0.015917697081104833,0.7039687657078292,0.7173947104196462,0.4955720230922045,0.514655170538088,0.002720199937792146,0.9414328006105912,0.3524063737381103,0.12419025225124468,-0.031564014737843656,1.7988481515484258,1.8505012730898605,1.7848927118234688,4.887463923957867,17.431959765951223,Rayleigh,64QAM
0.009723490572160147,0.0040228375495853985,0.7141588254798475,0.7125034789296368,0.5100228280107554,0.5076612074868355,0.0018470283761910392,0.9490756537229181,0.34212595414388497,0.1170501684988637,0.005983100607181854,1.7788815730625926,1.7684104524931712,1.7455299159336932,4.454931403449544,19.731859080265878,Rayleigh,64QAM
0.013558119503127393,-0.016123375121497002,0.7150692429995926,0.7130826369967465,0.5113240222840104,0.5084868471862336,0.005773570621384549,0.9472546097919149,0.3506613174103765,0.12296335952798079,-0.01343604123529094,1.7808653634808884,1.784296451863643,1.8003694136057797,4.822270333767961,17.59105226653475,AWGN,64QAM
0.013432960188129828,-0.019823576160150954,0.7169476890194275,0.700357150099143,0.5140139887902977,0.4905001376949935,0.004220374362084478,0.9399391049663651,0.3487148176253955,0.12160202403151285,-0.03943972429224864,1.7966513354252023,1.7770306415003496,1.8220802219061658,4.877681698361401,19.397028716112985,AWGN,64QAM
-0.018515636099727045,-0.0025056530383380515,0.7073021942093164,0.7032755475749057,0.5002763939333135,0.49459649581678355,0.002511637181097199,0.9360585362839401,0.34498755553989324,0.1190164134773909,-0.020216215528227277,1.820536117214278,1.767667062431129,1.790445042468858,4.270939175022238,27.49337065582134,Rayleigh,64QAM
-0.02564966789466461,-0.0034573994133159955,0.7228889858858784,0.7098256128561974,0.5225684859151136,0.5038524006666762,-0.002119086658452492,0.9499853808674638,0.35301348670227817,0.12461852179369952,-0.012360206546333028,1.8262023787948027,1.7849829217326465,1.7841621518355097,5.013163759647434,17.75321883747175,Rayleigh,64QAM
-0.018590231499341657,-0.02916210156705648,0.7390469141927554,0.744083686048735,0.5461903413778338,0.5536605318438724,-0.008681910936292704,0.9783000297190275,0.3794416291716852,0.1439759499484627,-0.06186462611834741,1.8232805799835012,1.9521524654154445,1.9884208103863272,5.666797350367373,10.398933165993572,AWGN,64QAM
0.00036853982450850377,0.022204798993798368,0.7107662267676377,0.7091742354616354,0.5051886291135049,0.502928096242595,-0.002011639767132205,0.9430984930254038,0.34521753537337807,0.11917514672926956,0.04120119567343903,1.7978240154578733,1.7582331773682658,1.7631556809740678,4.209507173446575,28.642078816638122,Rayleigh,64QAM
-0.01179035022346015,0.01366572297888759,0.7769366823302444,0.8053009741360313,0.6036306083503271,0.648509658944441,-0.0010081926942833374,1.0233113803332026,0.45310026541401544,0.20529985051825123,0.01663878279346168,1.8174173163939136,2.266516128779978,2.2993490482306895,6.303914050639151,5.39690486619956,Rayleigh,64QAM
-0.014688892207149092,0.01790671427983118,0.7235428654074465,0.7279216768922671,0.5235142780820182,0.5298699676896501,0.011121777673627167,0.9629054231815418,0.35599691817460594,0.12673380574981707,0.07127138816506821,1.8208213059990888,1.8017585153682327,1.8123148697389682,5.307078067376585,15.288106212520468,Rayleigh,64QAM
-0.0164607028994175,-0.03205650651334844,0.7831994108149773,0.7772929757342422,0.6134013171009277,0.6041843701257932,-0.006420906363306303,1.0124743929548372,0.4402043448073158,0.1937798651872382,-0.038511711878066304,1.8227586381366843,2.227113599065877,2.2166687911240555,7.730664093191192,6.054971612098604,AWGN,64QAM
-0.023519373184369596,0.0104414667645106,0.7941010968114365,0.803962149202683,0.6305965519571264,0.6463551373505971,0.02138003534811723,1.0410328018845396,0.44030055626961045,0.1938645798513284,0.01623096047567322,1.833333179140539,2.264389983653664,2.165799154495352,7.301105214075197,5.25968606108431,Rayleigh,64QAM
-0.005351975319782739,0.0340765856304643,0.7082108042350805,0.7094275520244174,0.5015625432352996,0.5032874515713575,0.005007621056591236,0.9410305831420039,0.3471329626038574,0.12050129372613107,0.030539380568218946,1.8022129496992396,1.8088171753602513,1.7783616261084225,4.609218235687412,18.30407905750878,AWGN,64QAM
0.008778902315026151,-0.00850376561545229,0.7114595565017069,0.7173958238875788,0.5061747005376054,0.514656768131338,0.00557061281541454,0.9424004813510332,0.3645026537266686,0.1328621845737837,-0.050835824748403126,1.7957199834003639,1.844146586283305,1.843216109648022,5.099203016294273,16.216036744971397,Rayleigh,64QAM
-0.010373740519693732,0.009573053084897025,0.7170231542923398,0.7148714685693891,0.5141222037913364,0.5110412165745551,-0.017197576570468477,0.9490036386598547,0.3532064155900676,0.12475477201398355,-0.0018720487634389168,1.831418149687027,1.8199641825430846,1.8347625314215503,4.969804856888109,17.31140856199937,AWGN,64QAM
0.004352367193727129,-0.008114003765856668,0.7653691864525508,0.7644686606126032,0.5857899915710395,0.5844123330588276,-0.006033944192390344,0.9997472464664425,0.41327055057181894,0.17079254796993434,-0.001620469293544965,1.8087358769179562,2.040189951353632,2.0784679627870783,5.804801392780801,8.236507732136568,AWGN,64QAM
-0.02617857454291848,-0.013849105717331526,0.7291529824082134,0.7212693138367806,0.5316640717547924,0.5202294230825802,0.01332574112017223,0.9620906432458607,0.3565840777578379,0.1271522045104078,-0.017796923413081887,1.837723053141217,1.7653688140513548,1.7814753918121127,4.844889782502406,17.487532157448904,AWGN,64QAM
0.01488868968063311,0.023164623319253924,0.7408928543121127,0.7468998898796178,0.5489222215707495,0.5578594455021851,-0.015955948756305065,0.9786335930204274,0.38706101655784486,0.14981623053879226,0.08165418266217973,1.7935073297796091,2.0756346344040284,1.9855184830060115,6.02211259569934,9.097908634277694,AWGN,64QAM
0.01627137167167191,0.00587400584138497,0.7163838112453648,0.7100117128775801,0.5132057650144344,0.5041166324233552,-0.015730745863418202,0.9507933816083642,0.3370661721505491,0.1136136044082236,0.04393133469455544,1.8021610426259902,1.7349392256251217,1.7435682619865605,3.9224231145796424,29.349309981717116,Rayleigh,64QAM
0.023022963876915076,-0.001972678075717797,0.6915201879984532,0.7030907060592112,0.47820017040941604,0.4943365409468401,0.005966992737103452,0.9225181703006947,0.3493291930912483,0.12203088514578264,-0.037788943096117175,1.7670656715591788,1.835189665798291,1.7926735441204518,4.455782722446264,24.06343214306369,AWGN,64QAM
0.017087831051843996,0.03489642555499465,0.7128179371332434,0.7192635820748754,0.5081094114988924,0.517340100499181,-0.020262478543428164,0.9535302149772896,0.3431317467242121,0.11773939561000885,0.11146404974650294,1.7724069876014668,1.767464164077519,1.7431559451460852,3.988747703294502,28.71036676807732,AWGN,64QAM
0.02657775923103352,0.025621706177878647,0.7258154964374078,0.7298201267955847,0.5268081348686808,0.5326374174759233,0.008068568820373807,0.9604570164350357,0.3719283815985575,0.13833072103852223,0.03543418246260445,1.7720386275923135,1.9103440889013898,1.8946122143351631,5.5707476067499515,12.292019586400631,AWGN,64QAM
0.01144785311841775,0.003661796595788162,0.7424189359583242,0.7357235740716824,0.5511858764694904,0.5412891774448104,0.018848871836511728,0.9727988208374124,0.38246826036544573,0.1462819701869704,-0.047481676933740447,1.7996498423611844,1.9667591264820334,1.9671609415656393,6.640470754593794,10.263090769254394,Rayleigh,64QAM
0.011737916372427543,-0.007711906846389579,0.7118233515379917,0.7091335703293491,0.5066924837947793,0.5028704205680499,0.0035216138014029954,0.9409348588919875,0.35270631958148724,0.12440174787271821,-0.02029626616804182,1.788818050089095,1.7722486683951457,1.7910760575827713,4.3595715634356385,23.192358102452054,Rayleigh,64QAM
-0.019934950803789455,0.009290182115933597,0.7025650460450622,0.7257159422481506,0.49359764392430044,0.526663628833121,-0.00034355108526726573,0.9465370275960642,0.3532883211971855,0.12481263789432571,0.03145160114698041,1.8207945300365924,1.825876335998349,1.761858605634047,4.831877175868573,18.82489600253985,Rayleigh,64QAM
0.016172790936369964,-0.00914547653720867,0.8102961179060372,0.8068790656804513,0.6565797986935945,0.6510538266333581,-0.01686075434232196,1.046885370313302,0.4604452689068456,0.21200984565869738,-0.060627444464158534,1.7827116768901858,2.2449709572772507,2.2460723700043768,7.582998850920953,5.498266941582792,AWGN,64QAM
-0.019527849345768795,0.007124135096980562,0.7332710711899267,0.7206340501822744,0.5376864638440226,0.5193134342821089,0.018279681499728157,0.9619590367167925,0.3634099613466633,0.1320668000059833,-0.006097335604065524,1.8228642541140108,1.8472537521282517,1.8918572875460344,5.251873083253852,12.679956868205558,AWGN,64QAM
0.0016447980605432846,0.01958084995685314,0.7537855828014455,0.7503870635855564,0.5681927048393148,0.5630807451965539,0.025610210877533318,0.9843703900859573,0.4033292702043602,0.1626745002035818,0.004941161973969547,1.8066667192288204,1.9487798053285768,2.0368532930184657,5.870891821654563,9.506877971689569,Rayleigh,64QAM
-0.034490321993490475,-0.02991505074665665,0.6986471167281906,0.7151702067826458,0.488107793712614,0.5114684246695324,0.00744401781321992,0.9350280724811694,0.3569078517302263,0.1273832146266852,-0.0360057558492928,1.82965300843695,1.8209590934403177,1.787625320573324,4.462804049831328,21.31435083214363,AWGN,64QAM
-0.012152940984587853,-0.007896143983189483,0.7905458152798671,0.7910911262511903,0.6249626860565097,0.6258251700333767,0.015190925742793354,1.0330817623315613,0.4286490073383815,0.18373997149217985,-0.032049068929836576,1.8268462017491034,2.152528797559437,2.134046710406051,6.7568441486913695,6.663777420099594,Rayleigh,64QAM
-0.009890188006672457,-0.023692825993342746,0.8031355584774057,0.7870030142364743,0.6450267252908143,0.6193737444172963,0.0049279180662297785,1.0339634592290285,0.44269538117040397,0.19597920050960924,0.002787209823488403,1.8199984228520383,2.119610256721376,2.2761017860510298,7.37793188135219,6.353277794803806,AWGN,64QAM
-0.026545912059023118,-0.01218290547539175,0.7083041935524125,0.7069789769192688,0.5016948306039334,0.49981927380581603,0.02223887615827109,0.9380337990793091,0.3499425736138084,0.12245980482745573,-0.043913899676705365,1.8248779896782563,1.7710788852818877,1.7830616492141502,4.273877783761732,23.493245125151628,Rayleigh,64QAM
0.014106172870858124,0.0015967511826162951,0.706771982179671,0.7025354988202348,0.4995266347941811,0.49355612710259616,0.008445104187941178,0.9332459913402457,0.3497659435558884,0.12233621527154093,-0.017366694972123918,1.7970317675447272,1.7919614204348153,1.809474755563673,4.41775937674172,21.244638127798787,AWGN,64QAM
-0.0006741034448364162,-0.01824063135571462,0.7068572477504778,0.7128447758167455,0.4996471686973803,0.5081476744092261,-0.012777874537999624,0.9444633206183916,0.34075952541462035,0.11611705416079728,-0.011507269201010528,1.7983537466393773,1.754592270526233,1.7530208751688452,4.033067717357015,28.164476327925506,AWGN,64QAM
-0.0009040543561066272,0.007648742053088636,0.8192393191785455,0.8236242096280643,0.6711530620881269,0.6783568386854535,0.004807646046374811,1.0666291869604143,0.46029490423751085,0.21187139886701928,-0.04225773744284022,1.7986130887038165,2.3493295935054017,2.2575800706833427,7.548668482466766,5.261142183830093,Rayleigh,64QAM
-0.0005372752558319942,-0.007901321399288074,0.7049212675844304,0.7115863841261537,0.4969139934928402,0.506355182073734,-0.003657629441020619,0.9365194453749789,0.3553353677100996,0.12626322354567168,-0.014984260190296424,1.7906798025315742,1.8057932400049186,1.7841368047569908,4.3912308354278125,23.765848248047377,Rayleigh,64QAM
-0.03639731588627966,0.034597076997123326,0.7315225549637732,0.7172812965429547,0.5351252484207265,0.5144924583703422,0.01273188763710247,0.9642483016229957,0.34980657790943204,0.12236464194870755,0.08343741494122367,1.8363953438355822,1.7832361448793903,1.8296907861405598,4.84215416276898,15.317346440750647,Rayleigh,64QAM
0.021787469203228965,-0.035466758106645055,0.7390913266855413,0.7253595952134101,0.5462559891817935,0.5261465423681622,-0.026963840200753802,0.964844656192806,0.37843084666953136,0.14320990571101835,0.008001430145063597,1.7933009874640502,1.9052403187107985,1.972783734090688,5.896898922867418,10.39977355585769,Rayleigh,64QAM
-0.014561570805153365,-0.012900915586794128,0.7069949239797797,0.7150233583855133,0.49984182253317444,0.5112584030368983,0.004297441012234107,0.9477321658146834,0.33657456888121146,0.11328244041757335,-0.04532850262775666,1.8147488501951425,1.7674569028599152,1.748325121475184,4.1348723397170914,25.664616832294506,AWGN,64QAM
-0.002042871883809248,0.0029379689741420596,0.7472667885043851,0.7506496151709833,0.5584076532016574,0.5634748447563452,-0.016462892046284216,0.9814453099623681,0.398321988469254,0.1586604064981005,0.013434905575492482,1.8128316445979857,2.0822677610837745,2.0229343680068137,7.0921656884006286,8.885985443130494,AWGN,64QAM
-0.015208082611482805,-0.024372862811352473,0.7168865940547102,0.709028336589435,0.5139263887353629,0.5027211820867811,0.0009831386207781844,0.9489062763902026,0.34212537419455363,0.11704977166776334,-0.02160050420526884,1.8217392161992736,1.7427012164013778,1.7647488681468457,4.191531492487162,27.627680260853662,AWGN,64QAM
0.024385217451647605,-0.002483630883727303,0.755458408991724,0.7584585347212525,0.570717407716307,0.5752593488915093,0.011604978253915947,0.990616461895103,0.4065176371115712,0.1652565892827751,-0.020450572291765022,1.7764373154629938,2.0617555189033854,2.082815777393792,6.531954352899808,7.948500785889873,AWGN,64QAM
0.026292020232936055,0.0019374921222549573,0.7103745093235727,0.7131785927600248,0.5046319434967067,0.5086237051711693,-0.005174712503280136,0.9417588480146281,0.35642803629581343,0.1270409450576897,-0.021073854312316006,1.7760849002921038,1.8502311697660703,1.8387352873754212,5.569719024889145,15.4581670700686,AWGN,64QAM
0.0036028578931793054,-0.005559672753039064,0.7106939558795865,0.721415853158961,0.5050858989237756,0.5204408331890715,-0.016711289590307193,0.9431459181289378,0.3688446824554879,0.1360463997756897,0.03343446948250211,1.7983779734022691,1.8776864182365434,1.8585802044353548,5.162551533181967,14.692663358616056,Rayleigh,64QAM
0.017951691441474085,-0.0020633100443835867,0.7307536616695289,0.7172594920246976,0.5340009140434243,0.5144611788995274,0.013567652726597103,0.9563142167093203,0.36640378319081285,0.13425173233654017,-0.008756243003194745,1.781431094539148,1.83697077546938,1.870832524514318,5.1269115129546625,14.884018606804492,Rayleigh,64QAM
-0.005041430782238254,0.009926531827277478,0.7109538218646098,0.7013946428599047,0.5054553368238952,0.4919544450325733,0.013256573461841194,0.9366891223748375,0.3466225929445094,0.12014722193957507,-0.011123832544043637,1.8059047717661298,1.7460233611256297,1.7883058078426066,4.044510790144942,27.14818351321117,AWGN,64QAM
-0.018764886421147084,0.00932421757474475,0.7045273700340098,0.7186443249861684,0.4963588151270385,0.5164496658348257,0.008877987816669505,0.9477589658989461,0.3391172150095065,0.11500048551580386,0.01997532207197081,1.8113522316007906,1.767320963479378,1.7384586951948005,4.133799073650022,24.585865313736424,AWGN,64QAM
0.02165944710059198,-0.011637713263335204,0.7250616573693568,0.7213511424553515,0.5257144069871986,0.5203474707216408,-0.00040307806548961175,0.9526492817821589,0.3729956992345609,0.13912579164747899,-0.032579324466751235,1.7827338022917492,1.9028736213115391,1.8920648111153286,5.343024640167801,12.480271199283287,AWGN,64QAM
-0.007005172708059256,-0.010001956380565545,0.7189247074912456,0.7310071068166785,0.5168527350413731,0.5343713902164908,0.006062629775288313,0.9587358502679495,0.36359153764212415,0.1321988062449642,-0.02516044233119272,1.7966270375926328,1.8556324177909016,1.820037610482424,5.543393902345595,13.79789279517854,Rayleigh,64QAM
0.00172427286223622,0.005322538845082309,0.7089127866593601,0.7159478721833763,0.5025573390891394,0.5125813556839041,-0.012501254120125049,0.9484059519256356,0.340141364232187,0.11569614766173329,0.04725267496123117,1.7962793800235721,1.754779280192939,1.729085892611063,4.093286042766495,25.89717328148322,Rayleigh,64QAM
9.82253595555186e-05,0.007165316397037617,0.6972456473636609,0.7075677818708993,0.4861514927675706,0.5006521659417045,-0.013176916123678332,0.933944055461672,0.33853140383777003,0.11460351138437133,0.025848363517279573,1.8015101794743371,1.7743739644356389,1.7860195983505167,4.035824495775211,29.926437183130318,Rayleigh,64QAM
-0.01075478688240517,-0.015258513015754586,0.7213115177922156,0.7295081466561838,0.5202903056997098,0.5321821360377401,-0.0010304647832018506,0.9619244168403436,0.35710271027276247,0.12752234568415255,-0.030874965091976875,1.803452077047923,1.8432164506421171,1.8261411565545351,5.189504305876227,14.112157779474577,AWGN,64QAM
0.0030345129039167514,0.004831966385962534,0.7076155834999192,0.7036804948864067,0.5007198140119311,0.4951662388835782,0.0059934738378899285,0.9357247924552108,0.3468972785247543,0.12033772184788098,-0.04560350368483193,1.8126405372594683,1.790804142139006,1.790256248768232,4.483530987005115,21.520790393352417,Rayleigh,64QAM
-0.01540057377227517,-0.015262387281920753,0.7120186483719774,0.7180662071356394,0.5069705556294575,0.515619077830163,0.008620064713008406,0.9461686760234288,0.3575256467860046,0.12782458810975095,-0.046313353661131824,1.823756135390298,1.8174611303619803,1.783047904619246,4.7319202390475565,17.388742651097978,Rayleigh,64QAM
-0.00645592994067993,-0.01402227092074216,0.7653415170728655,0.7885315353731732,0.5857476377553953,0.621781982277974,-0.0009166829155526622,1.0119528605197141,0.42862493071741764,0.18371933123251108,0.012550090604149786,1.8038309359934805,2.144300941227965,2.121821739608266,7.275167649696521,6.919539679362697,AWGN,64QAM
-0.029238957717700347,-0.0006681578907203531,0.7068480526134082,0.7057728000536265,0.4996341694833675,0.4981152452955363,0.006725376916537846,0.9391833398231647,0.3413787223318025,0.11653943206089391,0.009148519754286634,1.8428726158955935,1.7666645611445428,1.7730897476434855,4.068029047531352,27.63284458827766,AWGN,64QAM
-0.013412648330475103,-0.014806007205126833,0.7151274488845097,0.720315760326231,0.511407268148067,0.5188547945743563,0.009041472083063261,0.9470324554154652,0.365774121688199,0.1337907080967734,-0.017710348948796147,1.792643695977259,1.8581606631506022,1.837463412455766,5.476928288441544,14.757574573048142,Rayleigh,64QAM
0.006321916572974535,0.01588361864014892,0.7031665460298694,0.7153108965014333,0.4944431914555764,0.5116696786536842,-0.009424818070540589,0.9409602323672785,0.3478490580450649,0.12099896718283894,0.04883677153526846,1.7927789368158287,1.7975364102948816,1.7609134510993114,4.303219661132144,20.339306091621026,Rayleigh,64QAM
-0.00562940546461616,0.011434294617970535,0.7016566298428053,0.7004946788869552,0.4923220262023634,0.49069279514893843,0.0033049196065626962,0.9302453964681345,0.3432502833217195,0.1178207570004407,0.03982882915122186,1.8069137647910856,1.7771184427358095,1.7877250818293362,4.240263615052678,26.419999701729985,AWGN,64QAM
-0.02484736856822358,-0.0008894820717789964,0.7017522117696626,0.7118504114226775,0.49245616672361336,0.5067310082426352,-0.016875511379248753,0.9382104337905833,0.3457839495925962,0.11956653979585508,0.043421136715809446,1.8032596974522193,1.806597339172011,1.7505983605807007,4.033929757941515,27.672703810700746,Rayleigh,64QAM
-0.007212963104015813,0.00680691096606077,0.7903255629804137,0.7818539371567733,0.6246144955003078,0.6112955790475476,-0.023593561711372082,1.0208284238768048,0.44036094789012986,0.19391776442669367,0.014745898732455688,1.8290903608398437,2.171911071012604,2.2554250850127637,7.444708175673592,6.007077515965568,Rayleigh,64QAM
-0.008931224602093703,0.013838160484291822,0.7012829445544798,0.6902948755017304,0.49179776832300165,0.4765070151439495,0.0053239482490857895,0.9254108422650593,0.33494897812011126,0.11219081794370679,0.02597296957174023,1.8122336583935021,1.746411979124754,1.813125119372859,4.288236020691114,25.46668865318021,AWGN,64QAM
0.022304381015121062,0.012709773614318541,0.712683121265626,0.7000811182370429,0.507917231336915,0.4901135721120285,-0.007560026489665804,0.9374690379349065,0.34618149881260163,0.11984163012013929,0.02877468445075012,1.7762379208439416,1.7403427529234528,1.7821816073175865,4.094826198392479,25.830349229824623,Rayleigh,64QAM
0.01626188144032947,0.01746364648385795,0.7811529647687796,0.7813331595179626,0.6101999543670542,0.610481506162322,0.006195553731193747,1.0123188645046972,0.44323966974289364,0.1964614048337894,0.057709973864048004,1.7849984096445572,2.244721982376707,2.1875840206517023,6.874225665061541,6.4010507033443,Rayleigh,64QAM
-0.015499486277617332,-0.026235024757515955,0.718034379218052,0.7206289655797438,0.5155733697390533,0.5193061060325316,-0.003707710660048279,0.9495953581529248,0.3661647745822924,0.13407664214490103,-0.07294142418352999,1.8271120083079428,1.8779637413264525,1.8613818203358587,5.092799977683976,12.892718723962155,AWGN,64QAM
0.013927544544616845,-0.017257966560350828,0.7906032599314516,0.7895479015557759,0.6250535146142384,0.6233858888511292,0.006090009065897644,1.0239714351644895,0.44767590658799544,0.20041371733938362,-0.07667055332003829,1.7806329876614042,2.191372931790046,2.1580483621885067,6.495476278503988,6.5989167466923835,Rayleigh,64QAM
-0.001547237565441173,-0.016107518665639416,0.702399892710614,0.709144191739011,0.4933656092798821,0.5028854846771752,-0.0038807053179354747,0.9335381650594705,0.35358087396818,0.125019434436102,0.006795221513962352,1.8075727018303414,1.8121746252342232,1.8081538148886829,4.547046839283149,19.46608772948987,AWGN,64QAM
0.029683117212165423,0.017216228294575062,0.7101501544617927,0.7059680067437365,0.5043132418821081,0.49839082654572436,-0.012370018125079213,0.9367402048181908,0.35552685281020396,0.12639934306912842,0.03857831410288615,1.7874034802272674,1.8307632095685813,1.8494244282992462,5.088622025188506,16.127780417552806,AWGN,64QAM
-0.021729935013881603,-0.027531171034396982,0.7518042029675674,0.7524219843632374,0.5652095595996994,0.5661388425531119,0.005241220270963646,0.9886418056601535,0.39391107842770245,0.15516593770807555,-0.07513590149603012,1.8130090832356405,1.99137245865551,2.0461104599237965,5.55017607719205,9.25875480759386,AWGN,64QAM
-0.004099724405859061,0.007692930534036633,0.719768902508932,0.7294261066362491,0.5180672730189124,0.5320624450425165,0.011581487227149634,0.9581353830275207,0.3635688308594961,0.1321822947725409,0.006958355012613113,1.8000002055278441,1.8838644681624646,1.8552210260676572,5.4482833648120055,13.833317763177906,Rayleigh,64QAM
0.01836194596540252,-0.005291942597041164,0.7842433066363375,0.7959073680442269,0.6150375640038964,0.6334685385070884,0.015367695384809914,1.0215004241879075,0.45321976083462706,0.20540815161099654,-0.0038829431088999882,1.7852704675374342,2.200654887547762,2.3003994074656124,7.552373582030764,6.376417345873257,Rayleigh,64QAM
-0.01180589322925489,-0.023506298823442205,0.7143029067921526,0.7175424866322506,0.5102286426517186,0.5148672201223936,0.000853602636358478,0.9481232119804627,0.3561603050274981,0.1268501628772805,-0.06475173244886862,1.8194222267460085,1.8578411577015836,1.8139745762281267,4.900693894965079,15.549366756319495,Rayleigh,64QAM
0.0076680747411016935,-0.02514886675078683,0.7318580856248894,0.7168120278311948,0.535616257494528,0.5138194832434696,-0.013086904189276553,0.9599900016516552,0.3585334047699553,0.12854620233593664,-0.041847048959653854,1.8164423387057729,1.819154999552737,1.9161196102512354,4.95692914895897,13.194471618752392,Rayleigh,64QAM
-0.0438758791638922,-0.02369193387710384,0.7096528149075062,0.7050826718996559,0.5036071177061473,0.4971415742131578,-0.01002058681221179,0.9374472178505041,0.352743258145207,0.12442780616689617,-0.039580136464985566,1.8586327145760793,1.8387295159521093,1.860648636152763,5.448621249805642,15.445149727408126,AWGN,64QAM
0.0021489526750363445,0.006380456894303558,0.7000369447036754,0.7131550757251991,0.49005172395005664,0.5085901620326144,0.007028725161424183,0.9343669000506752,0.35446538660374466,0.12564571030014218,0.0063735239414097,1.7993164203025482,1.7915435351270477,1.7685627797607115,4.092672543577813,26.855416533226784,AWGN,64QAM
0.01565275643660481,-0.016016960431419768,0.7164806186096682,0.7148427466643114,0.5133444768432928,0.5110001524585768,0.015709392436685322,0.9506285232170161,0.34806837252705103,0.12115159195362997,-0.04297969516823144,1.7997784285927514,1.7684262102166344,1.7821119571315445,4.630334047754944,18.62812973460086,AWGN,64QAM
-0.03127176282080568,-0.011580102464789204,0.7113971015868039,0.7000469009775957,0.5060858361461054,0.49006566356833564,0.005616423989215699,0.9374729580302912,0.344104598340959,0.11840797459939276,0.0032172724972917926,1.8213601244165418,1.7453771601652355,1.7845385524019162,4.189101129766054,26.972222545238896,Rayleigh,64QAM
0.0274522536085948,0.024347556338438475,0.6985171747231559,0.7179181178750174,0.48792624338321994,0.5154064239732072,-0.00016141610704088302,0.9396344479085614,0.3489501416934002,0.12176620138784408,0.027557664639181686,1.7591307509845837,1.808546291334171,1.7323100804867335,4.394775057118899,24.756233111459814,Rayleigh,64QAM
0.004404774281486052,-0.021924691567152727,0.7332397731498401,0.7329731856846544,0.537640564928829,0.5372496909327109,0.005046447565833615,0.9674295737596136,0.3734573199357832,0.13947036981361793,-0.06035582771754922,1.798722121011078,1.8991330378803368,1.9099223937390797,5.217012105948186,11.616292912251254,Rayleigh,64QAM
0.0027542543811389705,-0.003621315485631034,0.7153221968758283,0.7124002075784756,0.5116858453432612,0.5075140557578551,-0.014781763526907,0.9444164589722257,0.3567886670937308,0.12729815296652106,0.04040057469434794,1.7908489242778083,1.818319311923632,1.8517089396699218,5.458929541251862,15.300381020371841,AWGN,64QAM
-0.028608996264718998,-0.01907114539406128,0.7375933099780768,0.7304945791267123,0.5440438909244153,0.5336223301335126,-0.014449071489736235,0.9653659117971293,0.38329761367890247,0.14691706065194118,-0.01839456563687193,1.834473044521986,1.9883821238322144,2.007858154077578,5.678811053826001,10.19105009772044,AWGN,64QAM
0.002271458691492283,-0.008808025086467055,0.7029783469866564,0.7020852869013998,0.49417855633209185,0.49292375008342093,-0.019268113142088487,0.92918073420838,0.3518639089506048,0.12380821042199953,-0.01677753061778826,1.809210619853649,1.8546347027564083,1.8279056822590587,5.183624633831455,16.650179489013325,Rayleigh,64QAM
0.008357072815401224,-0.015427658202604281,0.7090944096936717,0.703683803718825,0.5028148818588167,0.49517089561619376,0.01445865811545137,0.9349035432219932,0.3524897099911308,0.12424899564963146,-0.07011698173714415,1.7872516483764709,1.7782609894622206,1.8136083923677673,4.329218929799204,21.123980633620317,AWGN,64QAM
0.006109018782939037,-0.013175632480008128,0.7243669287099564,0.7379790221057424,0.5247074474086951,0.5446130370681478,-0.011294282851243382,0.9636841780777778,0.37529216192339965,0.14084420680113924,0.006565354439999383,1.800327833599053,1.9274562306393688,1.9013732964247412,5.693027062859545,11.745100359683859,AWGN,64QAM
-0.002405954827348048,-0.021409381124306275,0.6967987649855039,0.6959145491005105,0.48552851888532345,0.48429705964976694,0.0008580139619923948,0.923815429715648,0.34184028518174986,0.11685478057314005,-0.03286899006291437,1.8001448320801545,1.8101209044243598,1.788648051972507,4.378357181344847,25.616274651484595,AWGN,64QAM
0.012380268696296087,-0.002535663831837546,0.7019823788848214,0.7044646396673002,0.492779260264793,0.49627042854157916,-0.019283881932959726,0.9291106426885084,0.35491238791197394,0.12596280309337948,0.0511819619093376,1.803482529565953,1.819734156576678,1.7939569176370753,4.735449230402362,24.176053602377518,Rayleigh,64QAM
-0.03288089386751564,-0.008178403927156725,0.7167263235348816,0.7084450322761294,0.5136966228478278,0.5018943637567261,0.003500631813941647,0.9470585406677451,0.3461490237241142,0.11981914662515737,-0.043126098798282254,1.8410646060347124,1.7395614952933838,1.7650275072267558,4.191204839386851,24.849624742199463,Rayleigh,64QAM
0.003934706389010694,0.0030787781126348454,0.7160464078443552,0.6953147674637504,0.5127224581868047,0.4834626258531694,-0.006326860428251903,0.9344723167996185,0.35067297295936867,0.12297153396416209,0.039037245766966086,1.8013879616691975,1.7783147239350012,1.8175503513855011,4.523492758501394,20.84367229146176,Rayleigh,64QAM
0.0021926333343170743,0.018049823138487103,0.6999090627758147,0.7094515134661705,0.48987269615571927,0.50332144995944,-0.010475967215887857,0.9329976571619615,0.35077075362937493,0.12304012160171966,0.03894536282186168,1.7962583667281067,1.814714298392841,1.7612027020526937,4.479820831778326,24.02573068928605,AWGN,64QAM
-0.00018174899408683474,0.025899092770291055,0.719131572968904,0.7072930619381265,0.51715021924073,0.5002634754658104,-0.004513887389305194,0.9467383127821266,0.34895710030892607,0.12177105785601387,0.07937192857504739,1.8100274746083689,1.782746023676526,1.8193557987918874,4.925081806291457,18.22624209005552,AWGN,64QAM
-0.00811831684724797,0.009981147997297027,0.7195216258350573,0.7041110707109016,0.5177113700443242,0.49577239989765226,0.017146871812405397,0.9415101695989515,0.35666216629677194,0.12720790086750622,0.015214822970105736,1.8156394302672076,1.818269272054508,1.8759705760274734,5.373662174011059,15.808483313981132,Rayleigh,64QAM
-0.016540561136791913,0.018155016173499378,0.7794670879246024,0.769197285997992,0.6075689411576599,0.5916644647866767,0.001932412477605654,1.0048448221433377,0.4360315173597437,0.19012348413104047,0.008826274234513721,1.8297837289243113,2.209633809507977,2.168952024265629,6.990257043203925,7.225255685971348,Rayleigh,64QAM
0.0111012465126427,-0.02734574103613395,0.7111835622870997,0.7192763349816368,0.505782059267369,0.5173584460646158,-0.0037749201198965395,0.9507847969500172,0.346438742705906,0.12001980244764897,-0.09292176029254708,1.7857023577991504,1.778283769721467,1.7538782311857155,4.676248890090843,19.126611813371145,Rayleigh,64QAM
0.00917394254746602,0.006990983469256683,0.79913838778519,0.8035756225503389,0.6386221628319126,0.6457337811571647,0.0008284805741264928,1.0421666267347214,0.4453961171599738,0.1983777011811811,0.027650487009105173,1.797587604300119,2.2139936277392858,2.250967636442743,6.521907255368972,5.359488764043289,AWGN,64QAM
-0.014597415189869168,-0.028543953876830064,0.7177543148615178,0.7241447963262716,0.5151712565023268,0.5243856860464174,-0.0065170801645853425,0.9516288778838888,0.3674061283638895,0.1349872631593428,-0.03392009470545957,1.8093005088919962,1.899930484923883,1.862293068345828,5.314056851100434,13.455734358119606,AWGN,64QAM
-0.03208564740835526,-0.0093349848405998,0.7126923724596014,0.7183932361090558,0.5079304177620952,0.5160888416872416,-0.002682791035687577,0.9517366947725584,0.3454463112906697,0.1193331539843303,0.008864745305249486,1.8249982761733985,1.764556603411866,1.7558012695448608,4.194042913138451,26.59376020371289,AWGN,64QAM
-0.0004945378213473599,0.0319152127542104,0.7889014319280943,0.7836234101270452,0.6223654692981975,0.6140656488991393,-0.02716366969829495,1.0225288746940722,0.4380463947882853,0.1918846439870143,0.07148838740418204,1.81592595902435,2.173919522022676,2.2735814038920643,8.012879162326877,5.888719012811556,Rayleigh,64QAM
-0.02832863503481199,-0.019650665868853914,0.6986616525240709,0.7079571012162308,0.48812810470766554,0.5012032571624885,0.011501857570257012,0.9308563007864082,0.352174061208975,0.12402656938842287,-0.10174258722284808,1.822309787996643,1.8299654026005248,1.7898021433676163,4.253715267809241,24.98647722727533,Rayleigh,64QAM
0.020274772008574866,0.01736560602400307,0.7202837623548881,0.7190151675122186,0.518808698312113,0.5169828111126238,0.009530198257196469,0.9565122989020066,0.34869522813843573,0.12158836212651575,0.016699443481151297,1.7882406607364156,1.7586652088930061,1.7693052210484177,4.667255896522643,20.285284983573586,AWGN,64QAM
-0.015062571983246738,0.00772039520154374,0.699855998764597,0.7044070559407344,0.4897984190067917,0.4961893004590929,-0.0046301588841152555,0.9301777834894982,0.34791305831380787,0.12104349614526706,0.022396730634356345,1.8111430740206669,1.794529230163373,1.8026543097727572,4.230569374241314,24.1416016518766,AWGN,64QAM
-0.003996746894919266,0.008202286387679659,0.7060067193644697,0.698977579686444,0.49844548778778097,0.48856965690431925,-0.008946571674655058,0.9310793097259656,0.3466838836462506,0.12018971518004702,0.06227876201975023,1.8068484676422825,1.7527190618479425,1.7987450886916336,4.201460747316096,26.94113427632201,Rayleigh,64QAM
-0.005812320992324101,-0.0041474636508336,0.7098839347420162,0.7008954498405199,0.503935200804807,0.4912544316071447,0.02608766555225402,0.9391549477087119,0.33649457816768946,0.11322860113625129,-0.05418397601082165,1.819307836917993,1.7413314455325284,1.7789278669879214,4.010821428464978,28.161637935741012,Rayleigh,64QAM
0.005078163638746763,-0.009342322827991648,0.7232964653981158,0.733057955045795,0.5231577768574076,0.5373739654559228,0.017622999691725746,0.9594977879807768,0.37417750321884796,0.14000880391509096,-0.03468044142920329,1.8016470094458206,1.9427777592951139,1.9030191097719023,5.9383507996344225,11.982591969512477,Rayleigh,64QAM
0.051497256235080495,-0.03051340891253117,0.728708316342808,0.7420115770601166,0.5310158103071699,0.5505811804912413,-0.001699458585803943,0.976038066122184,0.3640463154628587,0.13252971980208322,-0.06362851038569556,1.7625589502609538,1.8798420006096968,1.8536017583569677,5.854888839418915,12.253026301307905,Rayleigh,64QAM
-0.027045803911185967,-0.00429663092775016,0.7058469975618964,0.7088688557461016,0.49821998396714384,0.5024950546467875,0.002762658087499232,0.9396888617329581,0.34416539380867556,0.11844981829548072,-0.027817177060251823,1.830404519595739,1.779514559655176,1.7650500618094487,4.248780815840394,23.39412922069763,Rayleigh,64QAM
-0.006761270266703105,0.005121410934310221,0.729822956307513,0.7230233000351205,0.5326415475534381,0.5227626923936759,0.003943638460778674,0.9653937932394888,0.35141287333756394,0.12349100754736274,0.029058371766052936,1.8247264515281778,1.804297087390264,1.79834058361192,4.936154281655328,16.04580115606224,AWGN,64QAM
0.016266435095727692,-0.016638269735895328,0.7077435816771536,0.7018210681159877,0.5009009774052058,0.49255281165146575,-0.015262771033362071,0.9311792859925813,0.3562307613409404,0.12690035532554603,-0.020809356050929068,1.7971249725997909,1.7862102611694184,1.8213641129466076,4.536614781958616,20.262304467944233,AWGN,64QAM
0.048764631370895255,0.009823216421173836,0.7026618555879821,0.7174609360959059,0.49373368329834627,0.5147501948236136,-0.017079393203799188,0.9439324574930387,0.34633781004491704,0.11994987866670904,0.03540345206566793,1.7451436651130985,1.8151858616969405,1.7207445893151385,4.100399961574545,23.577480746337233,AWGN,64QAM
-0.005211622381011228,-0.010698926806008887,0.7135505085365319,0.7131347851275202,0.5091543282327433,0.5085612217588744,0.0039259158684372755,0.9469415991278456,0.34807870643786765,0.12115878587545925,-0.017643566216192293,1.7993505657351405,1.8169774994062644,1.8218279673523046,4.888896511258497,18.019103403146815,Rayleigh,64QAM
0.003351208259113446,-0.0004866005456495082,0.7118681803970793,0.703735722615083,0.5067563062618488,0.495243967284573,-0.0019584989641107746,0.9402095883085505,0.3435370008834197,0.1180176709759747,0.00594153055520455,1.7917801626963747,1.747925245837616,1.7972798879364904,4.520147403357627,23.49678563168359,AWGN,64QAM
-0.0043850957430432505,-0.0002629139034403471,0.7101750870248662,0.7001516868332951,0.5043486542307763,0.4902123845755086,0.01326148631103615,0.9368337621167563,0.34193981802774315,0.11692283915284611,-0.01991687784555057,1.807785658518722,1.7480116615780636,1.77712363632811,3.9958478577720875,28.57715771287222,Rayleigh,64QAM
0.00645908962358134,-0.006516684644697976,0.7134024910062884,0.7220120885472914,0.5089431141739774,0.5213014560084217,-0.00011069813468323839,0.9534794592992827,0.3481460582776579,0.12120567789427034,-0.018918779453937648,1.7871513405166817,1.7679070572046849,1.7302693626179488,4.346647992216288,22.441410245787218,AWGN,64QAM
-0.009781762613084066,-0.0075642618692465125,0.7332806713470713,0.7314014261164449,0.5377005429712116,0.5349480461251694,0.017625049998643092,0.9631544806105662,0.3809657944141661,0.1451349365136167,-0.029632598298937145,1.8074056951343676,1.9487942478468392,1.9423656003565406,6.0988338427122795,10.905229020418487,AWGN,64QAM
0.014828251866310975,-0.004313990906803708,0.7011371543824387,0.7002225431815233,0.49159330925550376,0.49031160997960027,-0.007156679626624399,0.9272249341368524,0.3498532954267669,0.12239732832096864,0.015154699976765844,1.7791593153043062,1.8400235052828076,1.7920570433569138,4.849718972822619,21.738818065702283,Rayleigh,64QAM
-0.004751235675167176,0.026523364554124955,0.712019418081079,0.7160271885613985,0.5069716517245184,0.5126949347591405,-0.010860482410944273,0.9469221724529717,0.3517542450466171,0.12373104890831556,0.05315819484929121,1.7979695767993427,1.7886030365415844,1.761760399491824,4.101754771144175,22.74944571440172,Rayleigh,64QAM
0.019693844742448476,0.01209087557300472,0.7037086973297039,0.7082851497245168,0.4952059306974688,0.5016678533202812,-0.007881735901515393,0.9359964481469952,0.34830801005262657,0.12131846986682063,0.031850436715845004,1.7864236693665145,1.7703457982433835,1.7654352083653546,3.961515465476822,28.553394432127735,AWGN,64QAM
0.004957559863524597,0.014445945401006263,0.7129116303005689,0.7121096851519052,0.5082429926178151,0.5071002036871456,-0.01188100709526038,0.9468517865563619,0.34503355393108603,0.11904815333831567,0.055026792998571675,1.7977382447774393,1.7570644577773675,1.7732335750916308,4.232574046755439,23.742751744318582,AWGN,64QAM
-0.000667910666180617,-0.017223874006567445,0.7324105662851633,0.715442287320903,0.5364252376061536,0.5118576664869655,-0.00015351792278691517,0.9586912156587618,0.3598488086020246,0.12949116505229655,-0.03524532144662783,1.8058552800588097,1.8234438025849653,1.833248860065283,5.126875614411043,14.900865794206206,AWGN,64QAM
0.018401103719526888,-0.03454311471441105,0.7020183436681389,0.7122373077574303,0.4928297548465571,0.5072819825615525,-0.005528456123290909,0.9381115374239803,0.34869801856677585,0.12159030815239555,-0.06858553391023449,1.7762884024221504,1.7840395754222753,1.751598850037833,4.377012971239974,25.831770913321936,Rayleigh,64QAM
-0.02699988086581812,0.0019393228533718008,0.7472285304987228,0.7443520548989491,0.5583504767912807,0.5540599816322881,0.007383797644486875,0.9789728347122961,0.3933896311023436,0.154755401858838,-0.02965161560747324,1.840266269483249,1.9912435353469082,1.9877149255222124,6.601681833928653,9.387619793268122,Rayleigh,64QAM
-0.017116032167447188,-0.0006365587597040581,0.7393721778202379,0.7446947305714966,0.5466712173346415,0.5545702417409539,0.014416655383034596,0.9767250096136432,0.38411336664458273,0.14754307843503564,0.010907862738039786,1.8419217481995847,1.9470105549561645,1.9967121953863183,6.497918860955726,10.266701526314062,Rayleigh,64QAM
0.006939221660772717,0.021390147534125808,0.7566556512740641,0.7410953456136318,0.5725277746049781,0.5492223112901884,-0.023359030388680365,0.9839281739615805,0.3926081068808757,0.15414112558858514,0.05265578480971091,1.8050520681565911,1.9795697314485854,2.0762098979757253,6.225191040657006,8.973996430537408,Rayleigh,64QAM
-0.01581290735689792,-0.01095775684030346,0.7420035403019426,0.7437910972894803,0.5505692538206166,0.5532251964070892,0.0021930319118900676,0.9800241593114171,0.37910053794172444,0.14371721786770486,0.008655652416113869,1.7991066895287957,1.9529075436293695,1.9146460103892884,6.199366627802262,10.407765186122207,AWGN,64QAM
0.006954689487422319,-0.006892867310602698,0.715385451784343,0.7128333829157383,0.5117763446246885,0.5081314317990956,0.0001207676636793693,0.9475816433775918,0.3494176367661407,0.12209268488323462,0.013933450490040073,1.8050462143083392,1.8157303082920673,1.7907442664258104,5.018887537097191,18.0198183664987,Rayleigh,64QAM
0.02322620023409587,0.009429808952793946,0.694837966354484,0.7073972119581695,0.4827997994876351,0.5004108154861914,0.0041324168570868545,0.928368922600339,0.3492422314066738,0.1219701361979127,0.007288424544865485,1.7782190146572134,1.8494853307872117,1.7927547187844954,4.707256907946943,18.700178949216273,Rayleigh,64QAM
-0.012535669461615773,-0.0015560681696050469,0.7097345082021428,0.6995833554352566,0.5037230721329374,0.4894168712020526,0.011228578978400633,0.9382270276019297,0.3361986799040669,0.11302955236923722,-0.0574277367571099,1.8165005863098556,1.7467025635246212,1.7764323129995567,4.153370826550598,25.57784180835605,Rayleigh,64QAM
0.01317213135685373,-0.014239561404282373,0.7244161420327826,0.7154497006077568,0.5247787468376606,0.5118682740997288,-0.007197965568480753,0.9586449857087141,0.343544876932253,0.11802308246639687,0.006239002792613758,1.7810117075422847,1.741811887230799,1.7519787209687014,4.1601644903817006,23.5887831042128,Rayleigh,64QAM
-0.008617934274308566,-0.009612287019876197,0.7427165759409605,0.7486887035149559,0.5516279121774645,0.5605347747709054,-0.0020723590786831335,0.9761994801447007,0.39920411667027506,0.15936392676649458,-0.0352324410848718,1.8028793574430129,2.015467675498144,2.0374784705499946,7.025918777619669,9.021382727020528,AWGN,64QAM
0.021136487899504668,0.008654132064757966,0.7083088125630718,0.7128060021236607,0.5017013739545088,0.5080923966635162,0.024946081138143582,0.9445911062497467,0.3436030525685488,0.11806305773442491,-0.0027265774106611223,1.7755637134556055,1.7611486244840295,1.7558144565100442,4.13232190482708,26.45948567061548,AWGN,64QAM
-0.038029811863504966,-0.010629848301519109,0.6981871027325589,0.7060041968024199,0.4874652304220848,0.4984419259026301,0.000976870477962681,0.9297487342091919,0.35076161110704085,0.12303370782640696,-0.030601354849566893,1.8369839008294906,1.8350217534730104,1.7978783526151578,4.61878138734741,20.652489966317958,Rayleigh,64QAM
-0.0015401361626039447,-0.0006854265276565383,0.7153105991595815,0.7062543365463689,0.5116692532700394,0.4987951878905517,0.008153662717907073,0.9397089650483869,0.3569514588809027,0.12741434399720478,-0.035873164320644295,1.811758132773471,1.8216633550424146,1.833329049661256,4.877059185215825,16.866872559112707,AWGN,64QAM
0.00794851058177032,0.004627846703883491,0.7803427657799519,0.788178706720155,0.6089348321051048,0.6212256737270561,-0.004101727062520745,1.0227708010027956,0.4291677879732396,0.18418499023384355,0.035328411874594394,1.7869582583955195,2.171656602093774,2.135841746410166,6.491445259998133,6.836748991269974,AWGN,64QAM
0.008837125051481444,0.017906478993663,0.7234914586453175,0.7063178231588143,0.5234398907327292,0.4988848673118061,-0.019749988134293815,0.9472373271161894,0.35421030607739057,0.1254649409314387,0.05809248581807807,1.8113057293403958,1.7849642367242082,1.8352677258748247,4.969253187415972,16.147180245058433,AWGN,64QAM
-0.011144238658210395,0.02661916610139347,0.785048019004642,0.8027465580899638,0.6163003921431128,0.6444020365252835,0.007105501440095236,1.0265194668833904,0.4558431603490844,0.20779298683704106,0.03943609103097165,1.8042668876880747,2.2494671210408317,2.2575884556520074,6.610531872362263,5.662711246878633,Rayleigh,64QAM
-0.016360890276226194,0.026153992698289556,0.7902627862044682,0.8059125519122403,0.624515271259649,0.6494950413296995,-0.0007324671508540007,1.0337724398353025,0.4541767995957157,0.20627656529100694,0.034750319493146616,1.8211762812437415,2.3814753992859754,2.2975029180709674,7.779209030793018,5.625571294596162,AWGN,64QAM
-0.0027688228080348302,0.007078032611003392,0.7113738540480957,0.7085816484477828,0.5060527602232414,0.5020879525169774,-0.012969407392993616,0.9423200653895764,0.34674395745245246,0.12023137202978816,0.041696153842061434,1.816114814847871,1.7740772930630901,1.7623478232817527,3.957551992770105,29.725026439084843,Rayleigh,64QAM
0.024970228912719987,-0.00962958683793875,0.7140083611706373,0.713944764138603,0.5098079398215792,0.5097171262409254,9.080991672512366e-05,0.9474307399416967,0.3501661039430528,0.12261630035065686,-0.05954463241582847,1.7717605985207545,1.8167373401645894,1.792388116440819,4.854931991400399,17.199837952050316,Rayleigh,64QAM
0.007041042405176692,0.00046514184071864837,0.7157120446423756,0.7338911456812599,0.5122437308461698,0.5385962137093522,-0.006370867187279295,0.955137718941128,0.37229245902454755,0.13860167504654441,0.051587731265355055,1.803252185587232,1.8992584310242044,1.8818420776107203,5.301142977139062,12.871919690999126,Rayleigh,64QAM
0.013085564380140063,0.012248615119175405,0.7159455116305793,0.70564070223026,0.5125779756239719,0.49792880064401446,0.005682206914625609,0.9446856157515398,0.34408883188444944,0.1183971242276049,0.027780261558574024,1.7818759565389741,1.7408030551937028,1.7472720723076527,4.2035259031879715,26.844127451800762,AWGN,64QAM
0.001909181118273811,-0.023077662331196763,0.7108268481144844,0.7167036555324137,0.5052748080003723,0.5136641298535247,0.013356311024872246,0.9476640952257024,0.3484363987088076,0.12140792394516316,-0.07607430605327595,1.7949559706302523,1.7895104374578392,1.763211989111108,4.541692219499631,20.744325621871972,AWGN,64QAM
0.04673812973264798,0.006366178393745191,0.7153635993833819,0.7115121280796182,0.5117450793227477,0.506249508404387,-0.0035171559437443697,0.9488568475180066,0.34625171717057485,0.11989025164357177,0.02318004559152469,1.7499820934333936,1.7524460507215096,1.7973534301213672,4.523742979538679,21.536628429413827,Rayleigh,64QAM
-0.0007366995884858059,0.010009351013676672,0.7530471954808673,0.7589661187101273,0.5670800786215995,0.576029569349915,0.006651572980815075,0.99115619587321,0.40102340728149527,0.16081977318766003,0.021583605240011242,1.7966477116378092,2.0406150420082905,2.0527055049846727,5.994331705969,8.461232996941174,Rayleigh,64QAM
0.022849210622206892,0.005282470273471364,0.7077853616627151,0.7088354499786456,0.5009601181840204,0.502447695146429,0.00910679804694762,0.9363380518415932,0.3566915431043849,0.12722885692218724,-0.0263815284322046,1.788099639751967,1.7848457488321805,1.814174596734108,4.821656294870747,19.613627903828437,Rayleigh,64QAM
-0.011826489796729334,-0.02465608219283038,0.7145545296839835,0.7084037928238704,0.5105881758918988,0.5018359336872452,-0.002312378779509736,0.9437614284920821,0.3499803764780824,0.12248626391974028,-0.040416134846262386,1.813183185189006,1.76941522950418,1.7708718106978536,4.437053426910677,22.8250468416976,AWGN,64QAM
0.0037754260284865396,0.016966527918976064,0.7166963502008706,0.7118430734617233,0.513653658391249,0.5067205612354324,0.0014924189866979516,0.9485576463916169,0.3477279511485952,0.12091472800999985,0.0061679436846584935,1.8079164832262513,1.747224344423264,1.790083200987615,4.37697394511485,22.203661322113597,AWGN,64QAM
-0.00029023282618845236,0.008856140330136977,0.7181907054973528,0.7065310125185345,0.5157978894627853,0.4991860716504654,-0.013844005810411258,0.9434300489344231,0.3535565291965109,0.1250022193374833,0.03277966388133247,1.8136084900714755,1.7828565367968885,1.8111003276086917,5.318661566668421,19.636037760173117,Rayleigh,64QAM
-0.0053758126035109936,-0.02300744657181441,0.7159590833723294,0.7071005985464085,0.512597409063346,0.4999912564646892,0.00024197396254385819,0.9455463546489,0.34509273927035167,0.11908899869711492,-0.022595038596140683,1.8193122552233516,1.7319205375048254,1.773486704083063,4.053813995393217,29.529797729718332,Rayleigh,64QAM
-0.011213841123231596,0.01965185340161892,0.7132478417720811,0.711641233156519,0.5087224837925316,0.506433244728531,-0.001345984072689297,0.9471249467922968,0.3444154602505633,0.11862200925960736,0.05417258373387005,1.8059277332913168,1.746879571293717,1.7755884238932358,4.161020674402359,24.15758945762978,AWGN,64QAM
0.0030185213496677203,0.002427661072137123,0.802528380610684,0.7903571958590042,0.6440518016856068,0.6246644970461083,0.0035475261750025945,1.0378988730684526,0.4376039682456845,0.19149723302437002,0.06536795087835999,1.8054133342915046,2.1273364519747564,2.1193627864518896,6.819731183231027,6.438354494290506,AWGN,64QAM
0.0007520665513447898,-0.004403087441346485,0.7478260233942695,0.7439566616713628,0.5592437612656865,0.5534715144451986,0.007819265417099807,0.9719516519118174,0.40993318338466816,0.16804521483988796,0.0021450708633942574,1.8081356922912488,2.0992661360466838,2.2162576954376316,6.868876437220627,7.902847280495285,Rayleigh,64QAM
0.006150014638538986,-0.016756232385657086,0.7495891569770032,0.7346231672919292,0.5618839042574943,0.5396711979220259,-0.011228435294831541,0.9702527327009317,0.4006037080079398,0.1604833308697107,-0.006697815982840877,1.8155206718372547,1.994790530896384,2.1304144519014394,8.132223806386897,9.040414546655182,AWGN,64QAM
0.00747928716395938,0.017585681207092783,0.7738250113222422,0.7856313515457438,0.5988051481478683,0.6172166205315921,-0.018108874720701596,1.0152343413701925,0.4309132124942219,0.18568619670209044,0.04495902623992378,1.8146712817585986,2.188259901557611,2.0616531931174125,6.833484537439725,7.004161910292557,Rayleigh,64QAM
0.016255135865444147,-0.009610141688682503,0.7736128228783613,0.7645390115556415,0.5984767997218268,0.5845199001904773,-0.004251309765189106,1.004264438324513,0.41809834021954095,0.17480622209433502,-0.01373413489885588,1.7941974915139778,2.1374161190229253,2.0608325544208728,5.9079750824789565,7.582688991657661,Rayleigh,64QAM
0.023217624077493587,-0.006848954847579713,0.7096151517444266,0.7103420253416262,0.5035536635852655,0.5045857929664435,0.004589776134708481,0.9461261319073105,0.3370026191650852,0.11357076532412745,-0.035213052974387114,1.7772942511625869,1.7594315523712383,1.7510869529564317,3.954842186449963,29.34289891438229,AWGN,64QAM
-0.0010747993057541008,-0.010666928558158227,0.7417068225395098,0.7530114034769003,0.550129010601656,0.5670261737662511,0.010782016597527352,0.9880995344936743,0.3754056910326531,0.1409294328597038,-0.04546185916247738,1.816043197983191,1.9233534987695442,1.8570308590485205,5.995776651293957,11.042844878080547,Rayleigh,64QAM
0.005262214313508523,-0.006219671163424529,0.7185287750515621,0.7165829339054363,0.5162836005770983,0.5134911011645229,-0.015894162502182414,0.9533370120009553,0.34783561994076156,0.12098961849957393,-0.0053369156766750955,1.7946886122201833,1.751087045329047,1.7547264552505861,4.436063515501221,21.7011149106743,Rayleigh,64QAM
0.0005407446795833894,-0.013863582020687958,0.7393680757321489,0.7388577566051794,0.5466651514118607,0.5459107844956386,0.028676569874445175,0.9688264872837762,0.39261134058522956,0.15414366475613114,-0.033732337135721956,1.7980467857591456,1.9837986905427714,2.072529546260143,6.17116382168898,9.98211770977779,Rayleigh,64QAM
-0.0016660688481874289,0.009280848859371912,0.705618401767434,0.710508059996886,0.4978973289128279,0.5048217033205386,-0.0033137178846854814,0.9376628402606405,0.35156271157315927,0.12359634016867237,0.0022016684733295053,1.798016264745958,1.8217435097663273,1.7839391461119867,5.146362435519132,19.282712970738416,Rayleigh,64QAM
6.647543925432465e-05,-0.005077665168777824,0.7044824014831469,0.6985275019122914,0.49629545399946173,0.4879406709278263,0.0034617161387164607,0.9318187268409928,0.34055215802908906,0.11597577233826964,-0.03282365326346741,1.8114623027995091,1.790168273835695,1.7937056367974422,4.645187429052851,22.19819098910511,AWGN,64QAM
0.009725570683351555,-0.012385278615828431,0.7008368501715362,0.7110625388567092,0.4911722905583603,0.5056099341653492,-0.002925282567434038,0.9368427304805703,0.3454792394933848,0.11935590492092756,0.0012966732342481236,1.7927492679245411,1.7944718742601768,1.7786903599254718,4.510733426966837,22.799261303336394,Rayleigh,64QAM
0.019177012355100508,-0.009464169248176205,0.7231273131764556,0.7161410225111778,0.5229131110617997,0.5128579641233554,-0.011750761948307445,0.9536927004591854,0.3559475194160613,0.12669863657844732,-0.020640206354203137,1.7864631042113703,1.8164223114319886,1.853507507830823,5.739314030694947,14.648826527876642,Rayleigh,64QAM
0.009150255424722508,-0.02481597743031373,0.7166536434527633,0.70118375955099,0.5135924446741204,0.4916586646580605,0.007391192120183961,0.9408990520672122,0.34736096939835037,0.12065964306136172,-0.054430506143703324,1.7913419339380168,1.7991169476623659,1.8116877569745324,4.913765433329569,17.893987392023142,AWGN,64QAM
0.013400341939682496,0.019724577839661774,0.7205227267498262,0.7114620993784111,0.5191529997630048,0.5061783188519361,0.0016652378204545328,0.9506443430627053,0.34953580610986307,0.12217527975287179,0.06486020969190999,1.7817683864927352,1.7630528380676815,1.813361596282462,5.134169640866471,17.96649292320205,AWGN,64QAM
0.003902582753023144,0.0008401662131797326,0.7116343415604676,0.7103917935006471,0.5064234360882003,0.504656500273066,-0.010010769247098098,0.9433976867899979,0.34798947822018556,0.12109667695195699,-0.0158961144033155,1.7749424857363447,1.7879574006382868,1.7615408579386214,4.402056196618754,21.529429357380003,Rayleigh,64QAM
0.015472772516635874,0.01543113112120775,0.735845741243091,0.7196128294382252,0.541468954905594,0.5178426242920883,-0.01763052045129661,0.9620467135233639,0.3664085516109145,0.1342552266936082,0.04578155933271213,1.8133878636466279,1.8442571413563094,1.9465243515611406,5.49362447377892,10.928068931589152,AWGN,64QAM
-0.008791855191443421,-0.007455641540967618,0.7251895609902793,0.7069296582651449,0.5258998993692741,0.49974954173487446,0.0003653762356356815,0.9507468335613439,0.34908850294119015,0.12186278288572132,0.021056630189258768,1.8134052119221558,1.713944175293882,1.771344205898888,3.925655296008915,27.58628650617843,Rayleigh,64QAM
0.02207642761539729,-0.013780281347400558,0.8025921938189085,0.809623703702108,0.6441542295790483,0.6554905415963187,-0.02006442500053618,1.0423357193529563,0.46244814211605767,0.21385828414659347,0.02488998051489678,1.7822448383889185,2.3219141925289337,2.151592673204245,7.147507107840686,5.194095681389683,Rayleigh,64QAM
-0.020807827003665777,-0.04316172126608636,0.7072704144045261,0.7038609192625659,0.5002314390919501,0.4954201936651442,0.003841878928085552,0.9360590437810542,0.348914028322248,0.12174099916005848,-0.054210724251468057,1.8288492668870628,1.8063933383081836,1.8102160984580624,4.880215346466844,20.575353753335175,AWGN,64QAM
-0.0005553466715502021,0.0168320134764912,0.7209184501929976,0.6989872631849996,0.5197234118286735,0.4885831940948559,0.014231541473872856,0.9421630827533372,0.3477340312765722,0.1209189565078561,0.0036027543239450983,1.802698415821921,1.7452601383893656,1.8175871543201652,4.062793887462349,27.72916478700839,Rayleigh,64QAM
0.012994407742153513,0.005403904370974445,0.7835601271418137,0.7765035908606884,0.6139664728464952,0.6029578266195433,-0.017611302750751602,1.013535717178028,0.43573811663139933,0.18986770628547894,0.019813586750475756,1.8050925187079727,2.2167583899545225,2.137684514133116,6.725747986357936,6.553865025762855,AWGN,64QAM
0.028544110625411685,0.008551478277221218,0.7782709393203734,0.7856212251725683,0.6057056549906162,0.6172007094416472,0.001904441022391784,1.01422677993143,0.44174460645751806,0.1951382973343075,-0.010766974226470988,1.7862925875656268,2.228371844544557,2.2034917678001427,6.955656183248057,6.360522624904201,AWGN,64QAM
-0.0002657478101921417,-6.412459343723178e-05,0.7252211321742186,0.7288234564476621,0.5259456905520554,0.5311836306683173,0.016301476557961877,0.9583725356886967,0.3723593409488373,0.1386514787918525,-0.0212745927876559,1.8131716791286232,1.8678222213642035,1.9283196688171311,5.3059380587196365,12.87618686938482,AWGN,64QAM
-0.006207824077054613,0.011257396880029432,0.714299932072386,0.7177529064757995,0.5102243929586152,0.5151692347544577,0.0007558010434422864,0.9475264868033482,0.357424748140729,0.12775245058346357,0.012344931977850313,1.8078789726141653,1.8335286359600722,1.7864678497358408,4.739025742700452,16.416966968904163,AWGN,64QAM
-0.005130991689366702,-0.020165783609352155,0.6974575591851119,0.7207415061147628,0.4864470468644539,0.5194683186365767,0.003097269767126157,0.9416145561057123,0.34599187726761516,0.11971037913516845,-0.026597869871815692,1.7909925925514918,1.7989298562854343,1.7256957621033342,4.22743434954422,25.33665427375187,AWGN,64QAM
0.012283687223482383,-0.01443841323089137,0.7216660910937536,0.7251856173380501,0.5208019470345379,0.5258941795939688,0.005826011007708044,0.950085926867049,0.37998975636998095,0.14439221494611748,-0.05103155665378723,1.7944695109261752,1.9696586098292441,1.918667540674846,5.6498621401480955,11.16686772894923,Rayleigh,64QAM
0.003734334421223091,0.014683397969180981,0.714130202208184,0.7097396934442975,0.5099819457059018,0.5037304324504054,-0.0020862639781917968,0.946254074036868,0.34430386717901895,0.11854515295442754,0.059375780609518515,1.7953408149261898,1.7427200966274645,1.7798986784653932,4.209733526439533,23.864046942330567,AWGN,64QAM
0.00204003704917333,-0.01683977741236345,0.7315450185589438,0.7355651046064997,0.5351581141784054,0.5410560231147709,-0.0161991433321379,0.9700364983032133,0.36814544558812123,0.13553106910727633,-0.006484731643404622,1.7993893537609291,1.8986732810357796,1.8455475418938454,5.289395885640296,12.726782884094247,AWGN,64QAM
0.01818925082261258,-0.0046086596453215455,0.7002761996358065,0.7042825660352667,0.49038675577636787,0.4960139328212198,-0.0020106609272735262,0.9311675012917467,0.34594777311739816,0.11967986172488679,-0.04397926175229345,1.78915466739794,1.7805858651867734,1.7903934555928798,4.210420596888167,26.38887638435154,Rayleigh,64QAM
-0.006714884924354582,-0.0008221155903638005,0.7142145405999345,0.7210437238523579,0.5101024100043755,0.5199040517068754,-0.0013405144043112422,0.953778562728634,0.34692748600268547,0.1203586805441435,0.026045601034909407,1.8045999999976607,1.7678651700050299,1.7542988848619687,4.585105016386094,20.600111893743755,Rayleigh,64QAM
-0.022156129541575635,0.008161241417346756,0.753641824192817,0.7639626026130955,0.5679759991726768,0.5836388581913744,0.0068070030865795125,0.9940768820806657,0.4049487743092561,0.16398350981456883,0.014550615085110123,1.828677193891226,2.079738305961659,2.083056949503699,7.014725364906612,7.789883138433083,AWGN,64QAM
-0.01215408241984525,-0.007859842000923618,0.7273165839447706,0.7303533602781318,0.5289894132810906,0.5334160308695586,-0.01061653105045753,0.962965055044385,0.36784948790199723,0.1353132457497616,0.017509094757515033,1.8091988648022537,1.9065547524644393,1.911215383910229,5.853683492352769,11.525489915162257,AWGN,64QAM
-0.005539788325389791,0.018008415977904608,0.7192129595212499,0.7153784958583873,0.517267281143315,0.5117663923366086,-0.005734540669244141,0.946926114055907,0.3643070137941709,0.13271960029962623,0.03529162446943895,1.8252260312553745,1.872557789975955,1.8877793125006657,5.943066989752289,13.642898334020458,Rayleigh,64QAM
0.002285351697688963,-0.029100741900881015,0.7169484095003275,0.7090224994987917,0.5140150218850492,0.5027129047955141,-0.006120695806903492,0.9406335519909668,0.3644015965401142,0.1327885235609842,-0.058941512415490636,1.8037898471352727,1.8344379506276232,1.907703309744119,5.388872692505783,14.356874261479097,AWGN,64QAM
-0.01748948449752497,-0.015454396856310382,0.748053607960346,0.7628063797112034,0.559584200382491,0.5818735729281126,0.01275968997184052,0.9840987665093192,0.4165958611359716,0.1735521115156217,-0.005602921213448351,1.811160816323924,2.1009549418667164,2.0571360034672224,6.513378926697257,7.91478243302003,AWGN,64QAM
0.013863797396718001,0.03675181984147349,0.7076679829515173,0.7129572476060574,0.500793974094669,0.508308036914005,0.003151433515764156,0.944981641754722,0.34300817613453716,0.11765460889514166,0.1010685879972945,1.776451826312371,1.7727933812442744,1.7508140383448854,4.017202401846368,29.139414381934166,AWGN,64QAM
-0.0054231029701889925,-0.030262344753345088,0.7055616684535336,0.7053971127223979,0.4978172679909341,0.4975850866370953,0.012897780421291385,0.9360137620195064,0.34673593914377515,0.12022581149391576,-0.010467066577556665,1.8179652087748719,1.782247466084742,1.7908634486944153,4.677080590938147,21.546364427829786,Rayleigh,64QAM
-0.006490289004930906,-0.007155732229048872,0.7224057937985565,0.7303434609256307,0.5218701309137226,0.5334015709168283,-0.01539278534392843,0.9599043594355613,0.365989960138604,0.13394865092225697,0.03412452202782883,1.805079729468916,1.8349990391482744,1.8251984671545125,4.837192620850782,14.892991889385335,AWGN,64QAM
0.006256729637936137,-0.005555803448948816,0.7095702783794537,0.7211383057617702,0.5034899799594955,0.5200404560369564,0.010245855175362516,0.948313817830423,0.3525639694099001,0.12430135252606497,0.018281317427889986,1.7923029521675486,1.8325689880444085,1.7808801619224364,4.983730596011553,16.908193816049724,Rayleigh,64QAM
-0.0022123956336194987,-0.0019971223590137216,0.7095019626041874,0.7100936870922141,0.5033930349391937,0.5042330444482153,-0.0034376072554909995,0.9419871758862115,0.34683587335436533,0.12029512304548534,-0.03636588927035107,1.787172106048722,1.7707376606858136,1.7496881322815419,4.172922716230655,24.52594695398226,AWGN,64QAM
-0.012160901400016477,0.03588020829005774,0.7077254114410927,0.7098109572555884,0.500875257999464,0.5038315950400947,0.0034462248493343376,0.9430726846260661,0.3416958317298325,0.11675604142154199,0.060488385368873784,1.8207931291730781,1.771414640001908,1.7693584711072805,4.032828744275943,29.583632904140778,Rayleigh,64QAM
0.005818459344765428,-0.013200012001904434,0.7056473686076543,0.7223578577562788,0.4979382088229068,0.5218008746622403,-0.01571416707626069,0.941678339029197,0.3649507967854801,0.13318908407435678,-0.031070464087218707,1.79575744358037,1.882081843837025,1.8803962063726734,5.471774690485271,14.01205550504228,Rayleigh,64QAM
-0.021099610008006853,-0.011918246294718368,0.7224943066660506,0.7071038147018365,0.5219980231648572,0.4999958047658891,-0.011626207505080402,0.9450709226581139,0.3597527167571068,0.1294220172141191,-0.03896270149344708,1.826518659239194,1.8421191434735251,1.866102355987461,5.296372958519175,14.260656154945371,AWGN,64QAM
0.03125757884923683,0.020598217032090166,0.7548518900222033,0.7653618299073919,0.5698013758700926,0.5857787306791915,0.019235053595843318,0.9899967555997452,0.4205803766602526,0.17688785323167994,0.0418509750860998,1.788470515871253,2.1626308723876044,2.1166347954150013,7.522064282103736,7.357396612998045,AWGN,64QAM
-0.009837121780479107,0.0038691474996556245,0.7041568249986925,0.7098490728496764,0.4958368341922392,0.5038857062255452,-0.01966063662949395,0.9375893233249121,0.3475061732864841,0.1207605404722159,0.007875922187201432,1.8056313945912956,1.82534858961814,1.799256271277885,5.159481458877746,17.3543052290657,Rayleigh,64QAM
-0.01344517725696993,-0.02067937439476955,0.7327603478214545,0.7254531265226348,0.536937727339419,0.526282238781466,-0.004708828974047614,0.9637692145227598,0.3673925374526515,0.13497727657589795,0.0034437819881217428,1.8211922691091218,1.8524483933846387,1.891266512848291,5.880617036691729,12.41220574955958,AWGN,64QAM
-0.021068869630962276,-0.0062705306152284375,0.7124067228717768,0.7160445105650055,0.5075233387929045,0.5127197411102783,-0.019759632310531686,0.9470140237728168,0.3519811578799698,0.12389073550252425,-0.0013993135330191912,1.815810413582587,1.8469173839959678,1.782001986316464,4.74322053026673,16.88032976803546,AWGN,64QAM
-0.013387019652842981,0.004522780310112157,0.7132922432451517,0.7080735401444689,0.5087858242737007,0.5013681382527208,0.007432424202428269,0.9432146887628958,0.347418596602505,0.12069968126525413,0.023121223868359044,1.8137554574911259,1.7594238664593822,1.7786824980084266,4.249007609944232,24.301484430725495,AWGN,64QAM
0.022259569768438545,-0.04040073679599463,0.7446605863078045,0.7584683506642833,0.5545193888002832,0.5752742389593982,-0.013795961941953648,0.9860588558223659,0.39951128719211826,0.1596092685939032,-0.10565784641764155,1.7739559375753418,2.0101775913439903,1.9239691152806802,5.7791408020642,9.88347756603613,AWGN,64QAM
0.02181589772701524,-0.008368537706618391,0.764939641027584,0.7780847661900476,0.5851326544154092,0.605415903377021,0.0009258387131056214,0.9999151494736677,0.43733764697595623,0.1912642174624661,-0.03279985167528289,1.7822334723090076,2.16803276189259,2.1556822938246936,6.191058837033527,6.8245759915813675,Rayleigh,64QAM
0.0030973750222980326,0.01053725121921376,0.725257583325571,0.7209459070195345,0.5259985621712476,0.5197630008482194,-0.009702814567721018,0.9535659440379904,0.36958649973407914,0.1365941807856885,0.015751250687920805,1.8023940104907847,1.880933013392659,1.891141302596891,5.246119114121824,13.871936531216795,AWGN,64QAM
0.03243195878549832,0.01706191215645601,0.7051835703776901,0.7000788863158114,0.4972838679306266,0.4901104470651867,0.025735951509001997,0.9306983968008835,0.3500539243961955,0.12253774998517736,0.00045613175079117774,1.7720458115307918,1.7693543646475944,1.8047984766786525,4.662397252341194,22.848870819920393,Rayleigh,64QAM
0.005318147664146479,-0.04128549774166041,0.7643906138651844,0.7550340732487649,0.5842930105651934,0.5700764517666214,-0.005820720380453158,0.9938068679567327,0.4104267858610084,0.16845014655219803,-0.05844594403684134,1.8008910769561477,2.0677599802741837,2.033440434666608,6.3262775990925295,8.134424068004861,AWGN,64QAM
-0.011026105620999987,-0.01360502633553453,0.7064028182457782,0.7043463014411823,0.499004941625578,0.4961037123538728,0.016611644244843644,0.9380708365394881,0.33976231598032147,0.11543843136031183,-0.03077564462790723,1.8094994529380612,1.7642193067792036,1.7626754073109765,4.034237771443942,27.763367696082774,AWGN,64QAM
-0.00821838359313253,0.004254580382158318,0.8035966049282689,0.7960271519620024,0.6457675034522403,0.6336592266607367,0.0003318778521843029,1.0362844706371361,0.45346098984631483,0.20562686931239962,-0.039850403927741765,1.8183943096783486,2.274604499804952,2.21898314930101,6.922483907632195,5.140654228576173,AWGN,64QAM
0.0009319023413302263,-0.015462694752262742,0.7161935695783579,0.7094645588113359,0.5129332291053902,0.5033399602093634,0.012218214258533594,0.9485379630871831,0.341743888413746,0.11678888526814687,-0.06921433694670938,1.8050990087373382,1.7501957756214699,1.762777590063405,4.415272649595352,20.291706039371356,AWGN,64QAM
-3.82676520760298e-05,0.01957650846103149,0.7082134171446015,0.7076434828893328,0.5015662442236333,0.5007592988757453,0.00506009451241599,0.9391800358394609,0.3473465769629889,0.12064964452790554,0.017427680159215853,1.7999515758184215,1.8050081638562423,1.7722316864373713,4.576817530579957,19.68755652152484,Rayleigh,64QAM
-0.000776352356181765,0.009747655173963825,0.7119324478564464,0.7168098598605271,0.5068478103108718,0.5138163751932686,-0.01081477417909488,0.945550682201468,0.35594060234377617,0.1266937123968502,0.04096745951399208,1.8004799374685796,1.8329833840208682,1.8017608302346533,4.859715308532598,16.466328328913708,AWGN,64QAM
-0.00667308042978984,-7.940727874076835e-05,0.7543606189631824,0.7287104228787855,0.5690599434425156,0.5310188804121784,0.02420679384676066,0.9863915723640926,0.356588034195941,0.12715502613172558,-0.0012051097543084954,1.8132377122131231,1.7568427214428666,1.8399897183701546,5.746893623102044,13.303567668958953,Rayleigh,64QAM
-0.01859312846995313,0.0015650592609821583,0.7247969858197972,0.7336015344201966,0.5253306706534634,0.5381712113036669,0.0243696614238265,0.9608835238723431,0.3749038401304914,0.14055288934458904,0.027106911009718602,1.82407121363507,1.9291797349196962,1.9539883969859904,6.799337319325543,11.127239088128563,AWGN,64QAM
-0.00796592484991509,0.015509760242786419,0.7123118536174955,0.7054278516077167,0.5073881768039924,0.49762845382387877,-0.013951923317583343,0.9392349024014763,0.3509393642216039,0.12315843736026355,0.007316925861401666,1.8123531404913333,1.7812162151328694,1.8294121157006462,4.725697295423883,19.052012448807453,Rayleigh,64QAM
-0.007350097671701519,0.02651140275144772,0.7112593611968507,0.7076784597775138,0.5058898788901521,0.5008088024330741,-0.004433824428369467,0.9427162013965513,0.34458920958050304,0.11874172335931586,0.05622570908717045,1.8076866349685394,1.7617959941488766,1.7777352054987026,4.032916656131015,27.177196586533718,AWGN,64QAM
-0.021514747946079733,-0.01909682990179529,0.7042343832135814,0.7079955413065546,0.49594606650021356,0.5012576865099613,-0.012431062999264043,0.9363380400426977,0.3482849423541817,0.12130240107065568,-0.024727843398200267,1.8190247592143611,1.7998831595097837,1.763846495817342,4.145123629272685,27.894315249457645,AWGN,64QAM
-0.016507742436193563,-0.012128053727344597,0.7223712271371513,0.7161608377503819,0.5218201897956338,0.5128863455273288,0.01493345964951311,0.9484523484238566,0.3681905394490561,0.13556427333978693,-0.04863180579911493,1.8213235996584274,1.8448214359170465,1.8721891098974175,5.395370086132189,14.275663969879938,AWGN,64QAM
-0.01137875053159177,0.0013528537223883139,0.7609972985927302,0.7452683432191218,0.5791168884654331,0.5554249034045747,0.0033249926127593885,0.98685930097395,0.4009760817406308,0.16078181812806905,0.016684737028091846,1.8086037980858183,1.999000430733615,2.0704615172527276,6.220841159679925,8.90411005501534,Rayleigh,64QAM
0.01827730547324,-0.015465035093079236,0.7218756776882677,0.7084601353251025,0.5211044940378957,0.5019157633448625,0.0031315916888912023,0.9396854930707225,0.3749462077431694,0.14058465870098394,0.0028800613925969035,1.7839365341823055,1.923512765766672,1.9435392009160213,5.598748367329886,12.017373650780694,AWGN,64QAM
-0.003703476907282393,-2.203246299112372e-05,0.7798209282355606,0.762393669753248,0.6081206801141713,0.5812441076798246,-0.007190248347246946,1.0048992928914384,0.42374038651858004,0.1795559151669156,0.02762213396687688,1.8196762932171802,2.1230253860597843,2.1380008616759336,7.768226157019544,7.309920085330386,AWGN,64QAM
0.006242684243780881,-0.002141609750762346,0.7032897573914417,0.7125871911835636,0.49461648285171295,0.5077805050388806,-0.005015997541497982,0.9403990134663908,0.3436426064400696,0.11809024096092458,0.03340926779739367,1.7944488958968625,1.7922813867887213,1.7678990248729576,4.9698893183218615,20.53484138890896,Rayleigh,64QAM
0.03795439984560218,0.003505330634822152,0.8182176675986981,0.8051820545674487,0.6694801515706537,0.648318140997458,0.028741985784495456,1.0543412607081202,0.4556485732963758,0.20761562234702274,-0.018748057785409368,1.7710451718137379,2.231440616122081,2.258925390990977,7.376634570675957,5.47380908405876,Rayleigh,64QAM
-0.02643331692373783,-0.005976235950358514,0.7054154109506489,0.7090748482576662,0.49761090200667274,0.5027871404316323,0.015350991826509652,0.9388736620617065,0.34590276779012735,0.11964872476487075,0.000706533494675215,1.8200081256282177,1.790150656675498,1.7609363584461195,4.2192780252401265,24.644862305818236,Rayleigh,64QAM
0.0034007828523472893,-0.0004034195391040086,0.7044713808695011,0.7187078615612812,0.4962799264641817,0.5165409902699898,-0.002923163707932528,0.9453738642922453,0.3451099846696009,0.11910090151865219,0.0127028710924506,1.8011639155229462,1.754146799708398,1.7528468269433048,4.004861228109335,27.475188994700375,Rayleigh,64QAM
-0.002169028698933917,-0.03768137783802218,0.709016270636847,0.711679360034546,0.5027040720277827,0.5064875114991809,0.01621924057761038,0.9434747361190934,0.3470901853311893,0.12047159675323933,-0.0652002936500999,1.7980853612896281,1.8013934991141505,1.7594518760267643,4.646700357528637,20.231288189416823,AWGN,64QAM
0.014971978696689042,-0.01540732985909608,0.7110758941605527,0.7081309850264057,0.5056289272562295,0.5014494919544676,-0.01486284781732211,0.9417463433590867,0.3473525441679784,0.12065378993996737,-0.01031257010573002,1.786038707733405,1.7704719716153554,1.7935038474521463,4.255176021330623,23.257634254090664,AWGN,64QAM
-0.0071593539125200355,0.00920143335847965,0.7423886395217579,0.7226529370242954,0.5511408920909666,0.5222272673898404,-0.016775568081232848,0.9720809509681054,0.3585564209019912,0.12856270697004588,0.026463756567834115,1.814991400538749,1.7941358499130562,1.8622802681903468,5.2705686293455045,13.862318036981009,AWGN,64QAM
-0.0016616115175936436,0.00488295761754895,0.7130643303092448,0.714757354690506,0.5084607391593717,0.5108780760841698,-0.005559732398774151,0.9511521003106042,0.3386371236976216,0.11467510154619828,0.04565635390267211,1.8062428538235136,1.760583032006162,1.753430188938769,4.1582554363449304,26.360347382138823,AWGN,64QAM
-0.02125251141547269,0.013011901591981257,0.778736712208877,0.7753518471783959,0.6064308669418912,0.6011704869229505,-0.005284255314576411,1.0105780125992443,0.4323822534983456,0.18695441314030758,0.021671095727903784,1.8243861879341463,2.1143260465918554,2.1675487266044513,6.374640110257466,6.9543296584901,Rayleigh,64QAM
-0.002934005650830572,-0.01554053475465035,0.7387808722023204,0.7314626954410788,0.5457971771320212,0.5350376748219283,0.012152136144507194,0.9643491296122364,0.38873606055997856,0.15111572477969132,-0.051111987530562585,1.809115748177209,1.9332466083441284,1.9774679119706178,5.731534821428237,10.384959775800946,Rayleigh,64QAM
0.014250754341032916,0.0077465540080500096,0.7173954197161468,0.729428584456461,0.5146561882297065,0.5320660598221564,0.009669150019021243,0.9532605712207454,0.3718596838944084,0.1382796245060493,-0.010536078247044701,1.7868994464275074,1.926066977644437,1.905271590163483,5.861772333427016,12.400073005253699,AWGN,64QAM
0.004515052033184624,0.013662333391948115,0.7161724992829263,0.7140353765779985,0.5129030487291529,0.5098465190048842,-0.014114685491529857,0.9420646510242917,0.36806358971391306,0.13547080607309173,0.07097963225774151,1.7996553516580378,1.9048409703406814,1.9530804416079663,5.461928688377327,12.923513585267855,AWGN,64QAM
-0.00976697901868191,-0.010588742577147802,0.8096776384284836,0.8312798644680309,0.6555778781711262,0.6910262130699878,-0.014889088693753745,1.0648321997293717,0.4614585496110544,0.212943993009138,0.009780093607567085,1.812710870304145,2.2545307633436225,2.162833064985413,6.79122757850156,5.244804426181508,AWGN,64QAM
0.010332954071758682,0.0049184323037583235,0.7305111926873891,0.7340409082577234,0.5336466026415516,0.5388160549958234,0.014707382571505648,0.9648465377203775,0.37638381633985124,0.14166477720255086,-0.025796611205019384,1.805598052547219,1.9574684603450772,1.9301793709980544,5.802658136213309,10.838264717161714,Rayleigh,64QAM
-0.01911943519277271,0.006317089681092926,0.7083921184502393,0.7210337209588829,0.5018193934824179,0.5198896267598122,0.002832466172986041,0.9510328717883056,0.3430028504902663,0.11765095544444797,-0.009061326754729754,1.8214010577084092,1.7558726008447847,1.7422717831223438,4.316940212365345,22.33125189006204,Rayleigh,64QAM
0.0016927736286266816,-0.008729907649895337,0.7631231428270705,0.7728398566290473,0.5823569311182654,0.5972814439944064,0.00413996692467667,1.00799041147975,0.4045649295820014,0.16367278224768975,-0.027189628475420266,1.8110985522431005,2.0150303666747167,2.060329859150531,6.076413663430548,7.715417613699659,AWGN,64QAM
-0.008940276728837635,0.008092428339303705,0.7016730451086332,0.7030334771408593,0.4923450622320219,0.49425606998076704,0.0046794364124506235,0.9329408320399802,0.3411274718778204,0.11636795206975314,0.014743128395547226,1.803408217237181,1.792468277880077,1.7683258028651185,4.170057909044339,28.482047394505685,Rayleigh,64QAM
-0.0233065468896602,0.010762579009374358,0.7094335373020718,0.7056360521677749,0.5032959438489301,0.49792223811892283,-0.02038328130010659,0.9411346432002771,0.3407972910264884,0.11614279357099305,0.026243185082965966,1.8327516820285499,1.7682143743917365,1.7658533789975068,4.153862969815009,26.69281517838055,AWGN,64QAM
-0.007235841939694175,0.03631106735632722,0.817970915409132,0.799898270900837,0.6690764184552533,0.6398372437901488,0.01110699088063057,1.0483092120336346,0.45970893969114246,0.21133230923195445,0.05450777892488131,1.8316641223869436,2.268518232041403,2.2141239260842123,8.389245300634489,5.594554801536745,Rayleigh,64QAM
-0.013136736428850163,-0.000558818538197649,0.7132373642095685,0.7071318048605343,0.5087075377046127,0.5000353894453168,0.020515106033329275,0.942434528474081,0.3474665060288917,0.1207329728119258,-0.009449291051547749,1.7997077137094433,1.7681471979834713,1.756705545969304,3.9689453719113876,29.23922780007175,AWGN,64QAM
0.008408819542890505,-0.004754988299425229,0.7064219636682526,0.7065334625083955,0.49903199075291005,0.49918953364410235,0.013015285146704893,0.9393463448036292,0.3405044596784398,0.11594328706090622,-0.03159112138389965,1.7883258273738345,1.7837112486996973,1.7571554415179922,4.188857371322298,25.513564962139366,AWGN,64QAM
0.017599258452638496,-0.002749975934449129,0.6919905473735443,0.7139444876042832,0.47885091765433746,0.5097167313805425,-0.0051957679365254375,0.9324847264931101,0.34548108509392056,0.11935718015767277,-0.001972385708728375,1.7813738557840357,1.8070803656992744,1.7789262257030698,4.186014500839466,27.08834494579995,AWGN,64QAM
-0.015429571066050765,-0.0013902325409288745,0.7086145003744914,0.7049375001873671,0.5021345101409901,0.49693687917041424,0.01623991855431033,0.9371351302426149,0.34797865076231593,0.12108914138636184,-0.029618738703470995,1.811425546319846,1.7968967394650324,1.7820318186644162,4.603536176096252,20.67897554846323,Rayleigh,64QAM
-0.007868703882649897,0.006348637725029631,0.7041344405577471,0.7047865975033434,0.49580531037957154,0.49672414802033976,0.0023146307640977185,0.9357285757210406,0.3421165191579333,0.11704371268074051,0.013727251365547768,1.808052000279733,1.7851774815623194,1.7951862933801914,4.296281165810917,24.317724654156144,Rayleigh,64QAM
-0.026055193245961752,0.009182172323973939,0.7265105926729928,0.723230656622186,0.5278176412660632,0.5230625826781583,-0.001487044783202349,0.9657151258234383,0.34501841267346023,0.1190377050837141,0.027575797449098438,1.8272453269904858,1.7160066432977914,1.7385136226722384,4.254967204725373,21.055594801716076,AWGN,64QAM
0.007677721062257126,0.004879203215497129,0.7179862678368331,0.7173261774854884,0.5155042808022645,0.5145568449059424,-0.00789789509046104,0.9525423078431252,0.35043834194024465,0.12280703150182781,0.029749632415347203,1.7891070853148299,1.7481574355330367,1.7487641646133363,3.9228617510552914,28.327135808797035,AWGN,64QAM
0.007810807880683065,0.01091046213684991,0.696062091867115,0.7105998731279146,0.484502435734424,0.5049521796894084,-0.008806799124240783,0.9353226872370333,0.33883053738899593,0.11480613306731575,0.027328002955461356,1.7822158450245855,1.8108718711735625,1.739482084506126,4.3838686262443085,22.42614561453389,Rayleigh,64QAM
-0.0068405901139065575,-0.011950319093843876,0.7077564509189435,0.7141267703345541,0.5009191938173788,0.5099770441084609,0.01858221012794903,0.9445199254556165,0.3449173120368238,0.11896795214270767,0.007043340737848539,1.8041129274880134,1.7731359839385206,1.7340630917241515,4.086544880527793,24.445526431951006,AWGN,64QAM
0.0007365735995213369,0.020356193732791964,0.6967546035787071,0.7219378566063194,0.48546697760812135,0.5211942688013266,0.0024266453894862907,0.9387523133154987,0.3547115135123221,0.12582025781820227,0.055402232012292316,1.789872781675739,1.863577917115217,1.7828772852299912,4.8164648721156125,18.877315318431847,AWGN,64QAM
0.0035900615529357916,0.01985067016543809,0.7117038685264343,0.7168331169918604,0.506522396475492,0.5138497176162662,0.008476901516350124,0.9490461390379118,0.3465407302424372,0.12009047771696164,-0.0021472009969040985,1.7914359393744783,1.7665104316222628,1.7521153971431747,4.246110669819025,22.06331316232028,Rayleigh,64QAM
0.011462629468181587,-0.005996272816032929,0.7208592948840014,0.7170622431692739,0.5196381230206596,0.5141782605789509,-0.009964573683019467,0.954088958346692,0.35170725088138816,0.12369799032254371,0.0035803062896755944,1.7774697669192776,1.7421677083772842,1.7306564453472302,3.972272119382738,24.999821258416073,AWGN,64QAM
0.01269835076184551,0.01420940735433992,0.702096818497521,0.6993139160832366,0.4929399425443409,0.48903995322767196,0.010132846072220626,0.9318808086232762,0.3375517881171336,0.11394120966107424,0.04809417580653944,1.8000825181447597,1.7702187257789235,1.816676693355172,4.072183406716681,28.506782612104555,AWGN,64QAM
0.005305558034730283,0.011546289699849456,0.7165743281928273,0.7091887556546982,0.5134787678250018,0.5029486911470592,-0.0011987754734972492,0.9464581806360104,0.34757134092316483,0.12080583703112689,0.019482738473401942,1.8083834802696754,1.7517751621663065,1.7908248742057453,4.6301145097744385,21.47259517239155,AWGN,64QAM
0.01807259471805455,-0.015554589252243659,0.7211521175278048,0.7052249019817706,0.5200603766148368,0.49734216237519796,0.0005012249886250765,0.9452277028070554,0.3528678120242494,0.124515692762781,-0.052295580723090276,1.7837935411837678,1.8005723083589418,1.8270208970965058,5.1570361383672845,17.258840607262684,AWGN,64QAM
0.010217252915761197,-0.015322439821577277,0.7895366831668797,0.7761981103789715,0.6233681740661579,0.6024835065558859,-0.015701366218526542,1.021240804469756,0.4280865208427378,0.18325806932723976,-0.012272465770770602,1.8076663461244742,2.145889037562034,2.1529231328252645,6.667104065372973,6.36609376308659,AWGN,64QAM
-0.0015646919431307096,-0.0013279814725054135,0.7092986762104129,0.713177953043743,0.503104612073844,0.5086227927076633,0.008452359494060683,0.9481348702733355,0.3358152532999966,0.11277188434894088,0.00099311845522257,1.8054831012258954,1.7506626596081767,1.7728485213890102,4.393549439443699,21.790955056752857,Rayleigh,64QAM
0.02125436962543394,-0.00678336499856523,0.6999046837664467,0.7250751181560834,0.4898665663582097,0.5257339269690583,0.008080435057178282,0.9447864829638994,0.35139259696933267,0.12347675720485188,-0.06289980787637886,1.7802733200981975,1.8257431209332031,1.7995356299338037,5.061842696911809,16.2790512180579,Rayleigh,64QAM
-0.021241337045796334,0.029231244185796666,0.7122195871199035,0.7055082814424707,0.5072567402772459,0.49774193518390836,-0.010924179599065045,0.9432313784292616,0.3414950984183112,0.11661890224373206,0.07869591159129548,1.8262153654096636,1.7450841676081974,1.762256004617156,4.137823343107673,25.801753597271667,AWGN,64QAM
0.015042571609502555,0.027494667058977604,0.717778985005456,0.7195766537056901,0.5152066713154626,0.5177905605582788,-0.02201694229252347,0.9510875293889598,0.3597387649279085,0.12941197899185702,0.10464581118089725,1.7791643033472793,1.8011409150762048,1.781360203726811,4.73055478240798,17.630573417566033,AWGN,64QAM
-0.015696001171157162,-0.007565833943565459,0.7649007789731136,0.765435776432655,0.585073201673676,0.5858919278430615,-0.0027378542609236742,1.0060825954840813,0.39883147678785186,0.15906654687677882,0.03082748201376906,1.8113944086951659,2.0262928099114297,2.0284075824989656,5.972687003520262,8.108824520904214,AWGN,64QAM
0.031967353484167065,-0.00879262948213315,0.765432503549675,0.7581593667357376,0.5858869174903232,0.5748056253691347,0.01696237303368116,0.9968256480503831,0.41003706206925183,0.16813039227038348,-0.03314447400597412,1.7838530031929887,1.9440883548824877,2.049202627440873,6.322089853638426,8.525131211334253,AWGN,64QAM
-0.01657300222636129,0.020648631892202722,0.7195796544456687,0.7005864960536149,0.517794879092148,0.4908214384526817,-0.0017172663788157913,0.9442048486830487,0.3432121088628221,0.11779455167006565,0.028525903846375694,1.8147239220587976,1.7294403633738642,1.791031475546988,3.9623793750296215,29.999565116809407,Rayleigh,64QAM
0.021676781059201768,0.020408259059112543,0.7177146415485289,0.7240676361016394,0.5151143066931333,0.524273941649816,0.017055119341511518,0.9612073451023141,0.34110858672748556,0.11635506793922255,0.029943209280675006,1.7723162810731474,1.759185018787045,1.7316858500775638,4.013220484371346,25.335262681783913,Rayleigh,64QAM
0.0059343467202856255,0.010737401708224308,0.70633411876148,0.7157583698259942,0.49890788732655655,0.5123100439759646,0.008529309462405984,0.9476068872122739,0.3367634583455069,0.11340962687682599,-0.010274573061953297,1.7888076852813724,1.7576499953101254,1.7210193890855452,4.063012760137875,28.123019965920026,AWGN,64QAM
0.0292548500648421,-0.007104830222718024,0.7677471121410072,0.7722730041754551,0.5894356282008563,0.5964055929781825,0.01625084364514377,1.0027104373296674,0.42581606934684374,0.18131932491399605,-0.03616853923032324,1.7693087412422597,2.133812140719711,2.1312573316402426,6.38528159868573,7.348242770562381,AWGN,64QAM
-0.005540134486911301,-0.011142821371324232,0.7169819014668432,0.7315088961581346,0.51406304703101,0.5351052651584927,-0.006165827154840549,0.9554885094376304,0.3692761515186216,0.13636487608040396,-0.03704489280509004,1.8074270303922837,1.9099371722493563,1.8991377611945328,5.9306131205503725,13.08184885176193,Rayleigh,64QAM
-0.026087314677142495,0.013322395623357262,0.7095869858640368,0.7101204067816398,0.5035136905076087,0.5042709921277215,-0.016453563205020973,0.9417329956190896,0.3489723224123015,0.12178168180983533,0.03962033528230249,1.8240656100746457,1.7939086325169376,1.7636988903866546,4.710142212914543,19.919013244621972,AWGN,64QAM
-0.026242433765757533,-0.012312201082486984,0.7965761024991166,0.8096689586887642,0.6345334870726831,0.6555638226641477,-0.015894071584788002,1.0422278643354743,0.45243634266600685,0.2046986441649924,-0.05461740051065458,1.8158590690695915,2.2603337939077774,2.204029475156613,6.660778913119987,5.547520127637443,Rayleigh,64QAM
0.016647099938523736,0.018192546528660574,0.7184638216312872,0.7097173815621415,0.516190262993034,0.5036987616914222,0.0061671448652569185,0.9472627041895288,0.3509850262070423,0.12319048862155817,0.03595636386652815,1.7834388936261671,1.7911186655775027,1.826634211834851,4.995445720878442,16.4433674965238,Rayleigh,64QAM
0.015901314864772625,-0.004402149250482174,0.7377065667490248,0.719830161937294,0.5442109786246334,0.5181554620346709,-0.017495715669193012,0.960546955301775,0.3741499940561891,0.13998821805224634,0.028349728244313657,1.7883062723740029,1.846985017560556,1.8971057044146844,5.549836954511552,13.009605052715838,Rayleigh,64QAM
-0.017281134209459485,-0.003904973891117529,0.7150172794492884,0.7169481064841113,0.5112497099110618,0.5140145873911526,0.0010916324975763,0.9494941537563408,0.3521917598488078,0.12403903570540029,-0.020791923104901803,1.8312489991663976,1.79971025664566,1.7803142713772788,4.754162982151481,19.159933186642498,Rayleigh,64QAM
-0.012668893933030253,0.010062896018280318,0.7037032723053963,0.7047515470733289,0.4951982954533228,0.49667474310225046,0.013847781493558687,0.9319246331166774,0.3516408387768411,0.12365127949568035,-0.0029914503960192847,1.820291147398595,1.8583372057398457,1.841639759181787,5.268164942594663,16.350343002662115,Rayleigh,64QAM
0.017627349064872105,0.011564485074360021,0.7134304583994178,0.7081589528621164,0.5089830189720034,0.5014891025187691,0.006080679647640747,0.9439537327150372,0.3462194863583078,0.11986793273421047,0.02956079261767362,1.778506378418878,1.7747003388015312,1.767648137594034,4.183183883921342,23.787597913133162,Rayleigh,64QAM
-0.009511620540497553,0.010253487793523789,0.738138562777646,0.7349104392576827,0.5448485378594489,0.5400933537299202,0.0012782016599911172,0.971154226075183,0.37682484751263395,0.14199696570291984,-0.0005961411795915924,1.8114865173000798,1.9180686168082124,1.8940729135117027,5.351117730662964,11.607017071846085,AWGN,64QAM
-0.01714324007474693,0.019504738357542965,0.7055540687033564,0.7284374127520135,0.49780654386386053,0.5306210642968472,0.0062066833692942126,0.9556283921341254,0.34040609543089934,0.11587630980651055,0.054234381749636656,1.7997410689238669,1.8159457871187972,1.705913737675866,4.485329509681135,21.379222693700317,Rayleigh,64QAM
0.00875712776109955,-0.03616122672377314,0.7011216169025702,0.7138680023863707,0.49157152168807444,0.5096075248311074,-0.001573964786595067,0.9422131441941181,0.33881817990156354,0.11479775903180828,-0.0790461165723441,1.7894298365953067,1.7735427437816884,1.7433283710519352,4.213537430749178,24.780437649066094,Rayleigh,64QAM
0.00816971141123981,-0.012051842746060918,0.7052919287815507,0.7136793920176516,0.4974367048043999,0.5093382745906849,-0.018728898441410954,0.9414108147802085,0.34746603907154383,0.12073264830806764,0.012086946959412927,1.7848611654551916,1.8014980319318978,1.7652834712744458,4.561486874318717,20.698142470102255,AWGN,64QAM
0.05175199592513172,0.011375168619251554,0.8043187393338252,0.8139436541327193,0.646928634443554,0.6625042721029237,-0.032961757730175685,1.0523255877788387,0.4526051561745075,0.20485142739575032,0.04152544055873545,1.7462223070396454,2.2365295805474483,2.170415653891685,7.654759157127074,5.155376269095392,Rayleigh,64QAM
-0.0079570953326711,0.021475838406164363,0.7027259751806149,0.7131457670336978,0.4938237961935461,0.5085768850380812,-0.021108493086754124,0.9415085701101275,0.3413016563718836,0.11648682064219132,0.05376128541668815,1.7971194079062363,1.79553336075774,1.7415071876812849,4.2335454447511625,26.768701407331893,AWGN,64QAM
0.0020115943459261803,-0.009014501166607932,0.7203368442063092,0.7238893610742526,0.5188851691211045,0.5240158070764896,0.020140794820482952,0.953964270329974,0.36460726113791203,0.13293845487448958,-0.06609489092592356,1.786011361370849,1.8887773174926805,1.8601130571968982,5.189474694344245,13.765712077668272,Rayleigh,64QAM
-0.004562826990333397,-0.015424365620525966,0.7050554824259629,0.7257592580978864,0.49710323329890727,0.5267265007147945,-0.0016708535506031721,0.9448004276333826,0.3625473988355432,0.13144061640241844,-0.038240529444961736,1.7977646025657616,1.9341525674221995,1.8349386893957271,5.605835319584397,14.266436294709255,AWGN,64QAM
-0.001831684738232619,0.016394620631436586,0.7923517288058056,0.7782129617168402,0.6278212621415489,0.6056154137840962,0.012686243270835394,1.0180941890007305,0.4440642261016069,0.19719303690321904,0.03492847725251422,1.820103703996585,2.2021722892195714,2.2037238486909168,6.657236329796083,6.208409774766784,Rayleigh,64QAM
-0.006367863148655876,-0.00476823987473062,0.6994846756346087,0.7126361510456203,0.4892788114476538,0.5078502837771162,0.004426421379245908,0.9354885547251411,0.34936162496132767,0.12205354499561938,-0.020335387036144563,1.8068423586659894,1.8352609577140415,1.803017757145289,4.744938333283005,19.160254043933897,Rayleigh,64QAM
0.017748052944006634,-0.002501624909988022,0.7200576404945431,0.7128322224543546,0.5184830056345687,0.5081297773692145,-0.01664636689553369,0.9493226183903934,0.3545710094278499,0.12572060072668442,0.06818868295060786,1.7815366437117903,1.7395563327651138,1.7852022079796819,4.444817152618111,22.890937393710058,Rayleigh,64QAM
-0.0052389877210286175,-0.0010663382518179179,0.7402570952550273,0.7413236897251174,0.5479805670754105,0.5495608129476622,-0.001377481569348906,0.9740600009222805,0.38571631893915,0.14877707869596807,0.016023942541523596,1.818831938971086,1.9318255838434426,1.9398058629395836,5.606642189317074,10.755248421918113,Rayleigh,64QAM
0.022567632486958606,0.024021839012115503,0.7304473856267039,0.7348740910777587,0.5335533831688866,0.5400399297373619,0.012123068080193783,0.9628424625825989,0.3842057416797877,0.14761405193971577,0.06573427727141902,1.790412088924549,1.9307017975134058,1.9579601207033754,5.7298788268597125,11.13249116255756,Rayleigh,64QAM
-0.006631565845118057,-0.0008197339894723373,0.7291015509372014,0.7117181137710522,0.5315890715790325,0.5065426734698244,-0.002138396171955171,0.9562671095054938,0.351752199646621,0.12372960995623634,0.05433044017314302,1.8053289522518343,1.773029743115154,1.829774475910232,5.595348557418268,15.105561815337799,AWGN,64QAM
-0.01844409890589636,0.004677783876762532,0.7026176812258302,0.6901645872725403,0.4936716059711624,0.4763271575250759,-0.0022975097367902535,0.9211676009232898,0.34901444232569706,0.12181108095191731,0.01379918705961577,1.81794894053908,1.7846677659312948,1.8582704374668986,4.433814883472826,23.552640271233308,AWGN,64QAM
-0.02148126322014931,0.014513847747255592,0.7267445876730398,0.7607776065779674,0.5281576957120567,0.5787825666705007,-0.013759306528102378,0.9760838170873432,0.3935387412297842,0.15487274084872307,0.05969768810308692,1.8122547614471667,2.068819534327817,1.9664936906861745,7.309923539671535,10.264311530488705,Rayleigh,64QAM
0.00316002918136599,-0.004937111148372033,0.7176028812972478,0.6906404946001543,0.5149538952461119,0.4769842927815458,-0.003685574567071493,0.9341214265527876,0.34552815997189185,0.11938970933356127,0.02160272153792898,1.802340425652701,1.7380739840609125,1.828416957250831,4.414354173707543,24.45149275176924,Rayleigh,64QAM
-0.0014686262486535752,0.016138161608128993,0.7789283196345599,0.7517892121426705,0.6067293271287191,0.5651870194940971,-0.00903990589929417,0.9995843541085335,0.41594478331551493,0.17301006276739067,-2.074976028631331e-05,1.8173636562246251,2.1135749274487714,2.126467705494641,6.881550061718714,7.2274401910317625,AWGN,64QAM
0.017271951876938273,0.017954748536526004,0.7044995041242913,0.7083672357650675,0.4963195513113724,0.5017841407054429,-0.008877618417781638,0.9407306320275963,0.33726882942012837,0.11375026329842364,0.010499458787218238,1.7789972982296003,1.7552641609896786,1.7541688864523695,4.0345171329857745,28.09684193893659,Rayleigh,64QAM
0.0018373888365590934,-0.013754491327202125,0.7080454132211624,0.7159845811875571,0.5013283071835267,0.5126339204983216,-0.004918546665284045,0.9491842375752524,0.336458129415745,0.1132040728499422,-0.0010053682493318214,1.7800989414112682,1.744061130550589,1.7385546865781774,4.291843943484467,24.36087074107259,AWGN,64QAM
-0.005930645524054085,-0.022670191144067483,0.7146315301899077,0.7118730013606875,0.5106982239415688,0.5067631700662735,-0.0271920517402583,0.9456353455198508,0.35182992685988945,0.12378429743423515,0.0008200900480581355,1.8015103854974583,1.745784938038009,1.7598562422440083,4.131040245218142,25.030532140412667,AWGN,64QAM
-0.030612090910876414,-0.010230284635966548,0.7886570503346052,0.7907916568220352,0.62197994304248,0.6253514444993395,-0.00981251466752184,1.0302881897323302,0.4322954920810145,0.18687939247356644,-0.02676399809735872,1.836401906159915,2.1768244345177035,2.197272056552806,6.888350762067947,6.059139102248219,AWGN,64QAM
-0.015227872671444596,-0.004021563503157309,0.7360935436545656,0.7264611332138552,0.5418337050099358,0.5277457780703587,-0.019868372223380785,0.9659341985126743,0.36986303992569936,0.13679866830307946,0.012419049141506202,1.8149159792315848,1.9138207608345785,1.9231492667058008,6.120231582537556,11.448474746759477,AWGN,64QAM
0.002667986463507552,-0.0031815152491219134,0.7605041386434098,0.7705423977478203,0.5783665448937547,0.59373558672696,-0.017764647004368018,1.0010427220954399,0.4123503854145362,0.17003284035151658,0.0620156500876407,1.7993260791170993,2.074580194611094,2.091629408560472,6.01498431068615,7.746476019472258,Rayleigh,64QAM
0.002882304322920053,0.002738797967215108,0.7230619605716281,0.7081638884939491,0.5228185988256866,0.5014960929668704,0.0016488966396742493,0.9469805969684013,0.35715297765865295,0.12755824945044225,-0.004480860931254334,1.803917493260048,1.806983455472745,1.8550961354042501,5.0229680815749145,15.781895450536508,AWGN,64QAM
-0.025340404155704335,-0.009801037595188127,0.7175421191151791,0.7132591970663427,0.5148666927043019,0.5087386821997238,0.01706681871061905,0.9470956312920672,0.35686613248138765,0.12735343651222333,-0.05182446229563951,1.8390079418303744,1.8215076648540667,1.843584915415469,5.062598748474753,15.681071279948556,Rayleigh,64QAM
-0.007153164917086892,0.03637411210891309,0.7182678513471056,0.7123658066631101,0.5159087062787877,0.5074650425027836,-0.0068019968168959045,0.9499913893551353,0.34966319899685433,0.12226435273271374,0.05870082741362636,1.8038611551898278,1.760284294309693,1.7751836161642363,4.398891573101787,21.928961640490616,Rayleigh,64QAM
0.00041071012889662867,0.015504711012848919,0.804499773494766,0.805526783527624,0.6472198855531298,0.6488733989803596,-0.01888815483622516,1.0509512919516273,0.4379899898686006,0.19183523122509685,0.05013109543375243,1.8087714824000591,2.143172350122529,2.2000768201386336,6.748073209490286,6.167622648072311,AWGN,64QAM
-0.054713869573276966,-0.0020600322830007715,0.7114587731290801,0.71703064135399,0.506173585862336,0.5141329406405142,-0.00986062013368538,0.9499295173562967,0.34776182915146375,0.12093828981477187,-0.011643195791849548,1.8564046734855644,1.7953282405571476,1.745057742385892,4.439388133218358,22.087736493863723,AWGN,64QAM
-0.0065473960862488835,-0.004892296258011528,0.7254068288611506,0.7198558412050092,0.5262150673583906,0.5181924321169714,-0.0003620594201330205,0.9493509376890917,0.37842713901409164,0.14320709954239064,-0.022314231159091348,1.8197970088647066,1.9546023119130898,1.9702849122037376,5.831091949704375,11.485856123776598,AWGN,64QAM
-0.010089002636539272,-0.017272250849311565,0.7057086735002828,0.6984428421691494,0.49802473185352863,0.48782240377731934,-0.008293432611228526,0.9314706246731849,0.3443976330136379,0.11860972962539641,-0.03090456100280447,1.8037504521466583,1.763779490270195,1.790483614548556,4.424431577125713,24.845996811692135,Rayleigh,64QAM
-0.0048483027866674895,-0.008267145107615876,0.7169953483594229,0.7420683155110342,0.5140823295690502,0.5506653848853839,0.0009966610207725022,0.9591918829147738,0.3805134661651104,0.14479049793298662,-0.035063675367743116,1.802107549598323,2.027217140641123,1.8952847170768594,5.608341377569586,10.746222158516417,AWGN,64QAM
0.01725353034924927,0.0033730058541631886,0.7083589223056973,0.7142578646787447,0.501772362810089,0.51016429725544,0.0037639768307970232,0.9488583608530736,0.3345348002566428,0.11191353258275187,0.010572003465881994,1.782248327569601,1.7581440106594186,1.7224348925936477,3.993210267571482,27.150749724853,Rayleigh,64QAM
0.0010339977358198099,-0.0009774397273976073,0.7696583740040897,0.7752549809826,0.5923740126746191,0.6010202855383315,-0.0007681582792255524,1.0078982287465226,0.4213519707350508,0.17753748324231114,-0.011040514809591017,1.8025812785645738,2.1278518515241194,2.144205191538424,7.054652598476134,6.756734118474624,Rayleigh,64QAM
0.0025287376131935546,0.013618592795199749,0.7177517420619866,0.702993763286422,0.5151675632330165,0.49420023121960605,-0.006931795389524834,0.9400838014540186,0.35468591920179393,0.12580210128002148,0.059676171144687,1.8012082779057987,1.78006073808786,1.8062213200513118,4.780237437888823,18.780589848378675,Rayleigh,64QAM
-0.010848306856712127,0.01979387260250028,0.7144250600678622,0.7341267948636936,0.5104031664529685,0.5389421509368397,-0.005810528602246587,0.9583219763709407,0.3625931468582431,0.13147379014856347,0.056743135491075423,1.8016426805323458,1.8682541942228839,1.8382300731782648,5.01721360654603,13.723301881358173,AWGN,64QAM
-0.012145599256832272,-0.01779791193086265,0.7098580325551097,0.7023330550333423,0.5038984263830112,0.4932717201924678,-0.003480452751547377,0.9356347241234625,0.3496027614883748,0.1222220908402975,-0.022671775259088194,1.8168847442005027,1.769186292080503,1.8213716107908091,4.585328571304479,22.11825566244124,Rayleigh,64QAM
-0.013788177707307633,-0.0007943886989372797,0.7156165411870442,0.7019895846110613,0.5121070340205086,0.4927893769024104,0.0018186972663958312,0.9429626538067726,0.3404535054107992,0.1159085893465011,-0.023126984385518592,1.8222304458808776,1.7318466323389434,1.777361353894821,3.90070573787255,29.857610693857364,Rayleigh,64QAM
-0.03203466237215125,-0.028722033400567604,0.7437021352068591,0.7461003979489782,0.5530928659112413,0.5566658038196236,-0.014349284349620833,0.9796912354091022,0.38963435139809377,0.15181492778941322,-0.025791155365641596,1.8361190198258628,1.8905973057302257,1.9535072400138629,5.971096623881428,10.947881339691236,Rayleigh,64QAM
-0.0049936811655950835,0.022638180147846694,0.720841878849132,0.7287742072494514,0.5196130143027466,0.5311118451520663,0.0014596411868451375,0.9572740548184955,0.3672719257963495,0.13488866747815922,0.0556142837287216,1.808167348959202,1.8898838876780892,1.8961279856246889,5.936090641833699,12.121160163276567,AWGN,64QAM
0.021483117355601496,0.016639905087797117,0.7757542175295418,0.7630804584256848,0.6017946060148716,0.5822917860311533,0.009951389377510982,1.0001227782399156,0.4296268511910571,0.1845792312643427,0.001659005288765202,1.7912502848856606,2.0741798166904912,2.152720621412215,7.293331075474617,7.603277148757726,AWGN,64QAM
0.002225850649802746,-0.003625613232230669,0.7097520721591967,0.7037247071524971,0.5037480039342734,0.4952284634568679,-0.005485481141844994,0.9375977117768135,0.3462731548134355,0.11990509774444948,0.025007391560059117,1.7962369278328338,1.8119299566780669,1.7936471452782154,4.559468051981371,20.77120407382892,AWGN,64QAM
-0.012202028666573835,0.016845015126027662,0.7147576886710578,0.7080436382187444,0.5108785535143928,0.5013257936220362,0.010772261024108692,0.9444572057264611,0.3473292065547759,0.12063757772597018,0.002105619564138977,1.8062954897516845,1.760240527581764,1.7576757323092544,4.227962091845219,24.058833120704172,Rayleigh,64QAM
0.02999235821834117,-0.011867693523687332,0.7264173610400967,0.7252470107634723,0.5276821824204582,0.5259832266213521,-0.0042268607526158445,0.9633702760701539,0.3558419648206139,0.12662350392739505,0.019645577272165878,1.7696046156803389,1.851978891557038,1.8537107739648047,5.251249310572445,13.780586428093107,Rayleigh,64QAM
0.013930789110841686,0.016342923224269806,0.718268212954795,0.7158525367674581,0.5159092257412747,0.512444854396405,-0.009482695086564494,0.9591490110106391,0.3299218283772046,0.10884841283975764,0.0003252284812869028,1.7898053127473996,1.7037068634147787,1.7304040499554767,3.9860875324739933,28.633477206809346,AWGN,64QAM
0.012316423704481277,-0.015551876786284979,0.7176921510401907,0.7279278504945828,0.5150820236646959,0.5298789555256637,0.0013360845274803202,0.9566441341222732,0.36081371232846726,0.13018653500424993,-0.01782321862230894,1.7946217182997903,1.8494633601068233,1.8448121624563183,5.52733723671282,14.534750111482232,AWGN,64QAM
-0.0006531207931379916,-0.0004430865409952211,0.7111437357774166,0.7204933390248582,0.5057254129354601,0.5191106515791892,-0.006064356422563467,0.9453419870308211,0.3621673852843759,0.13116521496372158,0.005675079598912096,1.793209288397719,1.885764100260258,1.8605678024716128,5.131601742505004,14.179668471753146,AWGN,64QAM
0.007238783195276936,0.0031239959681762714,0.717756272568206,0.7077970673269895,0.5151740668110047,0.500976688516687,0.010998397531392456,0.946308977195788,0.34743666234194487,0.12071223433931061,0.021926903166792182,1.8031212569298438,1.8010416250773822,1.8051213418863414,5.11865446929969,17.176183417311762,Rayleigh,64QAM
0.014039160885957429,-0.018853625257039156,0.7068466210042772,0.7071773058207772,0.49963214562516434,0.500099741867933,0.018833938754297192,0.9379137492219733,0.3472783375582087,0.12060224373719314,-0.028854587024266735,1.779419562863592,1.7775498404705448,1.7754579411705638,4.194987894066459,24.290163435687575,Rayleigh,64QAM
-0.022217853728851416,-0.013094829595137098,0.720365232326407,0.7086192659097295,0.5189260679446783,0.5021412640184438,0.009161571030836086,0.9522548059655463,0.33903277727246955,0.11494322406508396,-0.07701677986621996,1.8337778356786474,1.7537022881013122,1.7827709678436132,4.445302738688274,24.06316068856043,Rayleigh,64QAM
-0.0042376625793941625,0.00817784681138557,0.711640789522579,0.7089035596760399,0.5064326133123196,0.5025442569213606,-0.008384821016203334,0.9450798127074344,0.340420112227771,0.11588585280916823,0.03508929810444943,1.8059228662932993,1.7405895179091666,1.7477416606879,4.000489594628426,28.44376668440883,AWGN,64QAM
-0.021598510800278612,0.0010755732007475852,0.7208129282565153,0.7259984425460225,0.5195712775417324,0.5270737385792503,0.015572932682206926,0.958527702547049,0.3582419742260229,0.12833731209735846,-0.04093413158099309,1.8275120639217755,1.8101155061953456,1.7976257544488339,4.462838780590467,17.298230345269978,AWGN,64QAM
-0.008078465042620738,0.008978294401878232,0.6985847219352815,0.6971698062407042,0.48802061372139466,0.48604573873370105,-0.009122846591637843,0.9236173311465314,0.3480563882888316,0.12114324942866593,0.06050403584830436,1.8064926348736439,1.7877713212955149,1.786613161968616,4.439547723813739,22.72347041509724,AWGN,64QAM
-0.008270416880977762,0.007897122787327618,0.7051736723965075,0.6993588031561885,0.49726990824117684,0.4891027355520564,0.012125434378570917,0.9316946419101835,0.3441634820442042,0.1184485023727913,-0.04887948453933567,1.8057267700828974,1.793281333830063,1.8093632363753531,4.528399130550725,21.741392855242214,Rayleigh,64QAM
-0.012740007176521035,0.0018783360858145195,0.7738275926255193,0.7932533239476663,0.5988091431086066,0.6292508359540213,0.0032453483816729193,1.0159284993800743,0.44284884457260076,0.19611509913928749,-0.004380609069319863,1.8078515275557356,2.2045941349576235,2.1336100710546773,6.34964118736705,6.047521701139936,Rayleigh,64QAM
0.022418198866495417,0.007577551978400038,0.701958116351972,0.7125973647876456,0.4927451971124088,0.5077950043022968,-0.016039948895396196,0.939826996724618,0.3432570648605702,0.11782541257669372,0.05697477683083787,1.777714531669272,1.765143956571624,1.7652251413570181,4.127823864168812,28.413019122084723,Rayleigh,64QAM
0.022277063861315182,0.008810777605070659,0.7137005496378145,0.7158549320895775,0.5093684745533186,0.5124482837969736,0.014046378728230769,0.9482136039903482,0.35111482015747264,0.12328161693421436,0.03765765169199969,1.7779695330351106,1.7605403537044657,1.7390605838143744,4.050987635546622,24.7192563342266,Rayleigh,64QAM
0.014161025258064931,-0.03767529947213862,0.7178968258975809,0.6938063867050952,0.5153758526338216,0.4813673022327801,0.0065590137985541445,0.938408359792395,0.3431513776236715,0.1177528679650236,-0.09074026268715035,1.7831036885830513,1.802036878168913,1.8230844008230074,4.946856986534992,18.11427793220826,Rayleigh,64QAM
-0.012168106599656307,0.017280982936452655,0.7211422803536247,0.7309680913708628,0.5200461885136258,0.5343143506023621,-0.0003491099679161876,0.9503342977069152,0.38945084016774534,0.15167195690736274,0.04538431670645033,1.8089131435421208,1.9864047348123257,1.9547855714770992,6.575191088939656,11.086139018232567,Rayleigh,64QAM
-0.01594784913444471,-0.021360027692184695,0.7121271478806024,0.7142212263138521,0.5071250747485613,0.5101119601172627,0.029284613099277663,0.9499865733278253,0.3398133753072504,0.11547313003770625,-0.059424139198243346,1.8158234811985667,1.7481331902459796,1.7563539523120815,4.187234148916309,23.072052533436374,Rayleigh,64QAM
0.026969151329278043,0.014657742645477045,0.6974539849281266,0.7065439234596318,0.4864420610921235,0.49920431577773006,0.00016385962971798382,0.9314350188636267,0.3449889375722815,0.11901736704725155,0.0036776885548918865,1.7622347805493606,1.8414629048727396,1.7678305805276213,4.651456511567588,21.946941387363715,Rayleigh,64QAM
0.006698456484159178,0.003749430936658375,0.703580371551416,0.7141892808218749,0.4950253392324285,0.5100663288408669,0.019121243084183604,0.9367265372756115,0.35734295849863396,0.12769398998855644,-0.046076112523856766,1.793137785970214,1.8568923714525962,1.8517864202722745,5.03263834972647,14.798029871325284,AWGN,64QAM
-0.0030764358071521925,0.01809646868437827,0.7050625402025953,0.7128754444360236,0.49711318559693635,0.5081913992798581,-0.007154481752693989,0.9433743241532708,0.3401270586726,0.1156864160412743,0.05672527213354302,1.806160126333548,1.7950156415428544,1.7537686408588333,4.420966644382868,21.212163842447534,AWGN,64QAM
0.011163726447479438,0.00931964467005438,0.7129503883109694,0.711687892286545,0.5082982561927619,0.506499656027265,-0.004103418421989408,0.9471388984974857,0.34342001068366174,0.11793730373796633,0.0661099195905225,1.793392325447507,1.7764560282140462,1.7467460508512236,4.2397188547338125,24.718009295861254,AWGN,64QAM
-0.004950420037010648,-0.0014389887855872476,0.6928065232318393,0.7023452208682858,0.4799808786325891,0.49328880927652113,-0.006684765156273675,0.9245151445225545,0.3443370627812498,0.11856801280481838,0.034017607209102234,1.8135089225891008,1.811567805725182,1.7906735620596923,4.080826018648917,28.145272648249225,Rayleigh,64QAM
-0.009415971807510243,-0.009070182526389619,0.7006865241175316,0.7027083050463372,0.49096160507990827,0.4937989619810961,0.01888595941755337,0.9313427832490461,0.34282957265537434,0.11753211588706661,-0.050334021811656686,1.8117521049131509,1.792139164849205,1.7753619536137426,4.091177975377875,27.79848665965057,AWGN,64QAM
-0.0021105005011742193,-0.005767129647017048,0.7025281304645877,0.7185420474704465,0.49354577409406886,0.5163026739830213,0.0029843528166365063,0.9407562876149057,0.3533606788917554,0.12486376938684225,-0.013917525506707802,1.8121683453036008,1.8136349053208127,1.80056299343245,4.754913354461954,18.350094035474264,Rayleigh,64QAM
0.0033405293844404388,0.010805917310351612,0.7203160466887979,0.6922151523208956,0.5188552071173784,0.4791618171026406,-0.004313573674794483,0.940315869308954,0.3375663151608162,0.1139510171312515,0.05162398091796417,1.8148760488269204,1.7230453662079923,1.8209048122106393,4.089314485506344,26.3678171089834,AWGN,64QAM
0.015035520857919546,0.02601356781152063,0.7252797377616483,0.726278530957578,0.5260306980076054,0.5274805045298976,-8.439217618991581e-05,0.9591235380468143,0.3667369819091304,0.13449601389981783,0.026549239762531335,1.7879648105260402,1.9065728118034875,1.8994663529939464,6.200148192235383,12.568036760851518,Rayleigh,64QAM
0.018244732189869172,-0.008715684269586018,0.7232124084439179,0.7180897915548007,0.5230361877272524,0.5156529487352172,0.017534643453100334,0.9577745179193632,0.3489497710154976,0.12176594269176824,0.006986307580278868,1.784258472502396,1.7678823405497393,1.7828197388478,4.565675434560126,19.257236209709035,Rayleigh,64QAM
-0.025652757274253805,0.004676011984908835,0.6949992732222369,0.7154895404602563,0.4830239897794375,0.5119252825080286,0.031176522618669315,0.9357114611325523,0.34651589117456766,0.12007326283650482,-0.013838125661059785,1.8302492074655567,1.838902597571036,1.7939652201193155,4.586795950928887,21.646556881724663,AWGN,64QAM
-0.004032224504756905,0.002873693676148577,0.7150251769405017,0.7156732162502426,0.5112610036587958,0.5121881524579666,0.0024798803396696243,0.950226543220294,0.34719330296849615,0.12054318962617397,0.00659920297374516,1.7960831650675135,1.7661383761929281,1.7468207596598673,4.8466881616996265,19.71093510969149,AWGN,64QAM
-0.021901470839615605,-0.01802296059863107,0.7119786678420202,0.7087612862206898,0.5069136234620978,0.5023425608452066,0.008858781724938314,0.9410915022665449,0.3527144315202887,0.1244074702026804,-0.053458285447417736,1.8274194382439009,1.7927164534081736,1.8269628725090064,5.00055170871862,19.11667897282576,AWGN,64QAM
-0.03408689238140294,0.02024400234875025,0.7118083697098972,0.7044863051231659,0.5066711551890617,0.49630095410609043,0.0006257422666518461,0.935515586183585,0.35965877323659584,0.12935443316605308,0.09121256504528302,1.841725609208502,1.8408038092704666,1.8737353287501521,4.9410319319293405,15.691364052841953,Rayleigh,64QAM
-0.006286552697787934,-0.019045222369633172,0.7031768711488814,0.7002973823240805,0.49445771211873046,0.49041642368995936,-0.00032132391251149577,0.9309414777151277,0.3444188469265221,0.11862434211819506,-0.0517446399661211,1.8109208182049046,1.794364576179002,1.8084903406864314,4.999728239802472,19.932198268382557,Rayleigh,64QAM
0.0021629492896962812,0.0009137603242081872,0.7445206670364498,0.7594339953312662,0.5543110236444002,0.5767399932648096,-0.005404967091758133,0.9889743152165377,0.39113467509126587,0.15298633405875012,0.07613346356586569,1.807421881171233,2.0350371274327372,1.9557723421707254,6.728016636051633,9.07970585879712,AWGN,64QAM
-0.015817482132538623,-0.019456396705663646,0.7049662002863117,0.705196460322709,0.4969773435461202,0.497302047651678,-0.008287657744439044,0.9395644489531524,0.3348533732470656,0.11212678157493863,-0.003251028964521434,1.8160035880473329,1.7780123510505608,1.7627255386067442,4.253139429962063,26.714320913207636,Rayleigh,64QAM
-0.004885039737307902,0.0064512448930367245,0.7065574345767003,0.7021754746993258,0.499223408355608,0.49305039726922356,-0.0012342273514472227,0.9324009673011495,0.3506675405203869,0.12296772397461721,-0.0058024321293605645,1.8215462259743405,1.7908685470629233,1.8239985668984213,4.611141944755523,19.74544928570792,AWGN,64QAM
0.003312265886233057,-0.009965060365199216,0.7132442637870792,0.7133864646816586,0.5087173798251726,0.5089202479909952,-0.016666311007493988,0.9444056170838815,0.35474770157107954,0.12584593176996373,-0.009261489228139755,1.7957146937305946,1.8335487272637052,1.791945428077896,4.852967718605185,17.006602303897225,Rayleigh,64QAM
-0.028973171478334458,0.0014744261240761723,0.7411311760569601,0.7396304122748731,0.5492754201235728,0.5470531467618988,-0.014034154693370684,0.9815972078404576,0.36556409430248665,0.13363710704319734,-0.00828692575353525,1.8298878968875933,1.8411149235907605,1.866611532619986,5.724189088501531,11.934104803762214,AWGN,64QAM
0.011509766942459707,-0.00016916570547748625,0.7081072763519339,0.7003081635362259,0.5014159148225541,0.49043152391548134,-0.022976457239073933,0.9308801073608817,0.35417815829033644,0.1254421678099346,0.027690216538778303,1.7846896785612083,1.8089621073321989,1.8090724505571303,4.595968852069313,19.833939169852616,AWGN,64QAM
0.02067733756615162,0.005500655692759664,0.7032290581935089,0.7134515663219697,0.49453110828772956,0.509013137487272,4.359903997711187e-05,0.9409334630713416,0.34445068347943325,0.1186462733494487,0.02326217659880739,1.7839106363425952,1.8112893731541748,1.779588841634074,4.429690959973007,21.524735078265714,AWGN,64QAM
0.01929791081317475,0.0036198527506108268,0.7130161025059154,0.7076098612815596,0.508391962432726,0.500711715782908,-0.011203042318426814,0.9403843227861958,0.35378880192746515,0.12516651636927117,0.025878065658434125,1.779701800015807,1.8047958384385574,1.8177113136051188,4.892509252437091,16.14672399451983,Rayleigh,64QAM
0.0032392902720237158,-0.047193485318748105,0.7004827757916009,0.7161926364596614,0.49067611918070625,0.5129318925190407,0.0056438270130600866,0.9443080002770653,0.3378285517395981,0.11412813037047431,-0.11824850453631691,1.7860499535869625,1.8149230939313434,1.7432827815037033,4.322575060730497,24.42890226188233,AWGN,64QAM
-0.023053455865857626,-0.0018242305307727283,0.7224382348031643,0.7158899246035411,0.5219170031055119,0.5124983841488637,0.02282922338427591,0.9576467284937631,0.34331169555370095,0.11786292030395704,-0.03331589425417471,1.8243899199109253,1.7079782034166273,1.7818065262703753,4.016620139165861,28.709560479018915,AWGN,64QAM
-0.027857150205452243,0.01944032058808621,0.6988396745031146,0.7154463726912171,0.4883768906596191,0.51186351219702,0.017289701075087836,0.9402684581115958,0.34247565814115616,0.11728957641921807,0.018688024285686805,1.81944051800533,1.7988389056736456,1.7497056589744389,4.501483198790657,22.700885025936024,AWGN,64QAM
0.012190522663494076,0.004557161479384308,0.8117779623074024,0.8132990571854457,0.6589834600879585,0.6614553564187349,-0.016215815269313698,1.0543783333856107,0.45704980380395505,0.20889452315723378,-0.01297135362087516,1.7849583578170596,2.303777063504154,2.2194211887243536,6.862252512874648,5.072925914453656,AWGN,64QAM
-0.004963312746848597,0.018146886296118086,0.6990016667208774,0.7063367121578717,0.4886033300785646,0.4989115509419922,-0.0033660181012404766,0.9303140548585149,0.349835081586927,0.12238458430893188,-0.0017292168617796685,1.8068121937984731,1.7747247519508809,1.7861148375486107,4.06804163800318,29.059107757875957,AWGN,64QAM
0.0016325511649075482,0.0002358630747780611,0.7857634322638516,0.7808730414659518,0.6174241714830685,0.6097627068882862,0.018465662387168937,1.0207508316589613,0.430415309780669,0.18525733889358925,-0.013213192356485059,1.8066376194874063,2.1510149965772856,2.108104617942839,6.325286130369245,6.65421304459043,AWGN,64QAM
0.011956139745239834,0.006461387982160469,0.7016072608302506,0.7195914352606194,0.49225274844972733,0.5178118337004382,0.0004102814858163841,0.9429400054933752,0.34801354428036657,0.12111342700258268,0.03748371554363983,1.772675807962973,1.7956665297565673,1.7361034889976905,4.498857892159207,22.08394342574936,Rayleigh,64QAM
0.011119757892851818,-0.012541653244912309,0.7479306924081061,0.7494397059450718,0.5594003206460689,0.5616598728470358,-0.004836103627645906,0.9815350579157051,0.3974041590839603,0.15793006565722964,-0.049757566668520804,1.801605887597308,2.049783251540507,2.0078654795314694,6.648769831289414,8.726741424122428,Rayleigh,64QAM
-0.03984749035090792,-0.029926550427378188,0.7003532050261823,0.7157482388695746,0.4904946117904456,0.5122955414448976,-0.005704205765034878,0.9419747990622317,0.34344876193511004,0.1179570520747599,-0.05285335691214107,1.8308182371837938,1.7943599961926113,1.7490178818619493,4.068410214837162,27.727713585324675,AWGN,64QAM
0.020720635195424563,0.01294775615010048,0.7379680413998629,0.7330811930046724,0.5445968301275498,0.5374080355371539,-0.01872555319224882,0.9735073315694001,0.36726738237632034,0.1348853301575543,0.07614515519973891,1.7729755540443928,1.8833807665943525,1.8264211805911792,5.847091267194137,12.204089365322908,AWGN,64QAM
0.03499285775783597,0.014794059080141182,0.8087911178589458,0.7891229065859443,0.6541430723275231,0.622714961698649,-0.008831667728028878,1.0358334524686945,0.45315610671277917,0.2053504570510837,0.04861186216789816,1.7737808194092306,2.2301077346812725,2.258478659980746,8.320003529906124,5.1985514046499715,Rayleigh,64QAM
0.021243314850671224,0.012855072787527256,0.7164791109300452,0.7083171546713801,0.513342316399108,0.5017131916017599,0.00943761681376659,0.9440351556764461,0.35280258526551816,0.12446966417003323,0.015959534463257676,1.7713494383588795,1.7216760220157095,1.7943071821573526,4.094205113388108,25.97772257134202,AWGN,64QAM
0.009923282875529679,-0.006868816356992704,0.7203050551132314,0.7107378014589072,0.5188393724216753,0.505148222422641,-0.004719001236387628,0.949578342263137,0.3499060144242779,0.12243421893028297,-0.02225521716499703,1.7839249693773418,1.760021263710437,1.7803926464068205,4.279297595577428,22.748967110772654,AWGN,64QAM
-0.0013538922435758019,0.015351074491519082,0.7171882872498686,0.7029382521790354,0.5143590393684001,0.4941221863765171,-0.007839853638133868,0.944611795247837,0.3412144055221391,0.11642727053582679,0.0458190942462734,1.8068281587740387,1.7407449347081165,1.7773380365955143,3.993906841466059,28.038704853525687,AWGN,64QAM
0.021807380976795885,0.0007496741539886689,0.7084953746929429,0.7123926658604838,0.5019656959612936,0.5075033103718068,0.001660586222023077,0.9416320353173975,0.35110431537296755,0.12327424027352026,-0.00803036632073965,1.7743469440448991,1.860400163735904,1.8258991932119064,5.300994855570799,16.557301887819463,Rayleigh,64QAM
0.016361412832554083,-0.0001412722634128333,0.711118205788451,0.701276259512694,0.5056891026037856,0.4917883921561154,-0.000443868069747367,0.9363500732671703,0.34784155996688404,0.12099375084019538,0.005825663712831865,1.7885016165823167,1.7601671997830841,1.7948696968820153,4.140443233454316,25.072995135735212,AWGN,64QAM
0.014483020366557726,-0.017766898149821526,0.7091224115044191,0.7041390110741921,0.5028545944978428,0.4958117469165412,0.010313938028800929,0.9402195292989235,0.3393803157051083,0.11517899868809897,-0.07460570339480864,1.7797706256464434,1.7610524648838892,1.7671182190210264,4.063657153611633,27.35979135808585,AWGN,64QAM
0.004934983627674167,-0.0255895945526782,0.7576182000962486,0.7670934405207404,0.5739853371170793,0.5884323464899466,-0.013788550826806653,0.9937832433045,0.41891733116092317,0.1754917303469906,-0.014504142072412109,1.7826611682658493,2.1594480448400604,2.1501148596111324,7.669481996144309,7.4294478922201685,AWGN,64QAM
-0.024401001603739824,-0.006067999729199576,0.7067363817982537,0.7190075281212038,0.499476313357287,0.5169718254949638,0.0025840181407414536,0.948835129372312,0.3417488341183596,0.11679226562125807,-0.01256186280236194,1.8296831783507364,1.7577651163398313,1.745928299750524,4.050713244832258,27.3343439126388,Rayleigh,64QAM
0.004489159619440267,-0.028598313313247716,0.7032392032023745,0.7104157480972882,0.4945453769207106,0.5046905351446297,0.0034367048452189895,0.9393204667466178,0.34314863965154796,0.1177509888947079,-0.04061934939641888,1.785339476709381,1.7804359784949477,1.7592479764116384,4.157585118986603,27.939723656655588,Rayleigh,64QAM
-0.010256997212382513,0.028482030057876345,0.712482035062795,0.7027202750476024,0.5076306502872218,0.4938157849629779,0.020908054416431496,0.9379731453139234,0.3500989088074082,0.1225692459481379,0.004388478934068115,1.8110051686191528,1.8238106196035375,1.82622111744702,5.251731449310041,17.47181116937238,AWGN,64QAM
-0.02816990022672789,0.006424029922511887,0.688435115462122,0.6979469566539672,0.4739429082013452,0.48712995430253486,-0.012907759771143026,0.9169631699733216,0.3479744514408874,0.1210862188555865,0.040574411850807866,1.8217215873549162,1.8230921211559723,1.8118482057938756,4.403628161830744,27.28445868409869,AWGN,64QAM
0.010606447599822337,-0.011976468557484044,0.7134121164492252,0.7133099072951191,0.5089568478965628,0.5088110238453715,0.010887293789317977,0.9444703856809424,0.3549640754265455,0.1259994948434223,-0.06610128343117778,1.7883000615621039,1.7811917093043814,1.7852033741024513,4.260693085116886,22.025247132879002,Rayleigh,64QAM
-0.01793561954875416,-0.025214627738381155,0.7026815600561496,0.7156562538275155,0.49376137484294413,0.5121638736424333,-0.020990694091272077,0.9422947949777043,0.3449104691711846,0.11896323174388669,-0.01140868533358068,1.815645799981784,1.785339470224864,1.75007049741613,4.1325197160534675,27.612194141109207,Rayleigh,64QAM
-0.005329060398356829,-0.0035623354787667457,0.7069469428239935,0.7122093571027867,0.4997739799681907,0.5072421683447647,0.0017608255901897425,0.9421630337076503,0.3455228723927621,0.11938605534654494,-0.067717517120516,1.8083640669888157,1.7568484527497756,1.7530925706410367,3.927975527432057,29.465102118476352,Rayleigh,64QAM
0.031299358800183426,-0.018330069659233224,0.7021145871030869,0.7047327832123471,0.4929648934229383,0.4966482957342211,0.011158153854940263,0.9331236768213981,0.3467117451536501,0.1202090342274896,-0.04686627623608183,1.754956477540205,1.7899938778297981,1.7806934361416937,4.501983487262039,22.12233844006986,Rayleigh,64QAM
-0.0035997036831394917,-0.0034956073575264897,0.7161023502370787,0.7073073506538748,0.5128025760150677,0.5002836882890035,-0.004558169941994651,0.9423619951588564,0.3536457429712608,0.12506531152169506,-0.022461914551598024,1.8075714744017155,1.7957781369470927,1.7963738984376356,4.660054120269486,17.314845954531247,Rayleigh,64QAM
0.01309918843940635,0.004725174796744984,0.7332702555489763,0.7225256892446316,0.5376852676728611,0.5220433716184298,-0.0039206531738465705,0.9604187785862995,0.37083463301682357,0.13751832504472222,0.026759297873142823,1.7986922976078263,1.8654788785426004,1.940214095074265,5.671478334425613,11.889435869478895,AWGN,64QAM
-0.008272547206047517,0.02830495467035481,0.6996715455857874,0.7136575795964137,0.4895402717024045,0.5093071409154116,-0.006318839165447648,0.9385643138177229,0.34469413534588905,0.11881404694185008,0.0927717757684234,1.8021599033922648,1.7877638879149496,1.7325485059406494,3.994375697133461,29.611721931302863,AWGN,64QAM
-0.017878092475447173,0.006058618622595419,0.7177282451488094,0.7273016021270142,0.5151338338843895,0.5289676204565217,0.026651961818563986,0.9571324091508393,0.3582671332179333,0.12835533874419636,0.005369943341063508,1.812261545631645,1.8923725667888245,1.8774742961113737,5.330227138743445,12.957537401325364,Rayleigh,64QAM
0.010666382706716398,0.0039013388321826677,0.7057486757809799,0.7000557641804511,0.49808119336660667,0.49007807296227535,-0.0045076735708494756,0.9329057485898357,0.3434750685881728,0.11797512274165001,0.00923586202680425,1.7863556724387202,1.7581568415176425,1.8006825247733858,4.127632785314302,28.4427171574123,Rayleigh,64QAM
-0.005416304184555911,-0.014137606907085728,0.7409401105976963,0.7511303494248112,0.5489922474925264,0.5641968018270389,-0.005937584425827303,0.981643593210968,0.3870324450320722,0.149794113507504,0.003621383072331977,1.7930123920493564,1.952838635064894,1.9221195054993327,5.659439014058948,10.389914734793273,AWGN,64QAM
0.011843681155780699,-0.006373990013458525,0.7480921863834454,0.7381556511723651,0.5596419193279637,0.5448737653576985,-0.001868890805599353,0.9754445758113933,0.39141341921018086,0.15320446473780477,-0.014102981408593717,1.8082895765879898,1.994822133977888,2.0680259048489065,5.958889815490833,9.423781801582708,AWGN,64QAM
-0.014937025986459006,0.028191661621519756,0.7154405461035761,0.719210267740325,0.5118551750089831,0.5172634092231101,0.010880220695061144,0.9546158913287466,0.34473898645934775,0.11884496878501835,0.05772996881612138,1.8279605139929982,1.7735717163305404,1.7796329524555978,4.584907550201942,20.254521933801215,AWGN,64QAM
0.02975855758754518,-0.01946751542316396,0.706297910796503,0.7049763007274927,0.4988567387955048,0.4969915845874202,0.015286480983568548,0.9347560015687179,0.35120378246913947,0.12334409682063065,-0.04126478113676864,1.7760911434861104,1.81641224797956,1.8103809558982213,4.799659821652364,19.137369721369375,Rayleigh,64QAM
-0.01481105502720849,-0.009630905127449588,0.7103805134558064,0.7239342324216639,0.5046404738977353,0.5240807728719437,-0.008382142864238933,0.9548121984299421,0.3425887245424935,0.11736703418365248,0.02062710352731591,1.8043238104177566,1.7787560913680855,1.7495289932934628,4.749042795875286,19.15559855716275,AWGN,64QAM
0.042209109797566945,0.010923567507634473,0.7554381443945563,0.7481001315421034,0.5706867900062904,0.5596538068133124,-0.014004389005172979,0.9871924246854652,0.3971053345653159,0.15769264674023148,0.040844573946697424,1.7598715520040995,2.072745407398731,2.0133341255415576,6.391707195775752,8.459414720308438,AWGN,64QAM
0.013187283408292201,0.012967247170619756,0.7029468497554742,0.7122545255771311,0.4941342735811452,0.5073065092051041,-0.0031905323648320993,0.9413912912645259,0.3399489277236105,0.11556527346043256,0.031916299254595215,1.776942392403224,1.7570892941513216,1.7496371262632313,3.959542696484291,29.983613522924156,AWGN,64QAM
0.03588778932350418,-0.03566520664056891,0.7264586913413895,0.7179300782783882,0.5277422302254443,0.5154235972968126,0.01650895149335017,0.9605215434076428,0.3508904851364587,0.12312413255929934,-0.11933893603025238,1.7653722850932398,1.7704347637436915,1.8015542359713532,5.15124607853596,16.021262783367266,AWGN,64QAM
-0.013894632129578354,-0.010053355589694874,0.7058001850531638,0.707464985487334,0.49815390122108016,0.5005067056905937,0.017303997959373926,0.9355877336288736,0.3516110498199551,0.12363033035549095,-0.03301994447989946,1.8151981560864792,1.8093973901119913,1.82679890764349,4.3442951062166415,21.196116035311213,AWGN,64QAM
0.004373071215405232,-0.014399102780563541,0.7041343747186866,0.6935989219722926,0.4958052176604757,0.4810794645611264,0.009276380611233436,0.925644361388447,0.34683375897411794,0.12029365636411656,-0.031651070819645584,1.7914236100284626,1.7598108267802657,1.7900028042400207,4.200042068408008,27.069679822647466,AWGN,64QAM
0.009221189669434842,0.017715585175215775,0.7078577831843085,0.7027630161813676,0.5010626412146034,0.4938758569123332,-0.0006207537825034826,0.934410015484081,0.34959303967183897,0.12221529338699598,0.04284566087280721,1.7930939106828998,1.7750077168055427,1.8246749580256036,4.628612136139324,20.209013187978716,Rayleigh,64QAM
0.02305705336164767,-0.004159475907689262,0.7059979592003259,0.7095521187118707,0.4984331183950251,0.5034642091685047,-0.0009663399421813656,0.9405260284877601,0.34330314046061283,0.11785704625011925,-0.0015169545155881462,1.7816495530219818,1.780328023123001,1.7664626151535474,4.093485646642009,27.047388541568395,AWGN,64QAM
0.0005452430630753263,0.0016327422820385975,0.7119983266540444,0.7064729271668558,0.5069416171581593,0.49910399681970563,-0.008948797068741826,0.9393534168377365,0.351658549434664,0.12366373539049205,0.0062809081388340415,1.8121450358781777,1.7624536520436993,1.7960338353689655,4.057607460772622,26.125600676022145,Rayleigh,64QAM
0.0076837011151731985,0.019413424227159148,0.7659577614779587,0.7784238436152441,0.5866912923683255,0.60594368030873,-0.001512292139765622,1.0067485945743806,0.42370763540750145,0.17952816030261617,0.012053448177152986,1.8080022393354747,2.200240320423536,2.1661891313575246,6.68280230176123,6.80080347647136,Rayleigh,64QAM
-0.007153439991896234,-0.011366037018928247,0.741541778628501,0.7451250265041253,0.5498842094515208,0.5552113051227734,-0.0054090279006184525,0.9775580404967537,0.3868541721833626,0.14965615053567477,-0.04279948966045993,1.8170994623550216,1.9844377282808165,1.9738834396133895,6.614453505431147,10.036102987895024,Rayleigh,64QAM
-0.016977419316698324,0.01650742366772584,0.7135422254042609,0.7081047558248489,0.5091425074348651,0.5014123452217688,-0.0029054772539079373,0.9442567788845603,0.3456800775138615,0.11949471598998927,0.057798042147035524,1.8382559574970732,1.7886014908161307,1.808160862427767,4.908355475361146,18.362794406853894,Rayleigh,64QAM
0.023387259961507836,0.014705165759988315,0.7302053798008985,0.7119509532894228,0.5331998966901744,0.506874159889718,-0.005995928565525391,0.9565867197694771,0.3546535069178087,0.1257791099691002,0.014126111215620166,1.7869787606790837,1.8024843616202477,1.8575057932714578,4.988416708755138,14.745833675271953,Rayleigh,64QAM
0.015375458518859703,0.03352683085801732,0.7112154529829976,0.7037034497979349,0.5058274205618105,0.49519854525751467,-0.002097853837281516,0.9349313066101269,0.3581757541370627,0.12828987085165358,0.040460236265142176,1.8096242425975915,1.8356831002638188,1.8852021459938313,5.367482075190434,15.199480209670408,AWGN,64QAM
-0.010174606206615302,-0.004107751418867215,0.7090771931204648,0.7105159792927351,0.5027904658035969,0.5048329568303144,-0.0019349487848631512,0.9408744456069864,0.34999870924167154,0.12249909647083615,-0.020551339174670134,1.8027069465900347,1.771730071331696,1.7637390154682997,4.350247615619048,21.076488222643498,Rayleigh,64QAM
0.01567803616978831,0.021373685892149212,0.7411715184451328,0.7292856883436252,0.5493352197542639,0.5318576152228353,-0.013687410380347008,0.9705931127930103,0.37395785811055154,0.13984447964263141,0.03836646281157407,1.8010817156002152,1.9057531191198085,2.023100140044049,6.1437324532488145,10.910384738201959,AWGN,64QAM
-0.02016860934017048,0.02345826653189616,0.704666855949439,0.7158906303036737,0.4965553778736675,0.5124993945565912,0.015417415646680187,0.94339156451863,0.34644507717205114,0.12002419149674846,0.022723967626736973,1.825282414860179,1.7793606420056465,1.7576099982539368,4.145431570680518,26.29040603552531,AWGN,64QAM
-0.0001749195785233449,0.00863777353698064,0.7371258050049979,0.7287308479863238,0.5433544524042663,0.5310486488068666,-0.0009422218801242613,0.9631113876656328,0.38326778874365053,0.14689419788844754,0.0025763918678548083,1.8125802784315512,1.898770471674413,1.9267151729752054,5.997204099459005,11.311544266872652,Rayleigh,64QAM
-0.023594688783169348,-0.02026518975850612,0.708423900276076,0.7002858688769947,0.5018644224823677,0.49040029814880753,0.025838156389027,0.935101509110719,0.34469881860075224,0.11881727554475431,-0.08459220750493725,1.819118468139497,1.7670035106592474,1.7920841988355694,4.463855308371825,22.197730282854984,Rayleigh,64QAM
0.0060803606038462655,0.016252474551088695,0.7076951839296807,0.711345564873638,0.5008324733572646,0.506012512665395,-0.017990210164532592,0.9384588820121975,0.3555854700478954,0.12644102650918274,0.032646493136508824,1.7918974466693458,1.817658519984418,1.79819213494507,4.7738605604039694,19.288640394366695,AWGN,64QAM
-0.010144705954838738,0.006727185572835773,0.7069525105469845,0.7105221220543992,0.4997818521686842,0.5048416859286866,0.024256816715852936,0.9399951155133276,0.34811045803465646,0.1211808909930983,0.009099332047048037,1.8108727055008214,1.793930969641704,1.7649350913771014,4.240903350879149,24.591194336938784,AWGN,64QAM
-0.015091741546029271,-0.0007883570299484083,0.7424750752243249,0.7305530775593857,0.551269237329367,0.5337077991314898,-0.006281658508906329,0.9714576038050222,0.37613234723958533,0.14147554263996,-0.023695815374887838,1.829958565567324,1.8744056680756276,1.9199362956386563,5.435408514651881,11.833002641440185,AWGN,64QAM
0.01557469620863731,0.0024614808368420343,0.7109042358136031,0.7019608602098526,0.5053848324977229,0.4927490492665562,0.0015780966823346768,0.9390896548203296,0.3413109022923455,0.11649313202361501,0.0014878994337199636,1.788115738554579,1.7698310501329497,1.7804223106480708,4.219806830015991,25.80091861544309,AWGN,64QAM
0.022359887720232886,-0.016392779010575707,0.7266230714461854,0.7175202192843567,0.5279810879578883,0.5148352650818714,0.003944226184896486,0.9582198018538886,0.3541184154451805,0.12539985215740546,-0.0250717354653089,1.7865548826664306,1.7707401787060952,1.8062337505093915,4.512859859135957,18.062223659679695,Rayleigh,64QAM
0.017105043717336163,-0.0034253445970580648,0.7071458224425904,0.7159724485736737,0.5000552141980076,0.5126165471165819,0.0016484721639172294,0.9460469647596866,0.34346938333678956,0.1179712172897545,-0.012821365210127026,1.7904849604993809,1.838837485304327,1.7889929342563802,4.87952924217865,16.498869487263676,Rayleigh,64QAM
-0.007057296770426497,0.037886189456321544,0.725909979754672,0.7199148000973006,0.5269452987074283,0.5182773193991362,-0.007895955457689516,0.9550516965997169,0.36685697992241195,0.13458404371779298,0.09326774601663303,1.814636789075039,1.866217169099412,1.8793324041891863,5.547574868765631,13.162550559109938,AWGN,64QAM
0.015063471099931648,-0.003004265514104478,0.7046111242145469,0.7009222570563509,0.49647683636688755,0.4912920104369693,0.006599995976572815,0.928664407889493,0.354382841142135,0.12558719809597169,0.011307792747879483,1.8074186843790516,1.8165224321785016,1.834354636434019,4.487791753585685,19.405570976525205,AWGN,64QAM
0.00869499039576526,-0.0027274764818328526,0.7202603876096537,0.7270648550763141,0.5187750259596086,0.5286233034871416,-0.006295254274199398,0.9552741672406247,0.3673317803232146,0.13493263683542242,0.03964152127636275,1.795476439316099,1.9441501295186316,1.8828905824077184,5.280589186523592,12.003946565826238,AWGN,64QAM
0.003328559796953034,-0.007603404266015991,0.7044709883899224,0.7128653479585438,0.4962793734830741,0.5081770043200557,0.0035400186898423935,0.9414100549117271,0.3439075128300969,0.11827237738098327,-0.0276209735715471,1.7878006581265238,1.7820277425026811,1.7573334990166245,4.004569058665673,28.421612761526163,AWGN,64QAM
0.04840271095487307,-0.015699330142442767,0.751110361639346,0.7285279026500364,0.564166775361989,0.530752904939661,0.000874226824941633,0.9740275214254458,0.38571927512396226,0.14877935920215488,-0.004749241825703712,1.7669185934665272,1.8851159682139658,2.007015381249496,6.1283711325068415,10.872993942210957,Rayleigh,64QAM
-0.016469954578430937,0.015929856223979518,0.7717280806223586,0.761632550399873,0.5955642304210698,0.5800841418286151,-0.007837565775655904,1.0039808163220014,0.4101169496987719,0.168195912430225,-0.02210366383309781,1.828842822861401,2.0512549886596645,2.0920359671805056,7.16319114395376,7.852997467224477,Rayleigh,64QAM
0.011411669546378629,0.013740811758062544,0.7110123745490675,0.7175904446654485,0.5055385967619035,0.5149360462751561,-0.015415554001962647,0.94642454165622,0.35365840312012903,0.1250742660974797,0.04958747426920501,1.777523221483039,1.79493549448929,1.7343486075410561,4.492170496367313,20.90871297315502,AWGN,64QAM
0.02233298683816074,-0.00808582780271599,0.7120131967920498,0.7093185433398763,0.5069627924060341,0.5031327959258041,0.009457548072328282,0.9443275902583168,0.3448262367064425,0.11890513352112754,-0.0020227045242119344,1.7725864261286308,1.770987951692341,1.7588845946058207,4.440986000837976,20.737019732135558,AWGN,64QAM
0.006480483424897905,0.017439345434026397,0.7836999278096822,0.7926704092251585,0.6141855768489012,0.6283263776611803,0.015263801125887306,1.021376362193759,0.4468203315612577,0.19964840869651226,0.03928411179024899,1.7937489555607196,2.2121930695456276,2.188078418240473,6.950240235839279,6.122777703821126,Rayleigh,64QAM
0.021744966446468693,0.008905861437869736,0.7069485573209023,0.712485736414369,0.4997762626981052,0.5076359245939256,-0.005131202374910807,0.9436373209946011,0.34280162142538295,0.11751295165187159,0.03888211503701131,1.7795693194223154,1.7740370155042555,1.7761920606018613,4.201142261025529,23.399068116292245,AWGN,64QAM
-0.011019148540336395,0.007722263261316195,0.730869698245764,0.7312891380644594,0.5341705158138541,0.53478380345106,-0.008083171857752279,0.9639288445871991,0.3741344101016804,0.1399765568221324,0.033845302257165574,1.817429777473265,1.90251411877195,1.8621198282457658,5.492057634739881,12.252605961945735,AWGN,64QAM
0.01133816879330241,-0.02102941055475996,0.7130293543731911,0.7093330590146684,0.5084108601978498,0.503153388611107,0.004254592092144714,0.9485822953740458,0.3351517087704154,0.11232666789172933,-0.044602855944695104,1.7870737928841915,1.7490732563088363,1.7440479655143355,4.29169417141472,24.241009301426374,AWGN,64QAM
-0.0033534666943332257,0.025210021230275333,0.7235931463057869,0.7239518194803541,0.5235870413807079,0.5241062369289153,-0.008053768880411583,0.9517105039906425,0.37760718453546593,0.14258718581280141,0.03506396316456435,1.807191432875927,1.9171092387558781,1.9437952774911258,5.451634977909633,11.744772688037001,Rayleigh,64QAM
0.009232585231321186,-0.004979262242456426,0.6948441917004877,0.7116865509708616,0.48280845073990414,0.5064977468328009,-0.011680389294693143,0.9317785479075015,0.3481450400546099,0.12120496891462593,0.0066878862613713045,1.7850541776072206,1.8309674821799322,1.7446024977394516,4.216325364764972,28.476603727858127,Rayleigh,64QAM
0.004394014306243566,0.026324150327603785,0.7055409926130729,0.7182018256466878,0.49778809225744014,0.5158138623622354,-0.01688678505915673,0.9486875432829117,0.3380919521250139,0.11430616809170271,0.08782458217540325,1.7892754936383406,1.7710892951375994,1.7429303968796477,4.141117939043855,24.444007438021785,Rayleigh,64QAM
-0.03355602567455635,0.0288790382673757,0.7046490944960727,0.7080701256923626,0.4965303463741352,0.5013633028979982,-0.006526170908048374,0.9393207467549358,0.3428267633925382,0.11753018969820339,0.09775297026577999,1.8305449213240945,1.832054411512031,1.771721453083691,4.707058464895725,19.4724597581981,AWGN,64QAM
-0.014063900302145204,-0.006811248334174608,0.7010970642441743,0.7115170005314095,0.49153709349179986,0.5062564420452139,0.010088749554710901,0.935518582123388,0.35048923583248337,0.12284270443443814,-0.023053161795995165,1.804767433053618,1.7766899174878787,1.7737731066543094,4.825583594977183,20.800851157376698,Rayleigh,64QAM
-0.01615231773799921,0.003723091297586622,0.7128655823157147,0.7231745469389209,0.508177338450323,0.5229814253403136,-0.009545703094970805,0.951891902434219,0.3540272992975532,0.12533532864791933,-0.01279114247788739,1.8051854289569327,1.813325976223356,1.742709739525099,4.533384135765429,18.341171291448706,Rayleigh,64QAM
0.0016845894654208468,0.013981253057045841,0.7024688601304222,0.7107993349348504,0.49346249945293474,0.5052356945438256,-0.0030903218419834496,0.940692912610059,0.3376290145124916,0.11399335144067627,0.05999542430961595,1.80845757848039,1.7504762517076664,1.7639494254036223,4.081896789996668,27.21437337903085,AWGN,64QAM
-0.01008680415810997,-0.002076798295701094,0.7526369433558626,0.7604198420023045,0.566462368504056,0.5782383361108097,-0.01665850248154046,0.9907033155239573,0.4041209001449801,0.16331370193398898,0.053311099108600296,1.8207609804797757,2.0554465409584184,2.002622129088703,6.259471519667564,9.414616277149495,AWGN,64QAM
-0.013120324429101587,-0.007514601425177283,0.7168282179867949,0.7167259120300467,0.5138426941021239,0.5136960329753022,0.013156193266819884,0.9532577697489937,0.345060811507631,0.11906696363830487,0.004425127255266389,1.812470488300085,1.764476565715166,1.7472544521845905,4.503134630383286,21.455218571002085,AWGN,64QAM
0.027291227011939864,-0.008542124688122507,0.733268445757046,0.7198249449409823,0.5376826135429539,0.5181479513592882,0.015827445191606636,0.9570515697450956,0.37510083539855654,0.14070063671669503,-0.07570859689898725,1.7748099024988355,1.9775362375450627,1.9676342171209695,5.749318378620245,10.824887293839845,Rayleigh,64QAM
-0.00461431183803427,0.02638082798759932,0.77932664731578,0.8047178575447264,0.6073500232164543,0.6475708302513745,0.028886430206945604,1.0257844801622207,0.4510036515209177,0.20340429368520138,-0.005969485062270897,1.795435711504569,2.3372445547003005,2.206895042549232,8.174727278039382,5.759101592844802,AWGN,64QAM
0.0010689124438300478,-0.01614884827621702,0.7170099919920614,0.7253772935880917,0.5141033286164559,0.5261722180531846,0.006704284559101534,0.9563925687211391,0.35475446302912456,0.12585072903908248,-0.018559142665334455,1.7954867126772276,1.8358702128718367,1.8413605236617492,5.191948124197187,14.545436045300521,Rayleigh,64QAM
0.012187303821440692,0.0035509761091629195,0.7057264838794937,0.7182296496754973,0.49804987004891316,0.5158538296729875,0.014232837840879666,0.945029541013331,0.34782755230113294,0.12098400613979736,0.003044213926755083,1.7762310095857525,1.791761915228465,1.7499940093447666,4.215376055417502,26.461599873275286,Rayleigh,64QAM
-3.1755042094100405e-05,0.003711014080880378,0.7216142916960707,0.700541476026406,0.5207271859800218,0.4907583596332556,-0.016784017360372095,0.9423577122887479,0.3513705456310841,0.12346126033708577,0.020052826622040484,1.8070958811903364,1.816929316167634,1.870355174972882,5.173054469400482,15.366936479899824,AWGN,64QAM
0.012474001405183868,0.008961072385841415,0.7362749263186764,0.7556417565912619,0.5421007671255723,0.5709944643043279,-0.015435628343481922,0.9776283467693565,0.39695585214514234,0.1575739485522761,0.060497735603181856,1.7850494328507225,2.0424349044771546,1.921916045489787,5.95960288404874,9.496512329851509,AWGN,64QAM
-0.019929488206554054,0.008305153833061038,0.7220696941233075,0.7174484808979119,0.5213846431713268,0.5147323227427214,0.00549284511395598,0.9566894255873231,0.34832236357117835,0.12132846896381215,-0.0035536408764693197,1.8405585957221058,1.7558065313505382,1.8223734338529325,4.847183348178193,16.92150651302296,Rayleigh,64QAM
-0.012728226916779776,0.00446863877628952,0.7233332762427442,0.7090423579319104,0.5232110285200621,0.5027410653416433,0.005474799268038405,0.9524628833300471,0.3448891506459378,0.11894852623327638,0.005859768867933216,1.8299916638433775,1.73120533304871,1.7459275029492536,3.895779616913992,29.067597085417507,Rayleigh,64QAM
0.010461396378190092,0.014069172578604674,0.6996819800145653,0.7136530727763876,0.4895548731571025,0.50930070828318,0.011875687372581155,0.9373397004562631,0.34721355074373667,0.12055724982007339,0.024299543459368377,1.7829233239774573,1.817499464479892,1.7572663942178477,4.792139069363681,18.722981052857733,Rayleigh,64QAM
-0.013856953235058677,-0.014209582714460685,0.7793538798413713,0.7696524361458361,0.6073924700237986,0.5923648724652204,-0.005523587176054398,1.0030668363334134,0.4404636099963013,0.1940081917309738,-0.0198054923944458,1.8234765495080758,2.183443953947694,2.2425953620858343,7.199332385117888,6.366102683833012,AWGN,64QAM
